category,region,register,approx_count,source
core-banking,US,FDIC Quarterly Banking Profile / BankFind (insured commercial banks and savings institutions),"4,238 FDIC-insured institutions (Q2 2026)",https://www.fdic.gov/news/press-releases/2026/fdic-insured-institutions-reported-return-assets-137-percent-and-net
core-banking,US,NCUA Quarterly Credit Union Data Summary (federally insured credit unions),"4,214 federally insured credit unions (Q2 2026)",https://ncua.gov/files/publications/analysis/quarterly-data-summary-2026-Q2.pdf
core-banking,EU,ECB Banking Supervision list of supervised entities (significant entities; less significant institutions supervised by national authorities),"114 significant entities directly supervised by the ECB (cut-off 1 Jan 2025). Search snippets put less significant institutions at about 1,800, but I did not verify that from an opened page",https://www.bankingsupervision.europa.eu/ecb/pub/pdf/ssm.listofsupervisedentities202502.en.pdf
core-banking,UK,"Bank of England PRA 'Which firms does the PRA regulate' lists (banks, building societies, credit unions; monthly CSV)","About 250+ banks, 44 building societies and about 380 credit unions (September 2026 lists, counts approximate)",https://www.bankofengland.co.uk/prudential-regulation/authorisations/which-firms-does-the-pra-regulate
core-banking,SG,MAS Financial Institutions Directory (Banking sector),"6 local banks, 10 qualifying full banks, 20 full banks, 95 wholesale banks, 21 merchant banks, 3 finance companies (licences overlap)",https://eservices.mas.gov.sg/fid/institution?sector=Banking
core-banking,IN,RBI Report on Trend and Progress of Banking in India 2024-25 (bank-wise RBI lists),"12 public sector, 21 private, 44 foreign, 11 small finance, 6 payments banks, 43 RRBs, 2 local area banks, plus 1,457 urban co-operative banks (end-March 2025)",https://affairscloud.com/rbi-released-the-report-on-trend-and-progress-of-banking-in-india-2024-25/
core-banking,ID,OJK Laporan Surveillance Perbankan Indonesia / Statistik Perbankan Indonesia,"105 commercial banks (bank umum), 1,339 BPR, about 174 BPRS (Q2 2025)",https://www.ojk.go.id/id/kanal/perbankan/data-dan-statistik/laporan-profil-industri-perbankan/Documents/Laporan%20Surveillance%20Perbankan%20Indonesia%20-%20Triwulan%20II%202025.pdf
core-banking,VN,State Bank of Vietnam (SBV) 'He thong cac to chuc tin dung' lists,"33 domestic joint-stock commercial banks (31 Mar 2025). Separate SBV lists cover state-owned banks, foreign banks, finance companies and people's credit funds; not counted here",https://sbv.gov.vn/en/w/danh-s%C3%A1ch-c%C3%A1c-ng%C3%A2n-h%C3%A0ng-tmcp-trong-n%C6%B0%E1%BB%9Bc-%C4%91%E1%BA%BFn-30/3/2025-2
core-banking,MY,Bank Negara Malaysia list of licensed financial institutions; PIDM member banks,"PIDM members: about 29 licensed commercial banks and 17 licensed Islamic banks, digital banks included. Investment banks are listed separately by BNM (about 11)",https://www.pidm.gov.my/general/how-we-protect-you/member-banks
core-banking,TH,"Bank of Thailand financial institutions lists (commercial banks, SFIs)","14 Thai commercial banks and 6 state-owned/specialised banks, plus foreign branches. Source is Wikipedia and is marked as needing update. The BOT page I opened gave no counts",https://en.wikipedia.org/wiki/List_of_banks_in_Thailand
core-banking,PH,BSP Financial System Accounts Table 23 (Number of Financial Institutions),"Head offices: 44 universal/commercial banks, 42 thrift banks, 366 rural and cooperative banks, 7 digital banks (2026p)",https://www.bsp.gov.ph/Statistics/Financial%20System%20Accounts/tab23_nfi.aspx
core-banking,AU,APRA List of registered authorised deposit-taking institutions,"About 165 ADIs: about 95 Australian-owned (banks, mutuals, credit unions, building societies), about 10 foreign subsidiary banks, about 60 foreign bank branches (register updated 10 Aug 2026, counts approximate)",https://www.apra.gov.au/registers/list-registered-authorised-deposit-taking-institutions
card-payments-processing,US,FDIC Quarterly Banking Profile (BankFind institution count),"4,238 FDIC-insured institutions (Q2 2026)",https://www.fdic.gov/quarterly-banking-profile/quarterly-banking-profile-second-quarter-2026.pdf
card-payments-processing,US,NCUA Quarterly Credit Union Data Summary (federally insured credit union list),"4,214 federally insured credit unions (Q2 2026)",https://ncua.gov/files/publications/analysis/quarterly-data-summary-2026-Q2.pdf
card-payments-processing,EU,ECB Consolidated Banking Data (EBA Credit Institutions Register is the per-entity list),"336 banking groups + 2,289 stand-alone credit institutions and non-EU subsidiaries/branches (end-Sep 2025)",https://www.ecb.europa.eu/press/pr/date/2026/html/ecb.pr260213~590707b254.en.html
card-payments-processing,UK,"PRA list of regulated banks and building societies (Bank of England, monthly CSV)","About 300+ banks and about 50+ building societies (Sept 2026 lists; PRA regulates about 1,300 firms in total)",https://www.bankofengland.co.uk/prudential-regulation/authorisations/which-firms-does-the-pra-regulate
card-payments-processing,SG,MAS Financial Institutions Directory (Banking sector),"195 banking institutions listed: 6 local banks, 10 qualifying full banks, 20 full banks, 95 wholesale banks, 21 merchant banks, others",https://eservices.mas.gov.sg/fid/institution?sector=Banking
card-payments-processing,IN,RBI List of Scheduled Commercial Banks,"119 SCBs: 12 public, 21 private, 11 small finance, 4 payments, 28 RRBs, 43 foreign",https://www.rbi.org.in/scripts/bs_viewcontent.aspx?Id=3657
card-payments-processing,ID,OJK Statistik Perbankan Indonesia (Jumlah Bank),"105 commercial banks (Bank Umum) + 1,339 rural banks (BPR), June 2025",https://ojk.go.id/id/kanal/perbankan/data-dan-statistik/statistik-perbankan-indonesia/Documents/Pages/Statistik-Perbankan-Indonesia---Juni-2025/STATISTIK%20PERBANKAN%20INDONESIA%20-Juni%202025.pdf
card-payments-processing,VN,State Bank of Vietnam list of domestic joint-stock commercial banks (Danh sach cac ngan hang TMCP trong nuoc),"33 domestic joint-stock commercial banks (31 Mar 2025). Excludes state-owned, foreign-owned and JV banks and foreign branches.",https://sbv.gov.vn/en/w/danh-s%C3%A1ch-c%C3%A1c-ng%C3%A2n-h%C3%A0ng-tmcp-trong-n%C6%B0%E1%BB%9Bc-%C4%91%E1%BA%BFn-30/3/2025-2
card-payments-processing,MY,Bank Negara Malaysia List of Licensed Financial Institutions / FSP Directory (also lists credit and debit card issuers),"About 27 commercial banks, about 16-18 Islamic banks, investment banks and digital banks. The BNM page gave no count, so the figure comes from Wikipedia (secondary).",https://en.wikipedia.org/wiki/List_of_banks_in_Malaysia
card-payments-processing,TH,"Bank of Thailand financial institutions list (commercial banks, foreign bank subsidiaries and branches, SFIs)",About 30 licensed banks + 6 state-owned SFIs per Wikipedia (secondary). The BOT structure document opened gave no count.,https://en.wikipedia.org/wiki/List_of_banks_in_Thailand
card-payments-processing,PH,BSP Table 23 Number of Financial Institutions,"459 bank head offices (2026p): 44 universal/commercial, 42 thrift, 366 rural/cooperative, 7 digital",https://www.bsp.gov.ph/Statistics/Financial%20System%20Accounts/Table%2023.pdf
card-payments-processing,AU,APRA Register of Authorised Deposit-taking Institutions,"152 entries (87 Australian-owned ADIs, 9 foreign subsidiary banks, 54 foreign bank branches, 2 PPF providers), updated 10 Aug 2026",https://www.apra.gov.au/register-of-authorised-deposit-taking-institutions
loan-origination-servicing,US,FDIC Quarterly Banking Profile (insured commercial banks and savings institutions),"4,238 (Q2 2026)",https://www.fdic.gov/news/press-releases/2026/fdic-insured-institutions-reported-return-assets-137-percent-and-net
loan-origination-servicing,US,NCUA Quarterly Credit Union Data Summary (federally insured credit unions),"4,214 (June 30, 2026): 2,649 federal and 1,565 federally insured state-chartered",https://ncua.gov/files/publications/analysis/quarterly-data-summary-2026-Q2.pdf
loan-origination-servicing,EU,"ECB Banking Supervision, SSM significant and less significant institutions (euro area only; non-euro EU countries are not included)","About 1,912: 112 significant plus about 1,800 less significant (Dec 2025)",https://www.bankingsupervision.europa.eu/about/banking-supervision-explained/html/lsi.en.html
loan-origination-servicing,UK,Bank of England PRA list of regulated banks (CSV),About 270 banks (1 Dec 2025): 150 UK-incorporated plus about 120 UK branches of overseas banks,https://www.bankofengland.co.uk/-/media/boe/files/prudential-regulation/authorisations/which-firms-does-the-pra-regulate/2025/list-of-pra-regulated-banks.csv
loan-origination-servicing,UK,Bank of England PRA list of regulated building societies (CSV),45 building societies (1 Dec 2025),https://www.bankofengland.co.uk/-/media/boe/files/prudential-regulation/authorisations/which-firms-does-the-pra-regulate/2025/list-of-pra-regulated-building-societies.csv
loan-origination-servicing,SG,"MAS Financial Institutions Directory, Banking sector","195 distinct entities: 6 local, 10 qualifying full, 20 full, 95 wholesale, 21 merchant banks, 3 finance companies, plus representative offices",https://eservices.mas.gov.sg/fid/institution?sector=Banking
loan-origination-servicing,IN,"RBI Financial Stability Report, June 2025, Chapter II (stress-test samples; not a full register)","46 major scheduled commercial banks, 1,294 urban co-operative banks (sample) and 158 upper- and middle-layer NBFCs. Secondary sources say about 9,000 RBI-registered NBFCs, but no RBI page confirming that was opened.",https://www.rbi.org.in/scripts/PublicationReportDetails.aspx?ID=1300
loan-origination-servicing,ID,OJK Statistik Perbankan Indonesia (June 2025 edition),"105 commercial banks (Bank Umum) and 1,339 rural banks (BPR), May 2025. BPRS are counted separately.",https://ojk.go.id/id/kanal/perbankan/data-dan-statistik/statistik-perbankan-indonesia/Documents/Pages/Statistik-Perbankan-Indonesia---Juni-2025/STATISTIK%20PERBANKAN%20INDONESIA%20-Juni%202025.pdf
loan-origination-servicing,VN,State Bank of Vietnam list of joint-stock commercial banks,"34 joint-stock commercial banks listed as of 30 June 2026. Other institution types (state-owned, foreign-owned, finance companies, people's credit funds) are listed separately and were not counted.",https://sbv.gov.vn/en/joibt-stock-commercial-banks
loan-origination-servicing,MY,Bank Negara Malaysia list of licensed financial institutions (copy hosted by Affin Bank; undated),"27 commercial banks, 16 Islamic banks and 11 investment banks, plus DFIs (6 prescribed under DFIA 2002)",https://www.affinalways.com/storage/AffinAlways%20Collaterals/Personal%20Collaterals/Loans%20Islamic/Personal%20Financing/PersonalFinancing-ListOfLicensedBanksInMalaysia-ENG-BM.pdf
loan-origination-servicing,TH,Bank of Thailand statistics FI_CB_060 (commercial banks),"32 commercial banks (15 Thai-registered, 17 foreign subsidiaries or branches), August 2026, plus 7 specialized financial institutions",https://app.bot.or.th/BTWS_STAT/statistics/BOTWEBSTAT.aspx?reportID=904&language=ENG
loan-origination-servicing,PH,"BSP Report on the Philippine Financial System, 1st semester 2025","467 bank head offices: 22 universal, 22 commercial, 42 thrift, 375 rural/cooperative and 6 digital banks (end-June 2025)",https://www.bsp.gov.ph/Lists/Report%20on%20the%20Philippine%20Financial%20System/Attachments/34/StatRep_1Sem2025.pdf
loan-origination-servicing,AU,APRA List of registered authorised deposit-taking institutions,"147 ADIs (10 Aug 2026): 79 Australian-owned, 10 foreign subsidiaries, 56 foreign branches, 2 purchased payment facility providers",https://www.apra.gov.au/list-of-registered-authorised-deposit-taking-institutions
mortgage-servicing,US,FDIC Quarterly Banking Profile (insured banks and savings institutions),"4,238 FDIC-insured institutions (Q2 2026). Nonbank servicers (NMLS) are not counted here.",https://www.fdic.gov/news/press-releases/2026/fdic-insured-institutions-reported-return-assets-137-percent-and-net
mortgage-servicing,US,NCUA Quarterly Credit Union Data Summary,"4,214 federally insured credit unions (June 30 2026). 748 have assets over $500M.",https://ncua.gov/files/publications/analysis/quarterly-data-summary-2026-Q2.pdf
mortgage-servicing,EU,"ECB Annual Report on supervisory activities 2025 (SSM significant and less significant institutions, euro area only)","114 significant institutions plus about 1,828 less significant institutions (euro area). Non-euro EU states not included.",https://www.bankingsupervision.europa.eu/press/other-publications/annual-report/pdf/ssm.ar2025~6ee989dc7e.en.pdf
mortgage-servicing,UK,"Bank of England PRA lists of regulated banks, building societies and credit unions (monthly CSVs, Sept 2026)","The PRA regulates about 1,300 firms in total (banks, building societies, credit unions, insurers). The page did not give exact building-society or bank counts. A PRA source in search results gave 42 building societies (Jan 2026), but that source was not opened.",https://www.bankofengland.co.uk/prudential-regulation/authorisations/which-firms-does-the-pra-regulate
mortgage-servicing,SG,MAS Financial Institutions Directory (Banking),"6 local banks, 10 qualifying full banks, 20 full banks, 95 wholesale banks, 21 merchant banks, 3 finance companies. Retail mortgage servicers are mainly the local, QFB and full banks: about 36.",https://eservices.mas.gov.sg/fid/institution?sector=Banking
mortgage-servicing,IN,National Housing Bank list of Housing Finance Companies with Certificate of Registration (non-deposit-taking),"80 non-deposit-taking HFCs (updated 29 Jul 2026). Deposit-taking HFCs are on a separate NHB list, and scheduled commercial banks also service home loans.",https://www.nhb.org.in/list-of-housing-finance-companies-granted-certificate/
mortgage-servicing,ID,OJK Statistik Perbankan Indonesia (June 2025),"105 commercial banks (Bank Umum) and 1,339 rural banks (BPR), June 2025",https://ojk.go.id/id/kanal/perbankan/data-dan-statistik/statistik-perbankan-indonesia/Documents/Pages/Statistik-Perbankan-Indonesia---Juni-2025/STATISTIK%20PERBANKAN%20INDONESIA%20-Juni%202025.pdf
mortgage-servicing,VN,"State Bank of Vietnam, list of joint-stock commercial banks",34 joint-stock commercial banks (June 30 2026). State-owned banks are listed separately: 4 as of Sept 2024.,https://sbv.gov.vn/en/joint-stock-commercial-banks
mortgage-servicing,MY,"Bank Negara Malaysia, List of Licensed Financial Institutions","The count could not be extracted because the BNM table did not render. Search results gave about 24-27 commercial banks and 16 Islamic banks, but those figures are unverified.",https://www.bnm.gov.my/list-of-licensed-financial-institutions
mortgage-servicing,TH,"Bank of Thailand, Thailand Financial Institutions and Financial Service Providers (depositary corporations)","The BOT page gave no count. It covers Thai commercial banks, retail banks, foreign-bank subsidiaries and branches, plus SFIs such as Government Housing Bank, GSB and BAAC.",https://www.bot.or.th/en/our-roles/financial-institutions/Thailand-financial-institutions-and-financial-service-providers/depositary-corporations.html
mortgage-servicing,PH,BSP PhilPaSS (Peso RTGS) participant list,"44 universal/commercial, 38 thrift, 132 rural/cooperative and 7 digital banks: 268 participants as of 23 Sep 2026. These are RTGS participants, not every licensed bank.",https://www.bsp.gov.ph/PaymentAndSettlement/PhilPaSSParticipants.pdf
mortgage-servicing,AU,APRA Register of authorised deposit-taking institutions,"158 ADIs (10 Aug 2026): 88 Australian-owned, 8 foreign subsidiary banks, 60 foreign branches, 2 PPF providers. Non-bank lenders are not covered.",https://www.apra.gov.au/registers/list-registered-authorised-deposit-taking-institutions
insurance-policy-admin,US,NAIC annual statement filings (Life/A&H industry commentary 2024; Health commentary),"736 life companies filed the life annual statement for YE2024. Plus about 1,155 health filers and 2,000+ P&C operating companies (the health and P&C figures come from NAIC search snippets, not verified on an opened page).",https://content.naic.org/sites/default/files/2024-annual-life-industry-commentary.pdf
insurance-policy-admin,EU (EEA),EIOPA Solvency II insurance statistics (solo undertakings). Register of insurance undertakings at register.eiopa.europa.eu.,"2,383 solo (re)insurance undertakings subject to Solvency II in 2021, excluding UK (2,675 in 2020 including 247 UK)",https://www.solvencyiiwire.com/eiopa-erases-uk-from-european-insurance-solvency-ii-statistics/
insurance-policy-admin,UK,Bank of England PRA list of PRA-regulated insurers (as at 1 Dec 2025),About 407 entries authorised to carry out contracts of insurance in the UK (counted from the CSV; about 511 including Gibraltar and EEA branches),https://www.bankofengland.co.uk/-/media/boe/files/prudential-regulation/authorisations/which-firms-does-the-pra-regulate/2025/list-of-pra-regulated-insurers.csv
insurance-policy-admin,SG,MAS Financial Institutions Directory (Insurance sector),"77 direct insurers (16 life, 52 general, 9 composite), 33 reinsurers and 86 captives",https://eservices.mas.gov.sg/fid/institution?sector=Insurance
insurance-policy-admin,IN,"IRDAI list of registered insurers (life, general, health, reinsurers)",26 life insurers and 33 non-life insurers (incl. 6 standalone health) as of 1 Apr 2025. The IRDAI health list now shows 8 standalone health insurers.,https://en.wikipedia.org/wiki/List_of_insurance_companies_in_India
insurance-policy-admin,ID,OJK (Otoritas Jasa Keuangan) insurance statistics / Direktori Asuransi,"144 insurance and reinsurance companies (OJK RDKB press release, Nov 2025)",https://ojk.go.id/id/berita-dan-kegiatan/siaran-pers/Pages/RDKB-November-2025.aspx
insurance-policy-admin,VN,"Ministry of Finance, Insurance Supervisory Authority (Cuc Quan ly, giam sat bao hiem)","85 insurance businesses in 2024, of which 19 are life insurers. Search snippet breakdown: 31 non-life, 1 foreign branch, 2 reinsurers, 32 brokers.",https://theinvestor.vn/vietnams-insurance-premium-revenue-declines-in-2024-for-second-consecutive-year-d13973.html
insurance-policy-admin,MY,Bank Negara Malaysia list of licensed insurers and takaful operators; PIDM insurer members (membership compulsory),47 to 49 insurer members per PIDM (32 insurance companies and 15 takaful operators listed),https://www.pidm.gov.my/general/how-we-protect-you/insurer-members
insurance-policy-admin,TH,Office of Insurance Commission (OIC) licensed life and non-life insurers,"22 life and 58 non-life insurance companies (OIC Insurance Development Plan Vol. 4, 2021-2025)",https://www.oic.or.th/web-upload/1xff0d34e409a13ef56eea54c52a291126/202303/m_page/252/36/file_download/21d111b4240d33863b021aad57f5647d.pdf
insurance-policy-admin,PH,Insurance Commission list of insurance companies with valid Certificate of Authority (as of 28 Feb 2025),"About 74: 7 composite, about 24 life, about 42 non-life and 1 professional reinsurer (counted from an OCR'd PDF, approximate)",https://www.insurance.gov.ph/wp-content/uploads/2025/03/List-of-Insurance-Companies-with-Valid-and-Existing-CA-as-of-28-February-2025.pdf
insurance-policy-admin,AU,APRA Register of general insurance; List of registered life insurers and friendly societies,"82 authorised general insurers (updated 23 Sep 2026), plus 23 life insurers and 9 friendly societies (updated 7 Oct 2025)",https://www.apra.gov.au/registers/list-general-insurance
insurance-claims,US,"NAIC compilation of state insurance department data (Insurance Department Resources Report), in 'State Insurance Regulation: Key Facts and Market Trends 2025'","6,228 domestic insurers in 2024 (excluding captives), plus 4,223 captives",https://content.naic.org/sites/default/files/publications-key-facts-market-trends-new-york.pdf
insurance-claims,EU (EEA),EIOPA Solvency II reporting population (Insurance Risk Dashboard; national registers via EIOPA register),"2,124 solo insurance undertakings and 97 insurance groups (end-2024 / Q2 2025 data)",https://www.eiopa.europa.eu/eiopas-insurance-risk-dashboard-shows-overall-stability-amid-persistent-tensions-2025-10-30_en
insurance-claims,UK,Bank of England PRA list of PRA-regulated insurers (CSV; Financial Services Register is authoritative),"About 408 distinct firms (unique FRNs) authorised to carry out contracts of insurance in the UK, including UK branches of overseas insurers, as at 1 Dec 2025. Gibraltar, supervised run-off and ISPV lists are extra. PRA cites 584 insurers of all types in total.",https://www.bankofengland.co.uk/-/media/boe/files/prudential-regulation/authorisations/which-firms-does-the-pra-regulate/2025/list-of-pra-regulated-insurers.csv
insurance-claims,SG,MAS Financial Institutions Directory,52 Direct Insurers (General) plus 9 Direct Insurers (Composite). Direct life-only insurers not counted here.,https://eservices.mas.gov.sg/fid/institution?category=Direct+Insurer+%28General%29
insurance-claims,SG (composite),MAS Financial Institutions Directory,9 Direct Insurers (Composite),https://eservices.mas.gov.sg/fid/institution?category=Direct+Insurer+%28Composite%29
insurance-claims,IN,"IRDAI list of general insurers (separate IRDAI lists for life, health and reinsurers)",28 general insurers listed. Separate IRDAI page lists 8 standalone health insurers. Life list (about 24 per secondary sources) was not retrievable.,https://irdai.gov.in/list-of-general-insurers
insurance-claims,IN (health),IRDAI list of health insurers,8 standalone health insurers,https://irdai.gov.in/list-of-health-insurers
insurance-claims,ID,OJK (Otoritas Jasa Keuangan) insurance supervision / Direktori Asuransi,144 insurance and reinsurance companies as of January 2025 (OJK press release),https://ojk.go.id/id/berita-dan-kegiatan/siaran-pers/Pages/RDKB-Februari-2025.aspx
insurance-claims,VN,"Ministry of Finance, Insurance Supervisory Authority (Cục Quản lý, giám sát bảo hiểm) data, as reported","End-2025: 32 non-life, 20 life, 3 reinsurers, 1 foreign non-life branch, 31 brokers (86 enterprises in total)",https://www.tinnhanhchungkhoan.vn/nhung-diem-nhan-bao-hiem-2025-post383132.html
insurance-claims,MY,Bank Negara Malaysia Financial Sector Participants Directory,"About 13 life insurers and 18 general insurers listed (directory summary), plus 15 takaful operators (11 family, 4 general) under the takaful tag",https://www.bnm.gov.my/regulations/fsp-directory?p_p_id=com_liferay_asset_publisher_web_portlet_AssetPublisherPortlet_INSTANCE_jXC730NRlqU0&p_p_lifecycle=0&p_p_state=normal&p_p_mode=view&p_r_p_tag=insurer
insurance-claims,TH,"Office of Insurance Commission (OIC / คปภ.) licensed insurer register. The primary list could not be retrieved, so the count is from a secondary source citing OIC.","About 22 life and about 51 non-life licensed insurers (secondary source citing OIC, Sep 2026)",https://www.thailandstarterkit.com/money/insurance-company-thailand/
insurance-claims,PH,"Insurance Commission, Consolidated Insurance Industry Performance","130 licensed life, non-life and mutual benefit association companies as of 30 Sep 2025 (137 a year earlier)",https://www.insurance.gov.ph/wp-content/uploads/2025/11/Consolidated-Insurance-Industry-Performance-as-of-30-September-2025.pdf
insurance-claims,AU,APRA register of life insurers and friendly societies (plus APRA general insurance register),23 registered life insurers plus 10 friendly societies (Oct 2025). About 87 licensed general insurers per APRA quarterly statistics (cited via search; register page not opened).,https://www.apra.gov.au/registers/list-registered-life-insurers-and-friendly-societies
wealth-portfolio-accounting,US,SEC Form ADV (via IAA/Comply Investment Adviser Industry Snapshot 2026),"16,544 SEC-registered investment advisers (2025); state-registered advisers not included",https://www.investmentadviser.org/wp-content/uploads/2026/06/Snapshot-2026.pdf
wealth-portfolio-accounting,EU,EFAMA Asset Management in Europe 2024 (national regulator registers via member associations),"About 3,150 asset management companies in the EU; just under 4,600 in wider Europe (2023)",https://www.efama.org/sites/default/files/files/asset-management-report-2024_0.pdf
wealth-portfolio-accounting,UK,FCA wealth management survey 2025 (FCA Financial Services Register is the primary register; firm count not directly opened),About 400 wealth firms surveyed; top 10 firms serve 89% of clients; about £1tn AUM; secondary report of the FCA survey,https://professionalparaplanner.co.uk/ten-biggest-wealth-managers-hold-89-of-clients/
wealth-portfolio-accounting,SG,MAS Singapore Asset Management Survey 2024 (licensed fund management companies),"1,298 licensed fund management companies (Dec 2024)",https://www.mas.gov.sg/-/media/mas-media-library/publications/singapore-asset-management-survey/asset-management-survey-report-2024.pdf
wealth-portfolio-accounting,IN,SEBI Registered Portfolio Managers,537 registered portfolio managers (Oct 2026),https://www.sebi.gov.in/sebiweb/other/OtherAction.do?doRecognisedFpi=yes&intmId=33
wealth-portfolio-accounting,ID,OJK Statistik Mingguan Pasar Modal (Manajer Investasi),"90 investment managers (MI), June 2025",https://www.ojk.go.id/id/kanal/pasar-modal/data-dan-statistik/statistik-pasar-modal/Documents/3.%20STATISTIK%20MINGGU%20KE-3%20JUNI%202025.pdf
wealth-portfolio-accounting,VN,State Securities Commission of Vietnam (via VnEconomy),43 fund management companies (June 2026),https://en.vneconomy.vn/total-assets-managed-by-fund-management-companies-reaching-325-billion.htm
wealth-portfolio-accounting,MY,"Securities Commission Malaysia Annual Report 2024, market statistics",53 fund management companies offering wholesale funds plus 39 unit trust management companies (31 Dec 2024); total licensed FMC count not extracted,https://www.sc.com.my/api/documentms/download.ashx?id=7c113e0c-8f74-49c4-915f-73d319e4085d
wealth-portfolio-accounting,TH,SEC Thailand List of Licensees,"About 49 private fund management licensees (securities companies) and 49 mutual fund management licensees, heavily overlapping",https://market.sec.or.th/public/orap/COMPANYPROFILE03.aspx?lang=en
wealth-portfolio-accounting,PH,BSP List of Supervised Financial Institutions with Trust Authority,"34 entities (20 universal/commercial banks, 5 thrift banks, 6 trust corporations, 3 NBFIs; some inactive), as of 6 April 2026",https://www.bsp.gov.ph/Lists/Directories/Attachments/3/trust1.pdf
wealth-portfolio-accounting,AU,ASIC Financial Advisers Register,"15,432 relevant providers (individual advisers), 16 Sep 2025; AFS licensee firm count not found in opened sources",https://www.asic.gov.au/about-asic/news-centre/news-items/asic-urges-immediate-action-from-financial-advisers-as-deadline-approaches
trade-finance,US,FDIC Quarterly Banking Profile (insured institutions). Federal Reserve FEDS Note on trade finance concentration.,"4,238 FDIC-insured banks and savings institutions (Q2 2026). About 90% of banks report zero commercial letters of credit (Fed note), so realistic buyers number about 400 or fewer. The top five hold over 75-87% of trade finance volume.",https://www.fdic.gov/news/press-releases/2026/fdic-insured-institutions-reported-return-assets-137-percent-and-net
trade-finance,US (trade-active subset),"Federal Reserve: Y-14, FFIEC 009 and Call Report trade finance data","About 70 FFIEC 009 filers, 40 of them with zero trade claims. 33 Y-14 filers, 17 with zero trade loans.",https://www.federalreserve.gov/econres/notes/feds-notes/trade-finance-activities-of-u-s-banks-what-the-data-can-tell-us-20260508.html
trade-finance,EU (euro area),ECB Banking Supervision: list of supervised entities (SIs and LSIs),"112 significant institutions plus about 1,800 less significant institutions (December 2025). Non-euro EU states are not included.",https://www.bankingsupervision.europa.eu/about/banking-supervision-explained/html/lsi.en.html
trade-finance,UK,"PRA list of regulated banks (monthly CSV, September 2026)",About 200+ UK-incorporated banks plus 100+ UK branches of overseas banks (plus building societies). PRA regulates 686 deposit-takers in total.,https://www.bankofengland.co.uk/prudential-regulation/authorisations/which-firms-does-the-pra-regulate
trade-finance,SG,MAS Financial Institutions Directory (Banking sector),"6 local banks, 10 qualifying full banks, 20 full banks, 95 wholesale banks and 21 merchant banks. That is about 150 licensed banks (some hold several licences).",https://eservices.mas.gov.sg/fid/institution?sector=Banking
trade-finance,IN,RBI list of scheduled commercial banks / Authorised Dealer Category-I banks,"12 public sector, 21 private, 44 foreign and 11-12 small finance banks (about 89 SCBs excluding RRBs and payments banks). Figures come from Wikipedia, which cites RBI, because RBI pages were blocked or returned errors. AD Cat-I banks are reported at about 110 (search snippet only).",https://en.wikipedia.org/wiki/List_of_banks_in_India
trade-finance,ID,OJK Statistik Perbankan Indonesia (Bank Umum),"105 commercial banks (bank umum), June 2025",https://ojk.go.id/id/kanal/perbankan/data-dan-statistik/statistik-perbankan-indonesia/Documents/Pages/Statistik-Perbankan-Indonesia---Juni-2025/STATISTIK%20PERBANKAN%20INDONESIA%20-Juni%202025.pdf
trade-finance,VN,"State Bank of Vietnam licensed credit institutions. Count taken from Vietnamese Wikipedia, which cites SBV; the SBV site was not opened.","49 domestic banks (about 30 joint-stock, state-owned, 2 joint-venture, about 9 wholly foreign-owned), plus about 50 foreign bank branches",https://vi.wikipedia.org/wiki/Danh_s%C3%A1ch_ng%C3%A2n_h%C3%A0ng_t%E1%BA%A1i_Vi%E1%BB%87t_Nam
trade-finance,MY,PIDM member banks (all BNM-licensed commercial and Islamic banks),46 (28 licensed banks plus 18 licensed Islamic banks). Investment banks are not included.,https://www.pidm.gov.my/general/how-we-protect-you/member-banks
trade-finance,TH,Bank of Thailand financial institutions list. Count taken from the US ITA Country Commercial Guide because the BOT page did not show counts.,14 Thai commercial banks plus 11 foreign bank branches. EXIM Thailand and SME D Bank are among 7 specialized financial institutions.,https://www.trade.gov/country-commercial-guides/thailand-trade-financing
trade-finance,PH,BSP list of banks with FCDU/EFCDU authority (30 June 2026),"44 universal and commercial banks with FCDU authority (42 EFCDU plus 2 FCDU), plus 19 thrift banks",https://www.bsp.gov.ph/Lists/Directories/Attachments/5/fcdu.pdf
trade-finance,AU,APRA register of authorised deposit-taking institutions (10 August 2026),"131 ADIs: 64 Australian-owned, 9 foreign subsidiary banks, 56 foreign bank branches, 2 PPF providers",https://www.apra.gov.au/list-of-registered-authorised-deposit-taking-institutions
erp-manufacturing,US,"US Census Bureau, Statistics of U.S. Businesses (SUSB) 2022, NAICS 31-33","239,265 manufacturing firms and 285,500 establishments. By firm size: 44,917 firms with 20-99 employees, 12,392 with 100-499, 4,177 with 500+.",https://www2.census.gov/programs-surveys/susb/tables/2022/us_state_6digitnaics_2022.txt
erp-manufacturing,EU,"Eurostat Structural Business Statistics, Section C Manufacturing (2023)","About 2.2 million manufacturing enterprises (6.5% of business-economy enterprises), employing over 30 million people",https://ec.europa.eu/eurostat/statistics-explained/index.php?title=Businesses_in_the_manufacturing_sector
erp-manufacturing,UK,"ONS UK Business: Activity, Size and Location 2025 (IDBR VAT/PAYE businesses)","About 130,000 manufacturing VAT/PAYE businesses, March 2025 (4.8% of 2.73 million)",https://www.ons.gov.uk/businessindustryandtrade/business/activitysizeandlocation/bulletins/ukbusinessactivitysizeandlocation/2025
erp-manufacturing,SG,EDB Census of Manufacturing Activities via SingStat / data.gov.sg (Manufacturing Establishments by Industry),"9,858 manufacturing establishments in 2024 (10,603 in 2023), including those with fewer than 10 workers",https://data.gov.sg/datasets/d_b58ac78d1926815a12d2574d2dcab331/view
erp-manufacturing,IN,MoSPI / NSO Annual Survey of Industries (factories registered under the Factories Act),"2,60,061 factories in 2023-24, rising to 2,66,931 in 2024-25. Figures are as relayed by a secondary summary; the MoSPI PDFs timed out or returned 403.",https://officerspulse.com/2026/10/02/annual-survey-of-industries-asi-2024-25/
erp-manufacturing,ID,BPS Direktori Perusahaan Industri Besar dan Sedang (IBS) / Statistik Industri Manufaktur,"Not verified. The BPS pages returned 403. A search snippet of the BPS 2023 IPI publication gives a sample frame of 30,072 large and medium manufacturing firms, but it could not be opened.",https://dataindonesia.id/laporan-pemerintah/detail/laporan-statistik-industri-manufaktur-indonesia-2022
erp-manufacturing,VN,"GSO/NSO Sach trang doanh nghiep Viet Nam (Vietnam Enterprise White Book), the official register to use","About 135,642 manufacturing companies in 2023, from B&Company's enterprise database (not official). The NSO White Book pages timed out.",https://b-company.jp/vietnam-manufacturing-outlook-key-data-policy-insights-and-major-players/
erp-manufacturing,MY,DOSM Economic Census 2023: Manufacturing,"54,505 manufacturing establishments (reference year 2022)",https://www.dosm.gov.my/portal-main/release-content/economic-census-2023-manufacturing
erp-manufacturing,TH,NSO 2022 Business and Industrial Census (Statistical Yearbook Thailand 2024),"453,617 manufacturing establishments in 2021. Of these, 10,829 have 51-200 staff and 3,928 have more than 200, so about 14,750 have more than 50.",https://www.nso.go.th/public/e-book/Statistical-Yearbook/SYB-2024/385/
erp-manufacturing,PH,PSA Annual Survey of Philippine Business and Industry (ASPBI),"23,571 formal-sector manufacturing establishments (2022 ASPBI). Figure comes from a search snippet only; the PSA page returned 403.",https://psa.gov.ph/statistics/manufacturing/aspbi
erp-manufacturing,AU,"ABS Counts of Australian Businesses, including Entries and Exits (8165.0), Jul 2022 - Jun 2026 data cube","90,879 actively trading manufacturing businesses at 30 June 2026",https://www.abs.gov.au/statistics/economy/business-indicators/counts-australian-businesses-including-entries-and-exits/jul2022-jun2026/8165DC01.xlsx
erp-distribution,US,"BLS QCEW, Wholesale Trade NAICS 42 (private establishments)","~627,800 establishments (Q1 2026); not firms",https://www.bls.gov/iag/tgs/iag42.htm
erp-distribution,EU,"Eurostat SBS sbs_ovw_act, NACE G46 number of enterprises, EU27","1,584,768 enterprises (2024); 1,624,310 (2023)",https://ec.europa.eu/eurostat/api/dissemination/statistics/1.0/data/sbs_ovw_act?geo=EU27_2020&nace_r2=G46&indic_sbs=ENT_NR&lang=en
erp-distribution,UK,"ONS UK Business: activity, size and location (IDBR snapshot March 2025), SIC 46","~101,000 wholesale enterprises (2025)",https://www.ons.gov.uk/businessindustryandtrade/business/activitysizeandlocation/bulletins/ukbusinessactivitysizeandlocation/2025
erp-distribution,SG,"SingStat Annual Services Survey, key indicators by detailed industry, SSIC 46 (data.gov.sg)","57,715 establishments (2024)",https://data.gov.sg/datasets/d_38d62de582eb7ee2c58d1bba4cd4132d/view
erp-distribution,IN,"MoSPI Fifth Economic Census (2005), Table A-3.10 wholesale trade establishments","852,417 establishments (2005 census, dated; Udyam wholesale breakdown not found)",https://mospi.gov.in/sites/default/files/economic-census/fifth_economic_census/all_india/15_list_of_tables_5ecRep.pdf
erp-distribution,ID,"BPS Sensus Ekonomi 2016 (wholesale+retail, category G)","National category G ~12.3M businesses (wholesale+retail combined), from search summary only. The only BPS file opened was a provincial bulletin (Bangka Belitung: 55,146 trade businesses). No wholesale-only national figure verified.",https://se2016.bps.go.id/umkumb/files/brs/brs_1900.pdf
erp-distribution,VN,GSO/NSO Vietnam Enterprise White Paper 2024 (as reported),"208,995 wholesale enterprises (secondary press report citing White Paper)",https://thoibaotaichinhvietnam.vn/nam-2024-quy-mo-thi-truong-ban-le-se-vuot-moc-25-ty-usd-167223.html
erp-distribution,MY,DOSM Economic Census 2023: Wholesale and Retail Trade (ref year 2022),"475,566 establishments, wholesale+retail+motor combined; wholesale-only figure not published on the page",https://www.dosm.gov.my/portal-main/release-content/economic-census-2023-wholesale-and-retail-trade-
erp-distribution,TH,NSO 2024 Business Trade and Services Survey,"~143,000 (6.8% of 2.1M trade and service establishments are wholesale)",https://www.nso.go.th/nsoweb/storage/survey_detail/2025/20250730135330_21634.pdf
erp-distribution,PH,"PSA Annual Survey of Philippine Business and Industry (ASPBI), wholesale and retail trade section","Not verified. The PSA page returned 403, and search snippets give 125,257 formal establishments (2022) for wholesale+retail+repair combined",https://psa.gov.ph/statistics/wholesale-and-retail-trade/aspbi
erp-distribution,AU,ABS Counts of Australian Businesses (ANZSIC Division F Wholesale Trade),"Current count is only in ABS data cubes and was not extracted. Treasury chart data: 70,450 small wholesale businesses (2013)",https://treasury.gov.au/review/tax-white-paper/chart-data/6-small-business
financial-close-gl,US,"SBA Office of Advocacy, Frequently Asked Questions About Small Business 2026 (Census SUSB-based): firms with 500+ employees","21,041 large firms (500+ employees). Figure comes from a search snippet of the 2026 FAQ; the PDF itself returned 403.",https://advocacy.sba.gov/2026/02/03/frequently-asked-questions-about-small-business-2026/
financial-close-gl,EU,Eurostat Structural Business Statistics: enterprises with more than 249 persons employed,"About 55,000 large enterprises (2024)",https://ec.europa.eu/eurostat/web/products-eurostat-news/w/ddn-20251209-2
financial-close-gl,UK,"Department for Business and Trade, Business Population Estimates 2024","8,250 large (250+) plus 37,800 medium (50-249) private businesses at start of 2024",https://www.gov.uk/government/statistics/business-population-estimates-2024/business-population-estimates-for-the-uk-and-regions-2024-statistical-release
financial-close-gl,SG,SGX listed companies (a proxy; SingStat non-SME count could not be read),"622 listed companies (Jan 2025), 573 tradeable",https://www.sid.org.sg/Web/Web/About/News-and-Press/News_2025/2025-02-06_The_Edge_Revitalising_SGX.aspx
financial-close-gl,IN,NSE listed companies (mainboard plus NSE EMERGE),"2,671 listed companies (Dec 2024): 2,084 mainboard, 587 SME",https://en.wikipedia.org/wiki/National_Stock_Exchange_of_India
financial-close-gl,ID,Bursa Efek Indonesia (IDX) listed issuers,956 listed companies (Dec 2025),https://en.wikipedia.org/wiki/Indonesia_Stock_Exchange
financial-close-gl,VN,"HoSE, HNX and UPCoM listed and registered stocks","About 403 HoSE stocks, about 299 HNX stocks and 824 UPCoM stocks (May 2026), roughly 1,500 issuers",https://vietnamnews.vn/economy/1784883/nearly-300-stocks-to-move-from-hnx-to-hose-under-market-restructuring-plan.html
financial-close-gl,MY,Bursa Malaysia listed companies,"1,074 listed companies (30 Nov 2025, per Baker McKenzie citing Bursa)",https://resourcehub.bakermckenzie.com/en/resources/cross-border-listings-guide/asia-pacific/bursa-malaysia/topics/overview-of-exchange
financial-close-gl,TH,Stock Exchange of Thailand (SET plus mai) listed companies,858 listed companies (June 2025),https://en.wikipedia.org/wiki/Stock_Exchange_of_Thailand
financial-close-gl,PH,Philippine Stock Exchange listing statistics,"282 listed companies (2025): 272 Main Board, 10 SME Board",https://www.pse.com.ph/listing-statistics/
financial-close-gl,AU,ABS Counts of Australian Businesses: businesses with 200+ employees,"5,366 businesses with 200+ employees (30 June 2026)",https://www.abs.gov.au/statistics/economy/business-indicators/counts-australian-businesses-including-entries-and-exits/latest-release
payroll-hr,US,"U.S. Census Bureau, Statistics of U.S. Businesses (SUSB) 2022 annual tables (firms by employment size)","About 5.5 million employer firms with 1-499 employees (2022), plus about 20k firms with 500+ (figure from search snippet, not confirmed on the page opened)",https://census.gov/data/tables/2022/econ/susb/2022-susb-annual.html
payroll-hr,UK,DBT Business population estimates for the UK and regions 2025,"5.7 million private-sector businesses, about 1.4 million with employees, 38,435 medium (50-249), 8,335 large (250+)",https://www.gov.uk/government/statistics/business-population-estimates-2025/business-population-estimates-for-the-uk-and-regions-2025-statistical-release
payroll-hr,EU,Eurostat structural business statistics (2023),"33.1 million enterprises employing 162.2 million. Large (250+) about 0.2% (~66k), medium 0.8% (~265k).",https://ec.europa.eu/eurostat/web/products-eurostat-news/w/ddn-20251013-2
payroll-hr,SG,SingStat Enterprise Landscape by SMEs and non-SMEs (data.gov.sg),"371k enterprises (2025): 369.5k SMEs, 1.5k non-SMEs",https://data.gov.sg/datasets/d_f9c93c1ffcefe660272c101cd733711c/view
payroll-hr,IN,Ministry of Corporate Affairs (MCA21) company master data / monthly information bulletin,"31.4 lakh registered companies and about 21.2 lakh active (31 May 2026), per a secondary summary of MCA data",https://blog.instafinancials.com/2026/06/30/india_corporate_landscape_2026/
payroll-hr,ID,BPS Sensus Ekonomi 2016 (business listing),"26.7 million non-agricultural businesses, mostly micro and informal. No size split on the page read. SE2026 has not been read.",https://www.liputan6.com/bisnis/read/2580796/hasil-sensus-ekonomi-tahap-awal-ri-punya-267-juta-unit-usaha
payroll-hr,VN,Cục Thống kê (NSO/GSO) enterprise statistics,"859,048 enterprises with actual business results at end-2025. More than 1 million registered as operating.",https://www.vietnamplus.vn/ca-nuoc-co-859048-doanh-nghiep-dang-hoat-dong-san-xuat-kinh-doanh-post1123945.vnp
payroll-hr,MY,DOSM Economic Census 2023: Profile of SMEs,"1,069,831 MSME establishments (2022 reference year). The census total is about 1.2 million establishments.",https://www.dosm.gov.my/portal-main/release-content/economic-census-2023-profile-of-small-and-medium-enterprises
payroll-hr,TH,Department of Business Development (DBD) juristic person registry,"2,080,280 registered juristic persons, of which 992,890 are still operating after data cleansing (4 May 2026)",https://www.bangkokbiznews.com/economics/1232502
payroll-hr,PH,PSA 2023 List of Establishments (as tabulated by BSP),"1,246,373 establishments: 1,127,058 micro, 109,912 small, 4,763 medium, 4,640 large (200+ employees)",https://www.bsp.gov.ph/Inclusive%20Finance/EFLP/EFLP_MSMEs_01a.pdf
payroll-hr,AU,"ABS Counts of Australian Businesses, including Entries and Exits","2,814,778 actively trading businesses at 30 June 2026, of which 996,203 employ staff (about 5,366 with 200+ employees and 68,325 with 20-199)",https://www.abs.gov.au/statistics/economy/business-indicators/counts-australian-businesses-including-entries-and-exits/latest-release
procurement-ap,US,U.S. Census Bureau Statistics of U.S. Businesses / Business Dynamics Statistics (employer firms),"About 5.5 million employer firms (2022) plus 29.8 million nonemployer businesses. A 500+ employee count (about 21,000 per SBA Advocacy) could not be opened.",https://www.census.gov/library/stories/2025/05/small-business-week.html
procurement-ap,EU,Eurostat Structural Business Statistics,"33.5 million enterprises (2024 preliminary), of which about 55,000 are large (250+ employees)",https://ec.europa.eu/eurostat/web/products-eurostat-news/w/ddn-20251209-2
procurement-ap,UK,"Department for Business and Trade, Business Population Estimates 2025","5.7 million private-sector businesses; 38,435 medium (50-249) and 8,335 large (250+) at start of 2025",https://www.gov.uk/government/statistics/business-population-estimates-2025/business-population-estimates-for-the-uk-and-regions-2025-statistical-release
procurement-ap,SG,"SingStat Enterprise Landscape (data.gov.sg), based on ACRA-registered entities","371,000 enterprises (2025), of which about 1,500 are non-SMEs (revenue over SGD 100M and over 200 workers)",https://data.gov.sg/datasets/d_f9c93c1ffcefe660272c101cd733711c/view
procurement-ap,IN,Ministry of Corporate Affairs (MCA21) company master data / Monthly Information Bulletin,"About 1.85 million active companies out of 2.85 million registered (31 Mar 2025, per search snippet). The MCA bulletin page returned 403, so this is not verified on the primary page.",https://www.mca.gov.in/mca/html/mcav2_en/home/dataandreports/reports/monthlyinformationbulletin/monthlyinformationbulletin.html
procurement-ap,ID,BPS Sensus Ekonomi 2016 (business listing by scale),"26.7 million non-agricultural establishments; 412,208 medium (menengah) and 35,144 large (besar) (SE2016)",https://se2016.bps.go.id/umkumb/files/buku/00_Indonesia.pdf
procurement-ap,VN,"National Statistics Office (Cuc Thong ke), Ministry of Finance; preliminary 2026 Economic Census","859,048 enterprises operating with business results at 31 Dec 2025 (827,500 non-state)",https://vnexpress.net/ca-nuoc-co-gan-860-000-doanh-nghiep-dang-hoat-dong-5097010.html
procurement-ap,MY,Department of Statistics Malaysia (DOSM) MSME Performance 2024; SSM company register,"MSMEs are 96.1% of establishments (1,086,386 firms, 2024, per search snippet). The large-firm residual of about 44,000 is derived. The DOSM PDF opened gives state-level MSME counts only.",https://www.dosm.gov.my/uploads/release-content/file_20250731094131.pdf
procurement-ap,TH,Department of Business Development (DBD) juristic person register,"967,210 operating juristic persons at end-2025 (2.05 million registered); 1,505 public limited companies per search snippet",https://www.nationthailand.com/business/corporate/40061481
procurement-ap,PH,Philippine Statistics Authority List of Establishments (2023),"About 1.2 million establishments, of which 4,640 are large enterprises (2023, per search snippet). The PSA and DTI pages returned 403/404, so this is not verified on a primary page.",https://psa.gov.ph/content/2022-annual-survey-philippine-business-and-industry-aspbi-all-establishments-employment
procurement-ap,AU,ABS Counts of Australian Businesses,"2,814,778 actively trading businesses (30 June 2026); 996,203 employing; 5,366 with 200+ employees",https://www.abs.gov.au/statistics/economy/business-indicators/counts-australian-businesses-including-entries-and-exits/latest-release
ehr-hospital,US,AHA Annual Survey (Fast Facts on US Hospitals),"6,100 hospitals (5,121 community, 210 federal, 656 nonfederal psychiatric), 2024 survey data",https://www.aha.org/statistics/fast-facts-us-hospitals
ehr-hospital,UK,NHS England Frontline Digitisation programme (secondary-care trusts),206 secondary-care trusts; 19 (9%) had no EPR as of May 2025,https://www.publictechnology.net/2025/05/02/health-and-social-care/nhs-providing-tailored-support-for-19-trusts-yet-to-adopt-epr/
ehr-hospital,EU,Eurostat healthcare resource statistics,"No hospital count in the source opened. Eurostat reports about 2.3M hospital beds (507 per 100,000 people, 2024). The hospitals-count dataset could not be retrieved through the API.",https://ec.europa.eu/eurostat/statistics-explained/index.php?title=Healthcare_resource_statistics_-_beds
ehr-hospital,SG,MOH Singapore Health Facilities statistics,"20 acute hospitals (11 public, 8 private, 1 not-for-profit), 10 community hospitals and 1 psychiatric hospital (2025)",https://www.moh.gov.sg/others/resources-and-statistics/health-facilities/
ehr-hospital,IN,ABDM Health Facility Registry (National Health Authority),"About 3.6 lakh facilities registered (Feb 2025) and about 5.7 lakh (Sep 2026, per search summary). These counts include clinics, labs and pharmacies, not only hospitals. The PIB and dashboard pages returned 403 when opened.",https://www.pib.gov.in/PressReleasePage.aspx?PRID=2101737&reg=3&lang=2
ehr-hospital,ID,Kemenkes RS Online / SIRS (sirs.kemkes.go.id),"3,239 hospitals (Kemenkes, Oct 2025). 3,138 have implemented RME (electronic medical records), but 495 lack complete coverage of the six core services.",https://www.badankebijakan.kemkes.go.id/wajib-integrasi-satu-sehat-kemenkes-desak-percepatan-rme-di-fasyankes/
ehr-hospital,VN,Bo Y te (Ministry of Health) hospital statistics / benhandientu.moh.gov.vn EMR list,"More than 1,800 public and private hospitals. Only 96 used EMR as of Oct 2024.",https://tuoitre.vn/bao-gio-khai-tu-benh-an-giay-202410040934242.htm
ehr-hospital,MY,MOH Malaysia Health Facts,148 MOH hospitals and special medical institutions (Dec 2022) plus 207 licensed private hospitals. The MOH Health Facts PDF itself returned 403.,https://pmc.ncbi.nlm.nih.gov/articles/PMC12227897/
ehr-hospital,TH,Ministry of Public Health hospital statistics (via US ITA guide),"1,356 hospitals, including 294 government secondary or tertiary hospitals and 370 private. Search results also cite 798 MoPH community hospitals and 413 private (2023).",https://www.trade.gov/healthcare-resource-guide-thailand
ehr-hospital,PH,DOH National Health Facility Registry (nhfr.doh.gov.ph),"About 1,341-1,348 hospitals (Nov 2024 to May 2025, per search results). The PSA and FOI pages returned 403, so this figure is not verified from an opened page.",https://www.foi.gov.ph/requests/total-number-of-hospitals-in-the-philippines/
ehr-hospital,AU,AIHW hospitals data and the List of declared hospitals,"703 public hospitals (2024-25). About 633 private hospitals (declared list, Sep 2025, per search summary; not on the opened page).",https://pp.aihw.gov.au/hospitals/overview/hospitals-at-a-glance
medical-billing-rcm,US,AHA Hospital Statistics (2024 AHA Annual Survey),"6,100 hospitals, including 5,121 community hospitals. Physician practices not counted here (CMS NPPES would be the register)",https://www.aha.org/statistics/fast-facts-us-hospitals
medical-billing-rcm,EU,Eurostat healthcare resource statistics (beds). No EU hospital-count table found,About 2.3 million hospital beds in the EU (2024). Hospital count not published on the page read,https://ec.europa.eu/eurostat/statistics-explained/index.php?title=Healthcare_resource_statistics_-_beds
medical-billing-rcm,UK,"NHS Estates Returns Information Collection (ERIC) 2024/25, analysed by the Bennett Institute","207 NHS trusts in England (135 acute, 45 mental health, 15 community, 10 ambulance, 2 care). Private hospitals not counted",https://www.bennett.ox.ac.uk/blog/2026/04/understanding-nhs-trust-types/
medical-billing-rcm,SG,"Ministry of Health Singapore, Health Facilities statistics (May 2025)","20 acute hospitals (11 public, 1 not-for-profit, 8 private), 10 community hospitals, 27 polyclinics, 2,777 private GP clinics, 1,046 private dental clinics",https://www.moh.gov.sg/others/resources-and-statistics/health-facilities/
medical-billing-rcm,IN,"ABDM Health Facility Registry (HFR), National Health Authority, via PIB","363,520 health facilities registered on HFR as of 6 Feb 2025; 159,020 use ABDM-enabled software",https://www.pib.gov.in/PressReleaseIframePage.aspx?PRID=2101737
medical-billing-rcm,ID,"BPS Statistik Indonesia 2024 (Kemenkes RS Online / SIRS is the live register), via Kompas","3,155 hospitals in 2023 (2,636 general, 519 specialty). The Kemenkes SIRS dashboard did not render a count",https://lestari.kompas.com/read/2024/03/18/140000686/jumlah-rumah-sakit-di-indonesia-meningkat-tapi-masih-belum-merata
medical-billing-rcm,VN,"Ministry of Health Vietnam 2024 data, via VietnamPlus","1,645 hospitals, including 384 private",https://en.vietnamplus.vn/healthcare-sector-advances-with-patient-centered-approach-in-2024-post307579.vnp
medical-billing-rcm,MY,"Ministry of Health Malaysia, Health Facts 2024 (reference year 2023)","138 MOH hospitals (149 incl. special medical institutions), 212 licensed private hospitals, 10,495 private medical clinics",https://myhdw.moh.gov.my/public/documents/20186/150084/HEALTH+FACTS+2024/52a11e45-a0ed-4379-b226-1bd2786cc11e?version=1.0&download=true
medical-billing-rcm,TH,"MOPH Strategy and Planning Division, cited in Thailand Health System Review (HiT) 2024","2,054 public hospitals and 382 private hospitals (2021), plus 30,904 private clinics",https://ihppthaigov.net/sa22/publication/download/fl_1721879588746.pdf
medical-billing-rcm,PH,PhilHealth List of Accredited Hospitals and Infirmaries CY2026 (as of 31 Jul 2026),"1,930 accredited hospitals and infirmaries",https://www.philhealth.gov.ph/partners/providers/facilities/accredited/HOSP_073126.pdf
medical-billing-rcm,AU,"Report on Government Services 2026 (Productivity Commission), using AIHW data","704 public hospitals (2023-24). AIHW lists about 633 private hospitals (Sep 2025, search snippet only, page blocked)",https://www.pc.gov.au/ongoing/report-on-government-services/health/public-hospitals/
lab-information,US,CMS CLIA laboratory database (Division of Clinical Laboratory Improvement and Quality),"300,720 registered labs (285,470 non-exempt), Aug 2026. Realistic LIS buyers: 15,292 Certificate of Compliance + 15,541 Certificate of Accreditation labs (~30.8k), including 6,953 CAP-accredited",https://www.cms.gov/regulations-and-guidance/legislation/clia/downloads/statupda.pdf
lab-information,UK,NHS England pathology networking programme (NHS Improvement),"29 pathology networks in England consolidating NHS hospital pathology services (England only; Scotland, Wales and NI not counted)",https://www.england.nhs.uk/wp-content/uploads/2021/05/pathology-networking-state-of-the-nation-2019.pdf
lab-information,EU,Eurostat healthcare resource statistics (hospital beds),"No EU-wide register of clinical labs or hospital count on the pages read. Eurostat reports ~2.3 million hospital beds (2024), 507 per 100,000 people. A hospital count needs Eurostat table hlth_rs_hosp or the national ISO 15189 accreditation bodies.",https://ec.europa.eu/eurostat/statistics-explained/index.php?title=Healthcare_resource_statistics_-_beds
lab-information,IN,NABL 600 Directory of Accredited Medical Laboratories (ISO 15189),"2,150 NABL-accredited medical labs as of 15 Feb 2024 (Maharashtra 292, West Bengal 216, Tamil Nadu 200, Delhi 186)",https://nabl-india.org/nabl/file_download1.php?filename=202402170534-NABL-600-doc.pdf
lab-information,ID,Kemenkes laboratory tiering (Labkesmas),"10,374 puskesmas labs, 231 district/city BSL-2, 28 provincial, 12 regional, 2 national labs (April 2023). Private clinical labs: not on this page; Rifaskes 2019 reportedly listed 403 independent labs (search snippet, not opened)",https://kemkes.go.id/id/kemenkes-tata-ulang-laboratorium-kesehatan-di-indonesia
lab-information,MY,"Department of Standards Malaysia (JSM) SAMM accreditation statistics, MS ISO 15189","83 active accredited medical testing labs (29 government, 47 private, 7 public universities), June 2024. The full CKAPS register of private labs under Act 586 was not found.",https://www.jsm.gov.my/about-us/statistics/accreditation-statistics/laboratories-samm
lab-information,SG,MOH Healthcare Services Act (HCSA) Clinical Laboratory Service licence,"Register exists, but the HCSA page publishes no licensee count. Evidence not found.",https://www.hcsa.gov.sg/clinical-support-services/clinical-laboratory-service
lab-information,TH,DMSc Bureau of Laboratory Quality Standards: list of MOPH-standard and ISO 15189 medical laboratories,"List published, but no count could be read (the page showed '731' without a clear label). Evidence not found.",https://blqs.dmsc.moph.go.th/th/detailAll/3285/nwp/222
lab-information,VN,Ministry of Health hospital licensing (reported by Vietnam Private Hospitals Association),"400+ private hospitals = ~24% of all hospitals in 2024, implying ~1,650 hospitals in total",https://diendandoanhnghiep.vn/hai-dinh-huong-lon-cua-hiep-hoi-benh-vien-tu-nhan-viet-nam-nhiem-ky-2025-2030-10158505.html
lab-information,PH,DOH Health Facilities and Services Regulatory Bureau (HFSRB) list of licensed clinical laboratories,Evidence not found. The HFSRB list and FOI pages could not be opened (403).,https://www.hcsa.gov.sg/clinical-support-services/clinical-laboratory-service
lab-information,AU,Services Australia Approved Pathology Authorities / accredited pathology laboratories (NPAAC/NATA),Evidence not found. The Services Australia and health.gov.au pages timed out. Anchor account: Pathology Queensland runs statewide on Auslab.,https://www.itnews.com.au/news/queensland-health-bins-64m-pathology-system-overhaul-547249
pharmacy-systems,US,NCPA Digest (built on NCPDP pharmacy data); NCPDP dataQ is the full pharmacy register,"18,960 independent community pharmacies (July 2025), ~36% of all US retail pharmacies, implying ~53,000 retail pharmacies in total",https://ncpa.org/newsroom/news-releases/2025/10/19/ncpa-releases-2025-digest-report
pharmacy-systems,EU,PGEU (Pharmaceutical Group of the EU) member associations; national pharmacy registers per member state,"~160,000 community pharmacies in Europe",https://www.pgeu.eu/publications/pgeu-press-release-pgeu-maps-47-pharmacy-services-across-europe-and-calls-for-unlocking-the-full-potential-of-community-pharmacies/
pharmacy-systems,UK,NHSBSA General Pharmaceutical Services statistics (England); GPhC register of premises covers GB,"10,407 community pharmacies open in England at 31 Mar 2025 (11,098 submitted prescriptions in 2024/25); Scotland, Wales and NI not included",https://www.nhsbsa.nhs.uk/statistical-collections/general-pharmaceutical-services-england/general-pharmaceutical-services-england-201516-202425
pharmacy-systems,SG,HSA Listing of Licensed Pharmacies (data.gov.sg),"243 pharmacies in the HSA dataset (queried via data.gov.sg API). Statista reports 370 retail pharmacy licences approved in FY2023, unverified",https://data.gov.sg/datasets/d_bc50d72a9d61457964c6ea8d8ba7dce2/view
pharmacy-systems,IN,State drug-control retail licences (no single national register found); AIOCD membership as proxy,"AIOCD represents 12.4 lakh (1.24M) chemists, pharmacists and distributors",https://aiocd.org/about-us/
pharmacy-systems,ID,Kemenkes Profil Kesehatan Indonesia 2023 (apotek counts),"31,995 apotek plus 8,559 toko obat (2023)",https://databoks.katadata.co.id/layanan-konsumen-kesehatan/statistik/66fb8ce2b3370/data-distribusi-kefarmasian-dan-alat-kesehatan-indonesia-2023
pharmacy-systems,VN,Cuc Quan ly Duoc (Drug Administration of Vietnam) national pharmacy database (CSDL Duoc quoc gia),"~61,900 drug retail outlets (19,100 nha thuoc, 39,000 quay thuoc, 3,800 tu thuoc) as of Nov 2019; ~41,000 connected to the national database",https://vietnamnet.vn/hon-66-co-so-ban-le-thuoc-trong-ca-nuoc-da-ket-noi-voi-co-so-du-lieu-duoc-quoc-gia-i38449.html
pharmacy-systems,MY,"Pharmaceutical Services Programme, MOH Malaysia (community pharmacy listing on pharmacy.moh.gov.my); MOH facilities on MyPhIS",">2,500 community pharmacies (2024 study citing MOH portal) plus 1,342 MOH facilities on PhIS",https://academic.oup.com/ijpp/article/32/2/146/7468528
pharmacy-systems,TH,Thai FDA Drug Control Division licence statistics (drug.fda.moph.go.th),"20,733 licensed pharmacies, 18,178 of them modern pharmacies (KhorYor 1), March 2026. The figure comes from a Thai Tribune article citing FDA data; the FDA PDF itself was not opened",https://thaitribune.org/inside-insight/%E0%B8%A3%E0%B9%89%E0%B8%B2%E0%B8%99-%E0%B8%82%E0%B8%B2%E0%B8%A2%E0%B8%A2%E0%B8%B2-%E0%B8%88%E0%B8%B0%E0%B8%96%E0%B8%B6%E0%B8%87%E0%B8%89%E0%B8%B2%E0%B8%81%E0%B8%AD%E0%B8%A7%E0%B8%AA/
pharmacy-systems,PH,FDA Philippines License to Operate (LTO) verification portal,"Not confirmed: Statista (citing FDA, Aug 2025) count is paywalled; search snippets cite ~29,000 FDA-registered pharmacies (May 2024) and ~53,000 licensed drugstores (2021)",https://www.statista.com/statistics/1295692/philippines-licensed-drug-facility-by-type/
pharmacy-systems,AU,"PBS Approved Suppliers (Department of Health, Disability and Ageing)",">5,900 PBS-approved community pharmacies (FY2023). The exact figure sits behind Statista's paywall; the original source is the Department of Health",https://www.statista.com/statistics/1374448/australia-number-of-pbs-approved-community-pharmacies-by-state-and-territory/
gov-tax,US,"Federation of Tax Administrators membership: principal tax agencies of 50 states, DC, Philadelphia and New York City","53 state/major-city revenue agencies plus IRS; long tail of 90,837 local governments (2022 Census of Governments; 91,438 in 2025), some of which administer property tax",https://taxadmin.org/
gov-tax,US (local),US Census Bureau Government Organization Summary Report 2022 and 2025,"90,837 local governments (2022), 91,438 (2025)",https://www.census.gov/library/publications/2026/econ/govtorg2225.html
gov-tax,EU,"European Commission Taxation and Customs Union, national tax administrations","27 national tax administrations, about 450,000 staff in total (regional and municipal tax offices not counted)",https://taxation-customs.ec.europa.eu/taxation/tax-transparency-cooperation/administrative-co-operation-and-mutual-assistance/tax-administration_en
gov-tax,UK,MHCLG Council Taxbase statistics (billing authorities) plus HMRC (national),1 national (HMRC) plus 296 council tax billing authorities in England; Revenue Scotland and Welsh Revenue Authority not counted from a source read,https://www.gov.uk/government/statistics/council-taxbase-2025-in-england/local-authority-council-taxbase-in-england-2025
gov-tax,SG,IRAS is the single national tax administrator,1 (IRAS),https://www.iras.gov.sg/who-we-are/our-organisation/history-and-milestones
gov-tax,IN,GST Council composition: Union plus 31 states and UTs with legislature (each runs a state tax/commercial tax department),"2 central boards (CBDT, CBIC) plus 31 state/UT tax departments",https://cleartax.in/s/gst-council-members
gov-tax,ID,Kemendagri list of autonomous regions (each collects regional taxes such as PBB-P2 and BPHTB) plus DJP,"1 national (DJP) plus 548 autonomous regions in the 2019 data (34 provinces, 416 regencies, 98 cities); 38 provinces since 2022",https://nasional.kompas.com/read/2023/09/24/00450011/pengertian-daerah-otonom-dan-jumlahnya
gov-tax,VN,Decision 1378/QD-CT (30 June 2025) on tax organization,"1 national tax department, 34 provincial tax units, 350 base-level tax offices (single buyer in practice)",https://luatvietnam.vn/tin-van-ban-moi/to-chuc-lai-20-chi-cuc-thue-khu-vuc-thanh-34-don-vi-thue-cap-tinh-186-102773-article.html
gov-tax,MY,"KPKT list of local authorities (PBT, which levy assessment tax) plus LHDN and RMCD nationally","2 national (LHDN, RMCD) plus 149 local authorities",https://www.kpkt.gov.my/index.php/pages/view/268
gov-tax,TH,"Department of Local Administration (local administrative organizations levy land and building tax); national Revenue, Excise and Customs Departments",3 national revenue departments; DLA covers 76 provinces and 878 district offices; exact count of local administrative organizations not verified in a source read,https://th.wikipedia.org/wiki/%E0%B8%81%E0%B8%A3%E0%B8%A1%E0%B8%AA%E0%B9%88%E0%B8%87%E0%B9%80%E0%B8%AA%E0%B8%A3%E0%B8%B4%E0%B8%A1%E0%B8%81%E0%B8%B2%E0%B8%A3%E0%B8%9B%E0%B8%81%E0%B8%84%E0%B8%A3%E0%B8%AD%E0%B8%87%E0%B8%97%E0%B9%89%E0%B8%AD%E0%B8%87%E0%B8%96%E0%B8%B4%E0%B9%88%E0%B8%99
gov-tax,PH,PSA Philippine Standard Geographic Code (LGUs levy real property and local business tax) plus BIR and Bureau of Customs,"2 national plus 82 provinces, 149 cities, 1,493 municipalities (June 2025, PSA figures from search summary; PSA page returned 403)",https://psa.gov.ph/classification/psgc/node/1684077694
gov-tax,AU,Payroll Tax Australia list of state and territory revenue offices plus ATO,1 federal (ATO) plus 8 state/territory revenue offices,https://www.payrolltax.gov.au/
gov-benefits,US,"MACPAC: one Medicaid program per state, territory and DC",56 state and territory Medicaid programs (each runs an eligibility system),https://www.macpac.gov/medicaid-101/
gov-benefits,US,DOL/GAO: state unemployment insurance jurisdictions,"53 state and territory UI programs ('all 53 states have executed an agreement', GAO-22-104251). Federal buyers add SSA, VA and CMS.",https://www.gao.gov/assets/gao-22-104251.pdf
gov-benefits,EU,European Commission EESSI public repository of social security institutions,"About 3,000 connected institutions in 32 countries (EU27 plus IS, LI, NO, CH, UK)",https://employment-social-affairs.ec.europa.eu/policies-and-activities/moving-working-europe/eu-social-security-coordination/digitalisation-social-security-coordination/electronic-exchange-social-security-information-eessi_en
gov-benefits,UK,DWP plus local authorities that run Housing Benefit and send monthly SHBE returns. No count found in the source. Also Social Security Scotland and NI Department for Communities.,1 central department (DWP) plus a few devolved agencies plus every GB local authority administering Housing Benefit (count not given in the source read),https://www.gov.uk/government/publications/dwp-statistical-summary-policies-and-statements/housing-benefit-caseload-and-flows-statistics-methodology-statement
gov-benefits,SG,ASEAN Social Security Association member institutions,1 (CPF Board). The Ministry of Social and Family Development is not an ASSA member.,https://www.asean-ssa.org/member-institutions/singapore/
gov-benefits,ID,ASEAN Social Security Association member institutions,"2 (BPJS Ketenagakerjaan, BPJS Kesehatan). Taspen and Asabri are not listed.",https://www.asean-ssa.org/member-institutions/indonesia/
gov-benefits,VN,ASEAN Social Security Association member institutions,1 (Viet Nam Social Security),https://www.asean-ssa.org/member-institutions/vietnam/
gov-benefits,MY,ASEAN Social Security Association member institutions,"3 (EPF/KWSP, KWAP, SOCSO/PERKESO)",https://www.asean-ssa.org/member-institutions/malaysia/
gov-benefits,TH,ASEAN Social Security Association member institutions,"3 (Social Security Office, National Health Security Office, National Savings Fund)",https://www.asean-ssa.org/member-institutions/thailand/
gov-benefits,PH,ASEAN Social Security Association member institutions,"5 (SSS, GSIS, PhilHealth, Pag-IBIG/HDMF, Employees' Compensation Commission)",https://www.asean-ssa.org/member-institutions/philippines/
gov-benefits,IN,"No official directory of benefit agencies found. EPFO is the largest buyer (34 crore accounts, formerly 120+ regional databases). ESIC and state welfare departments were not counted.","Not found in a register. At least EPFO, plus ESIC and state and UT welfare departments (unverified).",https://www.businesstoday.in/personal-finance/news/story/epfo-2-01-to-go-live-this-week-new-website-promises-faster-claims-single-portal-quicker-interest-credit-541741-2026-07-08
gov-benefits,AU,"No register read. Core buyer is Services Australia (Centrelink ISIS), per ANAO/iTnews.",About 1 core federal benefits payer (Services Australia). Other federal and state agencies were not counted.,https://www.itnews.com.au/news/centrelink-it-system-risks-largely-managed-during-wpit-overhaul-553896
gov-benefits,Global,ISSA (International Social Security Association) membership,More than 340 member organisations in 165 countries,https://en.wikipedia.org/wiki/International_Social_Security_Association
gov-licensing-permits,US,"US Census Bureau, 2022 Census of Governments (via St. Louis Fed summary)","90,837 local governments. 38,736 are general-purpose: 3,031 counties and 35,705 municipalities/townships. These are the main permitting buyers. State licensing boards are additional.",https://www.stlouisfed.org/publications/regional-economist/2024/march/local-governments-us-number-type
gov-licensing-permits,UK,"MHCLG planning applications statistics (DELTA returns), England","331 local planning authorities in England: 310 district-level and 21 county-only. Scotland, Wales and Northern Ireland are not included in this count.",https://www.gov.uk/government/statistics/planning-applications-in-england-july-to-september-2025/planning-applications-in-england-july-to-september-2025-technical-notes
gov-licensing-permits,EU,CEMR study of national associations of local and regional governments (2024),"About 100,000 municipalities, provinces and regions across Europe. This covers all of Europe, not just the EU. A secondary source puts EU municipalities at about 92,247, but that figure was not checked against a primary source.",https://ccre-cemr.org/wp-content/uploads/2024/04/CEMR_study_association_local_government_EN.pdf
gov-licensing-permits,SG,URA circular DC23-01 on CORENET X (list of participating agencies),"About 10 agencies for building and land permits: BCA and URA (co-leads), NParks, SCDF, LTA, PUB, NEA, SLA, HDB, JTC, with GovTech supporting. Business licensing runs centrally through GoBusiness Licensing (MTI/GovTech). In practice the buyer is central government.",https://www.ura.gov.sg/Corporate/Guidelines/Circulars/dc23-01
gov-licensing-permits,IN,"Local Government Directory (MoPR), as summarised by Bharat Survey","5,051 urban local bodies: 273 municipal corporations, 2,191 municipalities/councils, 2,420 nagar panchayats, 167 notified area councils. State single-window and urban development departments are additional buyers. This is a secondary summary of the LGD.",https://bharatsurvey.org/urban-local-bodies
gov-licensing-permits,ID,Kemendagri regional administration decree (reported by Fortune IDN),514 regencies and cities (416 kabupaten and 98 kota) across 38 provinces. Each runs a DPMPTSP licensing office alongside the central OSS-RBA (BKPM).,https://www.fortuneidn.com/news/jumlah-kabupaten-kota-di-indonesia-terbaru-00-fykp7-49l092
gov-licensing-permits,VN,"Government portal (xaydungchinhsach.chinhphu.vn), Resolution 202/2025/QH15","34 provincial-level units (28 provinces, 6 cities) since 12 June 2025. Search results show 3,321 commune-level units after the merger, but that page was not opened.",https://xaydungchinhsach.chinhphu.vn/chi-tiet-34-don-vi-hanh-chinh-cap-tinh-tu-12-6-2025-119250612141845533.htm
gov-licensing-permits,MY,"Local government in Malaysia (KPKT / JKT counts, via Wikipedia)","155 local authorities (PBT): 20 city councils, 40 municipal councils, 91 district councils, 4 statutory bodies (2024)",https://en.wikipedia.org/wiki/Local_government_in_Malaysia
gov-licensing-permits,TH,"Department of Local Administration counts (via Thai Wikipedia, 1 Dec 2025)","7,843 local administrative organizations: 76 PAOs, 2,770 municipalities, 4,995 SAOs, plus Bangkok and Pattaya",https://th.wikipedia.org/wiki/%E0%B8%A3%E0%B8%B2%E0%B8%8A%E0%B8%81%E0%B8%B2%E0%B8%A3%E0%B8%AA%E0%B9%88%E0%B8%A7%E0%B8%99%E0%B8%97%E0%B9%89%E0%B8%AD%E0%B8%87%E0%B8%96%E0%B8%B4%E0%B9%88%E0%B8%99_(%E0%B8%9B%E0%B8%A3%E0%B8%B0%E0%B9%80%E0%B8%97%E0%B8%A8%E0%B9%84%E0%B8%97%E0%B8%A2)
gov-licensing-permits,PH,PSA Philippine Standard Geographic Code (via Wikipedia list). The PSA site returned 403.,"1,642 LGUs that issue business and building permits: 149 cities and 1,493 municipalities (as of 30 June 2024). There are also 82 provinces.",https://en.wikipedia.org/wiki/List_of_cities_and_municipalities_in_the_Philippines
gov-licensing-permits,AU,"Australian Local Government Association, Facts and Figures",537 councils,https://alga.com.au/about/local-government/facts-and-figures/
courts-justice,US,"BJS State Court Organization 2011 (50 states plus DC court systems; 46 states use both general and limited jurisdiction trial courts, and limited-jurisdiction courts are often county-funded)",51 state judicial systems plus many county and municipal trial courts (no total court count in source). Plus the federal judiciary as a single buyer (CM/ECF),https://bjs.ojp.gov/content/pub/pdf/sco11.pdf
courts-justice,UK,HM Courts & Tribunals Service (gov.uk organisation page),"1 central buyer for criminal, civil and family courts in England and Wales plus reserved UK tribunals (about 18,500 staff). Scotland and Northern Ireland court services are separate buyers (not counted in source)",https://www.gov.uk/government/organisations/hm-courts-and-tribunals-service/about
courts-justice,EU,CEPEJ 2024 Evaluation Report on European judicial systems (CEPEJ-STAT),"44 Council of Europe member states evaluated (EU-27 is a subset). National or Länder justice ministries buy, e.g. 16 German Länder via GeFa. No total court count in the summary",https://eucrim.eu/news/cepej-2024-report-on-european-judicial-systems/
courts-justice,SG,"Singapore Judiciary (Supreme Court eLitigation, CrimsonLogic case study)",1 national judiciary buyer (Supreme Court. State Courts and Family Justice Courts not counted in source),https://www.crimsonlogic.com/case-study-crimsonlogic-elitigation
courts-justice,IN,"eCourts Services / National Judicial Data Grid (Department of Justice, NIC)","2,852+ district and taluka court complexes. Procurement is central through the eCourts Mission Mode Project and NIC, plus 25 High Courts",https://services.ecourts.gov.in/ecourtindia_v6/?p=about_us/index
courts-justice,ID,LEIP compilation of Mahkamah Agung court list (SK KMA No. 19/KMA/SK.OT1.1/2026; Keppres 39-41/2025),"950 courts below the Supreme Court: 395 PN + 34 PT (general), 418 PA + 34 PTA (religious), 32 + 8 (administrative), 22 + 6 (military). Mahkamah Agung buys centrally (SIPP, e-Court)",https://leip.or.id/jumlah-pengadilan-indonesia/
courts-justice,VN,Resolution 81/2025/UBTVQH15 on court reorganisation (Government policy portal),1 Supreme People's Court + 34 provincial People's Courts + 355 regional People's Courts from 1 July 2025. Central buyer: TANDTC,https://xaydungchinhsach.chinhphu.vn/thanh-lap-355-toa-an-nhan-dan-khu-vuc-tai-34-tinh-thanh-pho-11925063008541915.htm
courts-justice,MY,Malaysian Judiciary e-Kehakiman programme (Bernama report),"1 central buyer (Office of the Chief Registrar, Federal Court). CMS deployed at all court locations in Peninsular Malaysia. Sabah and Sarawak run a separate e-Kehakiman. Location count not given",https://www.bernama.com/en/news.php?id=2505009
courts-justice,TH,"Courts of Justice of Thailand, court system page (Office of the Judiciary)","1 central buyer (Office of the Judiciary): 1 Supreme Court, 11 appellate courts (Court of Appeal, Court of Appeal for Specialised Cases, 9 regional), plus provincial, kwaeng and specialised first-instance courts (total not stated)",https://www.coj.go.th/th/content/page/index/id/91994
courts-justice,PH,Supreme Court of the Philippines eCourt programme (3ie impact evaluation brief),1 central buyer (Supreme Court / Office of the Court Administrator). eCourt covered 327 first- and second-level courts in 10 of 146 cities. Total trial court count not in source,https://3ieimpact.org/sites/default/files/2021-02/SC-PWP-IE-brief.pdf
courts-justice,AU,State court services (e.g. NSW Courts and Tribunals listing; Court Services Victoria),"About 9 jurisdictional buyers (6 states, 2 territories, plus Commonwealth courts). NSW alone lists 10 courts and tribunals. National total not in source",https://courts.nsw.gov.au/about-us/about-the-courts-and-tribunals.html
land-registry,US,"US Census Bureau, 2022 Census of Governments (county governments, which hold the recorder offices; New England town clerks add more)","3,031 county governments",https://www.census.gov/content/dam/Census/library/publications/2025/econ/govtorg2225.pdf
land-registry,EU,European Land Registry Association (ELRA) membership,31 organisations representing land registries in 27 European countries,https://www.elra.eu/about-us/
land-registry,UK,"HM Land Registry (England and Wales) is the national registrar. Local authorities migrating Local Land Charges are secondary buyers (110 had migrated by Mar 2025, about one third of the total). Registers of Scotland and LPS NI are separate.",3 national registries plus about 300+ local authorities (LLC),https://todaysconveyancer.co.uk/local-land-charges-programme-completion-date-pushed-back-end-2028/
land-registry,SG,Singapore Land Authority (single national registry),1,https://www.nas.gov.sg/archivesonline/data/pdfdoc/1998102401.htm
land-registry,IN,Department of Land Resources NGDRS adoption list. Land records and registration are state subjects.,31 states and UTs on NGDRS (36 states and UTs in total),https://dolr.gov.in/en/national-generic-document-registration-system/
land-registry,ID,Kementerian ATR/BPN: Kantor Wilayah (one per province) and Kantor Pertanahan per kabupaten/kota. IT buying is centralised at the ministry.,1 central buyer; about 400+ Kantor Pertanahan,https://id.wikipedia.org/wiki/Kantor_Pertanahan
land-registry,VN,Provincial land registration offices under the MPLIS/national land database (63 provinces at the time of the source; merged to 34 in 2025),63 provinces with land databases (now 34 after the 2025 merger),https://www.fig.net/resources/proceedings/fig_proceedings/fig2022/ppt/ts07b/TS07B_Dinh%20Hong%20Phong.pdf
land-registry,MY,State land offices (PTG) under NRES/JKPTG e-Tanah programme,About 13 states plus federal territories; 10 on e-Tanah as of Dec 2025,https://berita.rtm.gov.my/nasional/senarai-berita-nasional/senarai-artikel/sistem-e-tanah-diguna-sepenuhnya-di-seluruh-semenanjung-menjelang-2030
land-registry,TH,Department of Lands (single national buyer) with provincial land offices,1 national buyer; land offices in 77 provinces; about 36.6M parcels,https://cadastraltemplate.org/thailand.php
land-registry,PH,Land Registration Authority and its Registries of Deeds,1 national buyer; 164 Registries of Deeds,https://www.sahi.com.ph/project/land-registration-systems-lares/
land-registry,AU,ARNECC member land registries (one per state and territory),8,https://www.arnecc.gov.au/about_us/membership/
utility-billing-cis,US,EIA Form EIA-861 Annual Electric Power Industry Report (census of all US electric utilities),"About 3,300 electric utilities (2025 early-release data)",https://www.eia.gov/electricity/data/eia861/
utility-billing-cis,US,EPA SDWIS / public water system inventory,"Over 148,000 public water systems in total. The community-water-system subset is about 50,000 but that number was not on the page read. Current Software cites about 45,000 small utilities under 10,000 connections.",https://www.epa.gov/dwreginfo/information-about-public-water-systems
utility-billing-cis,US,American Public Power Association stats (from EIA data),"Public power is 59% of utilities (about 2,000 towns), co-ops 26%, IOUs 5%",https://www.publicpower.org/public-power/stats-and-facts
utility-billing-cis,EU,EU DSO Entity / Eurelectric count of distribution system operators,"About 2,400 DSOs. Retail suppliers are additional and not counted here.",https://www.eurelectric.org/events/power-talks-2400-distribution-system-operators-one-european-entity/
utility-billing-cis,UK,Ofwat licences and licensees (water); Ofgem retail market indicators (energy suppliers),"Water: 11 water and sewerage companies, 9 water-only companies, 6 local water companies. Energy: about 18 active domestic suppliers as of Sept 2025 per search snippets; the Ofgem page could not be opened.",https://www.discoverwater.co.uk/water-sector
utility-billing-cis,SG,EMA licensed electricity retailers / Open Electricity Market retailer list,"Count not confirmed from the page read. About 16 named retailers appeared in search snippets. SP Group bills households by default, and PUB handles water.",https://www.openelectricitymarket.sg/retailer/becoming-a-retailer
utility-billing-cis,IN,PFC / Ministry of Power Annual Integrated Rating & Ranking of Power Distribution Utilities,63 discoms rated in the 13th edition. About 72 distribution utilities in total per search snippet.,https://solarquarter.com/2025/02/25/ministry-of-power-13th-annual-integrated-rating-and-ranking-evaluates-indias-power-distribution-utilities-performance/
utility-billing-cis,ID,BPPSPAM (Kementerian PUPR) Buku Kinerja BUMD Air Minum; PLN as the single electricity distributor,"393 BUMD Air Minum (PDAM) evaluated, out of 398 that exist. Electricity: 1 (PLN).",https://www.slideshare.net/slideshow/bahan-tayang-peningkatan-kinerja-bumd-air-minum_12-12-2024_r2-pptx/274319427
utility-billing-cis,VN,EVN group structure (power corporations),1 group (EVN) with 5 regional power corporations on the shared CMIS. Water companies are provincial; no register count found.,https://en.evn.com.vn/d6/news/CMIS-system-A-breakthrough-in-business-and-customer-service-of-EVN-66-163-2536.aspx
utility-billing-cis,MY,Suruhanjaya Tenaga (electricity licensees); SPAN (water services licensees),"3 main electricity utilities (TNB, SESB, Sarawak Energy). Water: SPAN regulates 12 state water operators in Peninsular Malaysia and Labuan, with 16 water supply licensees per search snippet; not confirmed on a page opened.",https://myenergystats.st.gov.my/electricity1
utility-billing-cis,TH,"ERC Thailand distribution licences (PEA, MEA); PWA/MWA for water","2 electricity distributors (PEA covers 74 provinces, MEA covers Bangkok, Nonthaburi and Samut Prakan) and 2 state water authorities (PWA, MWA)",https://en.wikipedia.org/wiki/Provincial_Electricity_Authority
utility-billing-cis,PH,NEA electric cooperatives list; DOE / ERC distribution utility profiles,121 electric cooperatives plus about 19 private distribution utilities (search snippet; the NEA and DOE pages returned 403 or DNS errors),https://en.wikipedia.org/wiki/List_of_electric_distribution_utilities_in_the_Philippines
utility-billing-cis,AU,AER public register of authorised retailers,"About 152 authorised retailers (144 electricity, 56 gas) per search snippet. The AER page timed out, so the count is unverified.",https://www.aer.gov.au/industry/registers/authorisations
telecom-bss,US,FCC Form 499 Filer Database (interstate telecom carriers and interconnected VoIP providers registered with USAC),"No total shown on the page. Data is current to Sep 21, 2026 and has a full Excel export. Count not verified.",https://apps.fcc.gov/cgb/form499/499a.cfm
telecom-bss,EU,BEREC General Authorization Database (GADB): notifications of ECN/ECS providers to national regulators,BEREC does not publish a total. Count not verified.,https://www.berec.europa.eu/en/tools/general-authorization-database
telecom-bss,UK,"Ofcom Telecoms Security tiering of public telecoms providers (general authorisation regime, no licence register)",38 large providers as of 30 Sep 2025: 7 Tier 1 (over GBP 1bn turnover) and 31 Tier 2 (GBP 50m to 1bn). Tier 3 providers are not counted.,https://www.gov.uk/government/publications/ofcom-security-report-for-the-period-october-2024-to-october-2025/ofcom-security-report-for-the-period-october-2024-to-october-2025
telecom-bss,SG,IMDA List of Telecommunication Licensees (Facilities-Based Operations and Services-Based Operations),"Count not shown on the page (list is rendered by JavaScript). There are 3 designated Public Telecommunication Licensees: NetLink Trust, Singtel and StarHub.",https://www.imda.gov.sg/regulations-and-licences/licensing/list-of-telecommunication-and-postal-service-licensees
telecom-bss,IN,TRAI monthly Telecom Subscription Data (operators reporting to TRAI; DoT Unified Licence holders),"1,562 operators reported broadband data for July 2026. 5 to 6 access/mobile providers hold 99%+ of subscribers (Jio, Airtel, Vi, BSNL, MTNL).",https://www.trai.gov.in/sites/default/files/2026-08/PR_No116of2026_0.pdf
telecom-bss,ID,Komdigi DataHub: number of telecom service operation licences (izin penyelenggaraan jasa telekomunikasi),"1,431 telecom service licences in 2024, up 22.6% year on year, mostly ISPs. Network-operator licences are counted separately.",https://datahub.komdigi.go.id/public/detail-data/74
telecom-bss,VN,Vietnam Telecommunications Authority (Cuc Vien thong) / Ministry of Science and Technology: list of telecom service licences,"No full current count verified. In mobile there are 5 network operators (Viettel, VNPT, MobiFone, Vietnamobile, Gmobile) plus 7 licensed MVNOs (Dan Tri, Mar 2025).",https://dantri.com.vn/cong-nghe/buc-tranh-thi-truong-vien-thong-di-dong-tai-viet-nam-20250317190620637.htm
telecom-bss,MY,"MCMC CMA Registers: lists of NFP, NSP, ASP and CASP licensees",Paginated register with no total shown. Count not verified.,https://mcmc.gov.my/en/legal/registers/cma-registers/register-of-class-licences-section-49-a/list-of-network-facilities-providers-nfp-1
telecom-bss,TH,NBTC Telecom Licensing Bureau licensee statistics (Type I/II/III),96 facility-based licences (as of 18 Jul 2019) and 576 service-based licences (as of 31 Jul 2019). These figures are dated.,https://www.itu.int/en/ITU-D/Regional-Presence/AsiaPacific/SiteAssets/Pages/Events/2019/RRITP2019/ASP/Day%201_ITP%20License%2028-08-2019_NBTC_Sangnapa%20R.pdf
telecom-bss,PH,NTC registry of Public Telecommunications Entities and Data Transmission Industry Participants,"Count not verified. ntc.gov.ph returned 403. Named PTEs include PLDT, Globe, Converge, DITO, PT&T and ETPI.",https://www.submarinenetworks.com/en/stations/asia/philippines/how-regulatory-liberalization-is-fueling-the-philippines%E2%80%99-digital-infrastructure-boom
telecom-bss,AU,ACMA Register of carrier licences and nominated carrier declarations (Telecommunications Act 1997 s84),"About 340 active carrier licences as of 22 Sep 2026, per the search snippet. The ACMA page timed out when fetched, so this is not verified.",https://www.acma.gov.au/register-licensed-carriers
freight-forwarding-customs,US,CBP licensed customs brokers (CBP broker licensing/triennial status),"About 16,170 active licensed customs brokers (individual and organizational), per the CBP FAQ",https://www.cbp.gov/trade/programs-administration/customs-brokers/frequently-asked-questions
freight-forwarding-customs,US,Federal Maritime Commission OTI (NVOCC / ocean freight forwarder) licensing and registration,"Over 9,600 OTIs regulated: about 5,100 US-based licensed entities and 4,400+ registered foreign NVOCCs (FY2025 annual report)",https://www.fmc.gov/wp-content/uploads/2026/04/FY-2025-Annual-Report.pdf
freight-forwarding-customs,EU,"No EU-wide broker register (customs representation is national). Proxy: CLECAT, the EU association of national forwarding and customs bodies (EU Transparency Register datacard)","More than 19,000 companies employing over 1,000,000 staff across 24 national member organisations (association proxy, not a regulator count)",https://www.lobbyfacts.eu/datacard/clecat---european-association-for-forwarding-transport-logistic-and-customs-services?rid=684985491-01&sid=101881
freight-forwarding-customs,UK,"HMRC list of customs agents and fast parcel operators (self-declared, unvetted). HMRC/Ipsos MORI sizing of the intermediary population.","About 8,400 customs intermediary firms (HMRC research, 2021). The gov.uk agent list is a downloadable ODS file with no total stated. HMRC's mandatory-registration consultation says 80% of 2025 declarations were intermediated.",https://assets.publishing.service.gov.uk/media/604b5f978fa8f505bdfcfc7c/HMRC_Research_Report_610_Customs_Intermediaries_Wave_2.pdf
freight-forwarding-customs,SG,Singapore Customs Declaring Agent (DA) accounts under the DA Governance Framework (TradeNet),"Not found. The register exists, but Singapore Customs publishes no count of DA accounts on the page opened.",https://www.customs.gov.sg/doing-business/getting-started/declaring-agent-authorisation/declaring-agent-account/
freight-forwarding-customs,IN,"CBIC Customs Brokers Licensing (CBLR 2018, CBLMS portal). Count proxy: FFFAI federation.","No official CBIC total found. FFFAI says it represents about 6,500 customs brokers (110,000+ employees) across 30 member associations.",https://fffai.org/user/about/profile
freight-forwarding-customs,ID,DJBC registration of PPJK (customs brokers). Count proxy: ALFI/ILFA membership.,"No official DJBC PPJK count found. ALFI Jakarta has about 785 active and about 1,200 registered member companies (Dec 2024). The national figure of more than 4,000 is unverified.",https://www.logistiknews.id/2024/12/11/785-perusahaan-logistik-ikuti-muswil-ke-vi-alfi-jakarta/
freight-forwarding-customs,VN,General Department of Vietnam Customs recognition of customs agents (đại lý làm thủ tục hải quan),"1,108 recognized customs agents nationwide. Only 156 (14.1%) were actively filing in early 2024, covering 6.11% of declarations.",https://thoibaotaichinhvietnam.vn/giai-quyet-van-de-tuan-thu-cua-dai-ly-lam-thu-tuc-hai-quan-162422-162422.html
freight-forwarding-customs,MY,Royal Malaysian Customs Department (JKDM) customs/forwarding agent licences (agent codes such as F/R types),"Not found from an opened official source. A search snippet said about 3,000 customs agents, but the source was not verified. The page opened confirms licensed forwarding agents file through MyCIEDS.",https://dnelogistics.com.my/customs-clearance-malaysia-step-by-step.html
freight-forwarding-customs,TH,Thai Customs Department register of licensed customs brokers (ตัวแทนออกของ) and clearance personnel. Expiring-registration lists are published per year.,"Not found. The published lists are split into corporate brokers, individual brokers and clearance workers, with no total stated.",https://ecs-support.github.io/pages/company/register_expire/
freight-forwarding-customs,PH,Bureau of Customs Accounts Management Office accreditation of customs brokers (3-year validity). PRC licensure.,"Not found. BOC publishes no total of accredited brokers on the page opened. The PRC licensure exam adds about 1,265 passers per sitting (Nov 2024, not opened).",https://client.customs.gov.ph/kb/faq.php?id=34
freight-forwarding-customs,AU,"Australian Border Force customs broker licensing (corporate, nominee, sole trader)","Not verified. The ABF page returned 403. Search snippets cite about 274-450 corporate brokerages and about 1,594-1,700 individual brokers.",https://www.abf.gov.au/licensing/brokers
warehouse-management,US,"BLS Quarterly Census of Employment and Wages, NAICS 493 Warehousing and Storage","~24,115 establishments (23,848 private), Q1 2026. Excludes manufacturer- and retailer-owned DCs.",https://www.bls.gov/iag/tgs/iag493.htm
warehouse-management,EU,"Eurostat Structural Business Statistics (sbs_ovw_act), NACE H52.1 Warehousing and storage","21,858 enterprises (EU27, 2024)",https://ec.europa.eu/eurostat/api/dissemination/statistics/1.0/data/sbs_ovw_act?geo=EU27_2020&nace_r2=H521&indic_sbs=ENT_NR&format=JSON&lang=en
warehouse-management,UK,"ONS UK Business Counts (Nomis NM_142_1 enterprises; NM_141_1 local units), SIC 5210 Warehousing and storage","4,250 enterprises and 9,335 local units (2026)","https://www.nomisweb.co.uk/api/v01/dataset/NM_142_1.data.csv?geography=K02000001&industry=138417242&employment_sizeband=0&legal_status=0&measures=20100&time=latest&select=date_name,geography_name,industry_name,obs_value"
warehouse-management,SG,SingStat Services Sector at a Glance 2024 (Annual Industry Survey),"15,374 Transportation & Storage establishments (2024). No warehousing-only split was found. Wholesale trade adds 57,715 establishments. An ACRA-derived directory (uenlookup) lists only 122 companies with SSIC 52101 general warehousing, so treat it as a floor.",https://www.singstat.gov.sg/files/be829a33-29f1-402b-adcc-87cb39cac083.pdf
warehouse-management,IN,Warehousing Development and Regulatory Authority (WDRA),"Over 100,000 warehouses identified to bring under WDRA (WDRA chair, May 2025). The registered count is much smaller, and the WDRA site could not be fetched.",https://www.millenniumpost.in/business/over-1l-warehouses-identified-to-bring-under-wdra-611456
warehouse-management,ID,"Bappebti (Ministry of Trade) Sistem Resi Gudang, Laporan Kinerja 2025",263 SRG warehouses; 201 implementing SRG in 2024 and 217 in 2025. Commodity warehouses only. No BPS count for KBLI 52101 was found.,https://bappebti.go.id/resources/docs/LAK_BAPPEBTI_2025_FINAL.pdf
warehouse-management,VN,No official register count found. MOIT / GSO figure cited secondhand.,"Over 34,000 logistics service enterprises (Vietnam Briefing citing VnEconomy). No warehousing-only figure found.",https://www.vietnam-briefing.com/news/investing-in-the-logistics-sector-in-vietnam-a-brief-guide.html/
warehouse-management,MY,DOSM Economic Census 2023: Transportation and Storage Services,"48,793 transportation and storage establishments (ref. 2022). The warehousing subset is not split out on the release page.",https://www.dosm.gov.my/portal-main/release-content/economic-census-2023-transportation-and-storage-services
warehouse-management,TH,"Department of Internal Trade licensing under the Warehouse, Silo and Cold Storage Act B.E. 2558, via Krungsri Research","827 companies offering rentable warehouse, silo or cold storage space (2023): 598 general warehouses, 197 cold storage",https://www.krungsri.com/en/research/industry/industry-outlook/logistics/warehouse-space/io/warehouse-2025-2027
warehouse-management,PH,"PSA Annual Survey of Philippine Business and Industry (ASPBI), Transportation and Storage","Not verified. The PSA page returned 403. Search snippets give about 221 warehousing and storage establishments (2022) and 239 (2021), likely for the formal/surveyed universe.",https://psa.gov.ph/content/2022-annual-survey-philippine-business-and-industry-aspbi-transportation-and-storage
warehouse-management,AU,"ABS Counts of Australian Businesses, Jul 2021 – Jun 2025","249,289 businesses in the Transport, Postal and Warehousing division (30 June 2025). Most are trucking. The ANZSIC 53 warehousing subdivision is only in the data cubes, which were not opened.",https://www.abs.gov.au/statistics/economy/business-indicators/counts-australian-businesses-including-entries-and-exits/jul2021-jun2025
transport-tms,US,"FMCSA Motor Carrier Census (MCMIS Company Census File, data.transportation.gov)","About 519,000 active for-hire carriers, 198,000 private carriers and 28,000 property brokers (MCMIS snapshot, August 2025). These figures come from a search summary. The dataset page opened but did not render counts, and the FMCSA Pocket Guide returned 403.",https://data.transportation.gov/Trucking-and-Motorcoaches/Company-Census-File/az4n-8mr2
transport-tms,EU,"Eurostat Structural Business Statistics (sbs_sc_ovw), NACE H49.41, as published in the DG MOVE Statistical Pocketbook 2025, table 2.1.6","586,850 road freight transport enterprises in the EU-27 (2022)",https://www.efa-eu.com/wp-content/uploads/2025/11/8-EU-Transport-in-figures.pdf
transport-tms,UK,"Traffic Commissioners for Great Britain, goods vehicle operator licensing","66,222 valid goods vehicle operator licences and 376,044 authorised vehicles (2024-25). Great Britain only, excludes Northern Ireland.",https://www.gov.uk/government/publications/traffic-commissioners-annual-report-2024-to-2025/traffic-commissioners-for-great-britain-annual-report-2024-25
transport-tms,SG,No official register count found. The candidates are ACRA entities under SSIC 4923 (freight transport by road) and SingStat.,Not found. The EDB logistics page gives no enterprise count.,https://www.edb.gov.sg/en/our-industries/logistics-and-supply-chain-management.html
transport-tms,IN,No official register found. The figure comes from industry research (Redseer). The candidate official sources are VAHAN national permits and GST transporter IDs.,"About 3.5 million truck operators running 12.5 million trucks. About 75% own fewer than five trucks (Redseer, Dec 2024, not an official register).",https://redseer.com/articles/unlocking-growth-in-indias-fragmented-trucking-sector/
transport-tms,ID,"BPS Statistik Transportasi Darat, compiled from provincial and regency transport offices (Dinas Perhubungan)","Not found at national level. The BPS publications are listed, but only regency tables were visible (e.g. Pekalongan, 2020: 42 two-axle truck companies). The national publication page returned 403.",https://pekalongankab.bps.go.id/en/statistics-table/2/MjM4IzI=/jumlah-perusahaan-dan-armada-angkutan-penumpang-dan-barang.html
transport-tms,VN,Ministry of Transport road transport public-service system (giấy phép kinh doanh vận tải),"More than 59,000 road transport business licences issued and about 1.9 million vehicles managed (September 2022). Covers passenger and freight together.",https://mst.gov.vn/bo-giao-thong-van-tai-ung-dung-cong-nghe-so-trong-cung-cap-dvctt-doi-voi-linh-vuc-van-tai-duong-bo-197155006.htm
transport-tms,MY,"APAD (Agensi Pengangkutan Awam Darat) Carrier Licence A (for hire) and C (own goods), Peninsular Malaysia",Not found. APAD describes the licence classes but publishes no holder count on the page opened.,https://www.apad.gov.my/index.php/en/services/freight
transport-tms,TH,Department of Land Transport (DLT) truck transport operator licences,"3,668 truck transport and truck rental operators (DLT data for 2007, cited by APEC 2011). Outdated, and no newer figure was found.",https://apec.org/docs/default-source/Publications/2011/1/The-Impacts-and-Benefits-of-Structural-Reforms-in-Transport-Energy-and-Telecommunications-Sectors/TOC/Road-transport-in-Thailand.pdf
transport-tms,PH,LTFRB Certificates of Public Convenience for trucks-for-hire,"Not found. LTFRB regulates for-hire cargo vehicles, but no franchise count was found in the sources opened.",https://en.wikipedia.org/wiki/Land_Transportation_Franchising_and_Regulatory_Board
transport-tms,AU,"ABS Counts of Australian Businesses (cat. 8165.0), ANZSIC 461 Road Freight Transport","The page opened shows only the Transport, Postal and Warehousing total: 261,109 businesses (2025-26). The road freight subdivision figure is in the data cubes and was not opened. IBISWorld puts it at about 64,700 (secondary source, not opened).",https://abs.gov.au/ausstats/abs@.nsf/mf/8165.0
airline-pss,US,"FAA 14 CFR Part 121 certificate holders (FAA estimate in Federal Register information collection notice, 17 Jun 2025); FAA Air Operator 14 CFR search is the live register",62 Part 121 certificate holders; 47 passenger-carrying Part 121 air carriers (same notice),https://www.govinfo.gov/content/pkg/FR-2025-06-17/pdf/2025-10965.pdf
airline-pss,EU,"European Commission ACOL list 'EU air carriers by country holding an active operating licence' (Reg. 1008/2008 Art. 10), data as of 19 May 2026",About 650 active licences: about 346 Category A (aircraft with 20+ seats or over 10t MTOW) and about 310 Category B. Counted from the PDF; scheduled passenger airlines are a subset of Category A,https://transport.ec.europa.eu/document/download/7d7c51df-f11d-4a0c-815c-28a5ae4264b5_en?filename=eu_air_carriers_by_country_holding_an_active_operating_licence.pdf
airline-pss,UK,UK CAA airline licence holders (Type A operating licence holders),About 28 Type A operating licence holders (page undated),https://www.caa.co.uk/commercial-industry/airlines/licensing/licence-types/airline-licence-holders/
airline-pss,SG,CAAS Singapore Air Operator Certificate holders,"3 AOC holders (Singapore Airlines, Scoot, ST Engineering Defence Aviation Services). Count comes from a caas.gov.sg search snippet; the opened CAAS AOC page did not render the list",https://www.caas.gov.sg/industry/aircraft-operators/singapore-air-operator/air-operator-certificate/
airline-pss,IN,DGCA scheduled operator permit holders (DGCA monthly domestic traffic data),"About 4 to 6 scheduled domestic airline groups in DGCA traffic data (IndiGo, Air India Group, Akasa, SpiceJet plus small regionals). DGCA permit list not retrieved; the figure comes from a news report of DGCA data",https://hdfcsky.com/news/domestic-air-passenger-traffic-falls-6-34-pc-to-121-26-lakh-in-august-dgca
airline-pss,ID,"Ditjen Perhubungan Udara (Kemenhub), Daftar Badan Usaha Angkutan Udara Niaga Berjadwal, Statistik Angkutan Udara 2023","20 scheduled commercial carriers in 2023: 16 passenger or passenger+cargo, 4 cargo-only. Plus non-scheduled (tidak berjadwal) operators",https://hubud.kemenhub.go.id/assets/file/bukustatistik/9a4eaeb68ab0e5bb3be1a8b5202ccb90.pdf
airline-pss,VN,Cục Hàng không Việt Nam (CAAV) air transport business licences (giấy phép kinh doanh vận chuyển hàng không),"About 6-7 licensed airlines (Vietnam Airlines, Vietjet, Bamboo, Pacific/Jetstar Pacific, VASCO, Vietravel; Sun PhuQuoc Airways licensed 16 Jun 2025)",https://caa.gov.vn/doanh-nghiep/them-01-hang-hang-khong-duoc-cap-giay-phep-kinh-doanh-van-chuyen-hang-khong-20250616152928159.htm
airline-pss,MY,"Air Service Licence (ASL) register, held by MAVCOM until its merger into CAAM on 1 Aug 2025; CAAM AOC holders",About 11 ASL holders per search snippet; no official current list found (MAVCOM page did not render),https://www.freemalaysiatoday.com/category/nation/2025/06/23/mavcom-to-be-absorbed-by-caam-on-aug-1
airline-pss,TH,CAAT Air Operator Certificate holders,About 25 AOC holders in 2020 per CAAT State of Thai Aviation 2020 (search snippet; PDF returned 403); BBN Airlines got AOC.0036 in Oct 2025. Not verified from an opened register,https://www.caat.or.th/wp-content/uploads/2021/05/STATE-OF-THAI-AVIATION-INDUSTRY-2020.pdf
airline-pss,PH,Civil Aeronautics Board (CAB) CPCN holders; 'Directory - Scheduled Domestic Air Carriers' download,"Count not extracted. CAB issues CPCNs to domestic carriers and FACPs to foreign carriers; scheduled domestic carriers number fewer than 10 (PAL, PAL Express, Cebu Pacific, Cebgo, Philippines AirAsia, Sunlight, etc.), which is an unverified estimate",https://www.cab.gov.ph/faqs/general
airline-pss,AU,CASA Part 119 air transport AOC holders; BITRE domestic RPT airline reporting,"Count not retrieved (CASA and BITRE pages timed out). BITRE monthly reporting airlines per search snippet: Jetstar, Qantas, QantasLink, Regional Express, Virgin Australia and others, roughly 5-8 RPT airline groups",https://www.casa.gov.au/licences-and-certificates/air-operators/air-transport-air-operators-certificate/air-transport-air-operators-certificate-part-119
airline-pss,Global (cross-check),IATA Current Airline Members,"378 members: Asia Pacific 60, North Asia 50, Europe 146, Americas 56, Africa & Middle East 66",https://www.iata.org/en/about/members/airline-list/
hotel-pms,US,"BLS Quarterly Census of Employment and Wages (QCEW), NAICS 721110 Hotels (except casino hotels) and motels, private ownership, 2024 annual average establishments","61,574 private establishments (2024); plus casino hotels under NAICS 721120, not counted here",https://data.bls.gov/cew/data/api/2024/a/industry/721110.csv
hotel-pms,EU,"Eurostat tour_cap_nat, establishments in hotels and similar accommodation (NACE I55.1), EU27","163,767 establishments (2025); 681,000 total tourist accommodation establishments in 2024",https://ec.europa.eu/eurostat/api/dissemination/statistics/1.0/data/tour_cap_nat?format=JSON&lang=en&geo=EU27_2020&accomunit=ESTBL&nace_r2=I551&unit=NR&sinceTimePeriod=2022
hotel-pms,UK,"ONS UK Business Counts (IDBR) local units via Nomis, SIC 2007 55100 Hotels and similar accommodation","13,415 local units (2026); VAT/PAYE-registered units only, so excludes many micro B&Bs","https://www.nomisweb.co.uk/api/v01/dataset/NM_141_1.data.csv?geography=2092957697&industry=134272828&employment_sizeband=0&legal_status=0&measures=20100&select=date_name,geography_name,industry_name,employment_sizeband_name,obs_value&time=latest"
hotel-pms,SG,"Hotels Licensing Board, licensed hotels dataset on data.gov.sg (updated Mar 2026)",468 licensed hotels (count of features in HLB GeoJSON),https://data.gov.sg/datasets/d_654e22f14e5bb817423f0e0c9ac4f632/view
hotel-pms,IN,"Ministry of Tourism NIDHI portal, hotels classified under HRACC star classification (voluntary)","1,649 classified hotels (voluntary scheme; the total hotel universe is far larger and has no single register)",https://nidhi.tourism.gov.in/home/classified?categoryCode=01&subcategory=HT
hotel-pms,ID,BPS Statistik Hotel dan Akomodasi Lainnya di Indonesia 2024 (as reported by Kompas),"4,584 star-rated hotels and 26,591 other accommodation businesses (31,175 total, 2024)",https://www.kompas.com/properti/read/2025/01/07/093012421/jumlah-hotel-dan-usaha-akomodasi-di-indonesia-bertambah-748-persen
hotel-pms,VN,"Vietnam National Authority of Tourism (Cuc Du lich Quoc gia), tourist accommodation establishments","~38,000 accommodation establishments (2023); 589 four- and five-star (mid-2023)",https://english.vov.vn/en/travel/measures-sought-to-sustainably-develop-tourist-accommodation-establishments-post1060142.vov
hotel-pms,MY,"MOTAC (Ministry of Tourism, Arts and Culture) Registered Hotel register","5,547 registered hotels (portal updated 02/10/2026)",https://www.motac.gov.my/en/kategori-semakan-new/registered-hotel/
hotel-pms,TH,"Department of Provincial Administration (DOPA) hotel licences under the Hotel Act, as compiled by REIC (GH Bank)","16,312 licensed hotels, 688,388 rooms (H1 2024)",https://www.reic.or.th/Research/Index/323
hotel-pms,PH,Department of Tourism accreditation register (accommodation establishments),"Not found. DOT pages returned 404 or redirected, and no verified national count was read. Search snippets cite ~235,000 accredited rooms (2025) and an older figure of 7,200 DOT-authorized establishments, both unverified.",https://beta.tourism.gov.ph/news_and_updates/dot-allows-operation-of-7200-hotels-resorts/
hotel-pms,AU,"ABS Tourist Accommodation, Australia (hotels, motels and serviced apartments with 15+ rooms); ABS Counts of Australian Businesses (ANZSIC 4400)",No current count found. The ABS tourist accommodation series' latest release is 2015-16 and reports that 84.1% of establishments used a PMS. The current business-count release gives no standalone Accommodation figure.,https://www.abs.gov.au/statistics/industry/tourism-and-transport/tourist-accommodation-australia/latest-release
retail-pos-merch,US,"US Census Bureau, 2022 Economic Census (NAICS 44-45 Retail Trade)","About 1.0 million retail establishments (2022), not firms. Enterprise POS/merch buyers are a small subset.",https://www.census.gov/newsroom/press-releases/2024/2022-economic-census-first-look.html
retail-pos-merch,EU,"Eurostat Structural Business Statistics, distributive trade (NACE G)","About 5.8 million enterprises in distributive trade (wholesale + retail + motor repair), 2023. A retail-only (G47) count is not stated on the page opened.",https://ec.europa.eu/eurostat/statistics-explained/index.php?title=Businesses_in_distributive_trade_sector
retail-pos-merch,UK,"ONS, UK business: activity, size and location (IDBR, VAT/PAYE businesses)","About 213,000 VAT/PAYE businesses in the Retail industry group (March 2025)",https://www.ons.gov.uk/businessindustryandtrade/business/activitysizeandlocation/bulletins/ukbusinessactivitysizeandlocation/2025
retail-pos-merch,SG,"Singapore Department of Statistics (SingStat), Annual Industry Survey, Services Sector","About 31,271 retail trade establishments (2023), from search-result snippet of a SingStat infographic. The SingStat pages tried returned 404, so this is unverified.",https://www.singstat.gov.sg/data-for-businesses/know-my-industry-retail-trade
retail-pos-merch,IN,MoSPI Sixth Economic Census (2013-14),Retail trade = 35.41% of non-agricultural establishments (about 16 million). Retail employed 27.19 million people. Data is old; the 7th EC results are not used here.,https://www.mospi.gov.in/sites/default/files/economic-census/sixth_economic_census/all_india/5_Highlights_6ecRep.pdf
retail-pos-merch,ID,BPS Sensus Ekonomi 2016,12.3 million businesses in wholesale and retail trade incl. vehicle repair (46.17% of 26.71M). Only about 0.45M businesses of all sectors are medium or large.,https://www.liputan6.com/bisnis/read/2933456/sensus-ekonomi-2016-rampung-ini-hasilnya
retail-pos-merch,VN,No GSO enterprise register count reached (gso.gov.vn unreachable). Enterprise Singapore market guide citing GSO/MOIT data.,"About 4,765 modern trade stores (4,194 minimarts and convenience stores, 571 supermarkets) and about 1.4 million traditional stores (2016)",https://www.enterprisesg.gov.sg/-/media/esg/files/overseas-markets/asia-pacific/vietnam/retail_market_entry_guide_vietnam.pdf?la=en
retail-pos-merch,MY,"DOSM Economic Census 2023 (ref. year 2022), Wholesale & Retail Trade","475,566 wholesale and retail establishments (2022). No retail-only split on the page opened.",https://www.dosm.gov.my/portal-main/release-content/economic-census-2023-wholesale-and-retail-trade-
retail-pos-merch,TH,"National Statistical Office, 2024 Business Trade and Services Survey (ref. year 2023)","2.1 million trade and service establishments, 44.4% retail, so about 0.93 million retail establishments. 0.1% are large (>100 persons).",https://www.nso.go.th/nsoweb/storage/survey_detail/2025/20250730135330_21634.pdf
retail-pos-merch,PH,"PSA Annual Survey of Philippine Business and Industry (ASPBI) 2022, Wholesale and Retail Trade","About 125,257 formal-sector establishments in wholesale/retail/motor repair (2022 preliminary), from search snippet. The PSA page returned 403 and was not read.",https://psa.gov.ph/content/2022-annual-survey-philippine-business-and-industry-aspbi-wholesale-and-retail-trade-repair
retail-pos-merch,AU,"ABS Counts of Australian Businesses, including Entries and Exits","Retail Trade count is not stated on the page text (only +0.1% change in 2025-26). A secondary source cites about 156,169 retail businesses at June 2025.",https://www.abs.gov.au/statistics/economy/business-indicators/counts-australian-businesses-including-entries-and-exits/latest-release
construction-project-accounting,US,"BLS Quarterly Census of Employment and Wages, NAICS 23 Construction","953,703 private construction establishments (Q1 2026); 8.4M workers",https://www.bls.gov/iag/tgs/iag23.htm
construction-project-accounting,UK,"ONS Construction statistics, Great Britain (VAT/PAYE-registered construction firms, IDBR)","370,770 registered construction firms (2024)",https://www.ons.gov.uk/businessindustryandtrade/constructionindustry/articles/constructionstatistics/2024
construction-project-accounting,EU,"Eurostat Structural Business Statistics, NACE Section F","About 4 million construction enterprises (2023), of which 3.78M (94.2%) are micro (<10 staff). Large (250+) firms employ 1.83M people.",https://ec.europa.eu/eurostat/statistics-explained/SEPDF/cache/16257.pdf?v=8330254803402202
construction-project-accounting,SG,"BCA Contractors Registration System (CRS), 'Listing of Registered Contractors' on data.gov.sg","About 24,000 rows (Jul 2025 to Jan 2026). Rows may be registrations by workhead, so unique firms are fewer.",https://data.gov.sg/datasets/d_dcda79be4aded5f9e769b8e23ff69b47/view
construction-project-accounting,IN,"Ministry of Corporate Affairs company register (via inspex mirror), NIC activity code 45400 Construction","38,724 companies under NIC 45400 (all statuses, includes struck-off). Only a partial proxy. No national contractor register was found.",https://www.inspex.in/activity/45400
construction-project-accounting,ID,BPS (Statistics Indonesia) construction establishment directory / Statistik Konstruksi (via Katadata Databoks),"186,534 construction companies (2024): 158,104 small, 27,254 medium, 1,176 large",https://databoks.katadata.co.id/utilitas/statistik/68e8de998f032/jumlah-perusahaan-konstruksi-di-indonesia-turun-pada-2024
construction-project-accounting,VN,General Statistics Office enterprise survey (via Thoi bao Tai chinh Viet Nam),"46,500 construction enterprises (68,649 including materials, consulting and real estate). Dated: 2013 figure. No newer verified count found.",https://thoibaotaichinhvietnam.vn/san-pham-ton-kho-cua-nganh-xay-dung-van-con-lon-25666.html
construction-project-accounting,MY,"CIDB Malaysia contractor registration (G1-G7), per CIDB 27th Malaysia Country Report","132,272 registered contractors (2023)",https://www.christopherleeong.com/viewpoints/construction-industry-malaysia/
construction-project-accounting,TH,No official count verified. DBD juristic-person register is the natural source. Statista/GSB Research figure is paywalled.,"Unverified. A search snippet cites about 141.5k construction businesses (2022), 108.8k of them juristic persons. Numbers were hidden on the opened page.",https://www.statista.com/statistics/1402385/thailand-number-of-construction-contractors-by-type/
construction-project-accounting,PH,"PSA Annual Survey of Philippine Business and Industry (ASPBI), Construction section. PCAB licence register has no published total.","2,239 formal-sector construction establishments (2022 preliminary), per search snippet. The PSA page returned 403 when opened, so this is unverified.",https://psa.gov.ph/content/2022-annual-survey-philippine-business-and-industry-aspbi-construction-section-preliminary
construction-project-accounting,AU,"ABS Counts of Australian Businesses (GST-registered, actively trading)","462,939 construction businesses (June 2025); over 98% have fewer than 20 employees",https://www.money.com.au/business-loans/australian-business-statistics
property-management,US,"Census Bureau Statistics of US Businesses (SUSB) 2022, NAICS 531311 Residential Property Managers and 531312 Nonresidential Property Managers","Not extracted: count sits in a 37.7 MB xlsx (us_state_6digitnaics_2022.xlsx) and the Census API requires a key. Proxy: AppFolio alone reports 22,096 property management customers (10-K FY2025); RealPage 31,700+ clients (10-K FY2020).",https://www.census.gov/data/tables/2022/econ/susb/2022-susb-annual.html
property-management,UK,"Regulator of Social Housing, List of registered providers (England), updated monthly","1,500+ registered providers; 200 large groups (1,000+ homes each) hold over 96% of stock",https://www.gov.uk/government/news/regulator-of-social-housing-2025-global-accounts-published
property-management,EU,Eurostat Structural Business Statistics (NACE Section L real estate; L68.32 fee/contract management not broken out in the article),1.5 million enterprises in EU real estate sector (2021); L68.32 sub-count not found,https://ec.europa.eu/eurostat/web/products-eurostat-news/w/ddn-20240627-2
property-management,SG,Council for Estate Agencies (CEA) public register / industry statistics,"997 property agencies and 36,816 property agents (1 Jan 2026)",https://www.cea.gov.sg/about-cea/newsroom-publications/industry-statistics/
property-management,MY,"Board of Valuers, Appraisers, Estate Agents and Property Managers (BOVAEP) register of property managers","~3,000 registered property managers (Oct 2019); firm count not found",https://www.edgeprop.my/content/1597513/only-one-third-unlicensed-property-managers-registered-bovaep
property-management,IN,"MoHUA Unified RERA portal (rera.mohua.gov.in), state RERA registrations","105,712 RERA-registered real estate agents (2025, per eXp Realty India analysis of MoHUA data); search snippet cites ~151,113 registered projects (not confirmed on an opened page)",https://therealtytoday.com/news/trending/indias-rera-registered-real-estate-agents-grow-19-in-2025-cross-100000-mark-exp-realty-india-report/
property-management,AU,"ABS Counts of Australian Businesses, ANZSIC class 6720 Real Estate Services","Not stated on release page (Rental, Hiring and Real Estate Services division +3.7% in 2025-26; class count only in data cubes). Proxy: PropertyMe serves 6,000+ agencies; Rockend software manages 55% of rentals.",https://www.abs.gov.au/statistics/economy/business-indicators/counts-australian-businesses-including-entries-and-exits/latest-release
property-management,PH,"Professional Regulation Commission, Board of Real Estate Service (licensed real estate brokers)","No cumulative total found; April 2024 exam licensed 1,337 new brokers",https://www.prc.gov.ph/node/7007
property-management,VN,"General Statistics Office (National Statistics Office) enterprise statistics, real estate sector","No total found; 3,200+ real estate businesses resumed operations in 2024 (+42.2%)",https://vietnamnet.vn/en/vietnam-records-over-157-200-newly-established-enterprises-in-2024-2363598.html
property-management,ID,IDX (BEI) property and real estate sector listings; BPS Statistik Karakteristik Usaha,No sector count found; ~770 total IDX listings (June 2024) of which a subset are property/real estate,https://www.rumah123.com/panduan-properti/perusahaan-properti-dan-real-estate-yang-terdaftar-di-bei/
property-management,TH,"Department of Lands, condominium juristic person registrations (Condominium Act)",No published nationwide count found,https://www.thailawonline.com/glossary/condominium-juristic-person/
legal-practice-management,US,"Census Bureau Economic Surveys / County Business Patterns, NAICS 541110 Offices of Lawyers (employer establishments). Counts establishments, not firms. The figure came from a search snippet; the profile page did not render.","165,491 employer establishments (2023)",https://data.census.gov/profile/541110_-_Offices_of_Lawyers?n=541110
legal-practice-management,UK,"Solicitors Regulation Authority, regulated community statistics (breakdown of solicitor firms, England and Wales only)","8,923 SRA-regulated firms (Aug 2026): 5,261 companies, 1,416 LLPs, 1,321 sole practitioners, 897 partnerships",https://www.sra.org.uk/sra/research-publications/regulated-community-statistics/data/solicitor_firms/
legal-practice-management,EU,"CCBE Lawyers' Statistics 2024 (as at 31 Dec 2023). Counts lawyers, not firms; no EU-wide firm register exists.","Lawyers: Germany 165,776; Spain 154,100; France 76,274; Italy about 234,632 (CEPEJ 2022); Belgium 18,747; Poland about 61,554 (CEPEJ 2022)",https://www.ccbe.eu/fileadmin/speciality_distribution/public/documents/Statistics/EN_STAT_2024_Number-of-lawyers-in-European-countries.pdf
legal-practice-management,SG,"Legal Services Regulatory Authority (MinLaw) register of law practice entities. No current total found; the Wikipedia page opened gives lawyer counts only. A Law Society figure of 1,016 law firms (Sept 2021) appeared only in a search snippet, because the article returned 403.","About 1,000 law practices (2021, unverified); 6,512 practising lawyers (2023)",https://en.wikipedia.org/wiki/Lawyers_in_Singapore
legal-practice-management,IN,Bar Council of India and state bar councils (advocates; no firm register). An all-India total was not verified because the Ministry of Law PDF returned 403.,"Unverified; Uttar Pradesh alone had 469,900 enrolled advocates (Nov 2024, per search snippet)",https://www.manoramayearbook.in/current-affairs/india/2024/07/31/bar-council-of-india.html
legal-practice-management,ID,"PERADI (Perhimpunan Advokat Indonesia) membership; advocates, not firms","At least 70,000 advocates (Dec 2024)",https://id.wikipedia.org/wiki/Perhimpunan_Advokat_Indonesia
legal-practice-management,VN,Liên đoàn Luật sư Việt Nam (Vietnam Bar Federation),"19,799 lawyers (31 Dec 2024). Search snippets suggest about 4,500 to 5,300 law practice organisations, but this was not confirmed on the page opened.",https://liendoanluatsu.org.vn/lien-doan-luat-su-viet-nam-tong-ket-hoat-dong-nam-2024-va-trien-khai-cong-tac-nam-2025/
legal-practice-management,MY,Malaysian Bar general statistics (Peninsular Malaysia),"7,551 law firms (6,613 with 1-5 lawyers, 897 with 6-30, 41 with 30+); 24,832 members (30 Jun 2025)",https://www.malaysianbar.org.my/article/about-us/malaysian-bar-and-bar-council/about-us/figures/general-statistics
legal-practice-management,TH,Lawyers Council of Thailand registrations (via Tilleke & Gibbins 2019 overview); no firm count,"89,503 lawyers registered 1986 to Dec 2018; 30,408 registered (active figure per Lawyers Council data)",https://www.tilleke.com/wp-content/uploads/2019/07/NEW2__CH01-An-Overview-of-the-Legal-Profession-in-Thailand_20190515_0.pdf
legal-practice-management,PH,"Integrated Bar of the Philippines (compulsory membership; lawyers, not firms)","78,785 members (Wikipedia infobox, date unclear)",https://en.wikipedia.org/wiki/Integrated_Bar_of_the_Philippines
legal-practice-management,AU,2024 National Profile of Solicitors (Urbis for Law Society of NSW / Conference of Law Societies),"16,793 private law practices (Oct 2024); 78% sole practices; 79 practices with 21+ principals",https://www.lawsociety.com.au/sites/default/files/2025-06/2024%20National%20Profile%20of%20Solicitors%20-%20Final.pdf
accounting-practice,US,IRS Return Preparer Office federal tax return preparer statistics (PTIN register),"886,338 active PTIN holders, incl. 209,076 CPAs and 71,966 Enrolled Agents (as of 1 Sep 2026). These are individuals, not firms",https://www.irs.gov/tax-professionals/return-preparer-office-federal-tax-return-preparer-statistics
accounting-practice,EU,"Eurostat Structural Business Statistics, NACE M69.2 (accounting, bookkeeping, auditing, tax consultancy), table sbs_ovw_act","632,961 enterprises in EU27 (2024)",https://ec.europa.eu/eurostat/api/dissemination/statistics/1.0/data/sbs_ovw_act?geo=EU27_2020&nace_r2=M692&indic_sbs=ENT_NR&lang=en
accounting-practice,EU (Germany),Bundessteuerberaterkammer Berufsstatistik 2025 (chamber membership),"105,953 chamber members and 89,549 Steuerberater at 1 Jan 2026; BStBK reports about 53,932 practices (practice count from search summary of the BStBK release)",https://www.stbk-hamburg.de/aktuelles/berufsstatistik-2025/
accounting-practice,UK,FRC Key Facts and Trends in the Accountancy Profession 2025 (statutory audit firms registered with RSBs),"3,760 registered audit firms in 2024 (5,007 in 2020); 408,000+ UK/ROI members of professional bodies. No single register covers non-audit tax/accounts practices; IRIS alone claims 24,000+ firm customers",https://www.frc.org.uk/library/supervision/professional-bodies-supervision/key-facts-and-trends-in-the-accountancy-profession/key-facts-and-trends-in-the-accountancy-profession-2025/
accounting-practice,SG,"ACRA FY2025 Annual Report (registers of public accountants, public accounting entities and corporate service providers)","1,288 registered public accountants, 794 public accounting entities, 3,321 registered corporate service providers (31 Mar 2026)",https://isomer-user-content.by.gov.sg/277/83151873-99f7-49ba-8820-a3c2535b74a5/ACRA%20FY2025%20Annual%20Report.pdf
accounting-practice,IN,ICAI firm registration data (reported via The Finance Story),"100,138 registered CA firms (Oct 2025); 72% are sole practices",https://thefinancestory.com/mid-sized-indian-ca-firms-employing-20-percent-audit-workforce
accounting-practice,ID,Kemenkeu PPPK register of tax consultants (SIKOP) and public accounting firms (KAP),"About 7,390 registered konsultan pajak (Kemenkeu Sec-Gen, Nov 2024). KAP count not retrieved",https://news.ddtc.co.id/berita/nasional/1806866/jumlahnya-masih-timpang-profesi-konsultan-pajak-masih-perlu-ditambah
accounting-practice,VN,General Department of Taxation list of tax agents (dai ly thue),"About 586 tax agents (Aug 2019, GDT data cited in an academic article). Stale; no current figure found",https://tapchicongthuong.vn/quy-dinh-ve-thanh-lap-dai-ly-thue-o-viet-nam--mot-so-bat-cap-va-huong-hoan-thien-68349.htm
accounting-practice,MY,Securities Commission Audit Oversight Board register (PIE auditors only),36 registered and 5 recognised audit firms (31 Dec 2025). This covers PIE auditors only; the total MIA practising-firm and LHDN tax-agent counts were not verified,https://www.sc.com.my/annual-report-2025/audit-oversight
accounting-practice,TH,Department of Business Development (DBD) register of bookkeepers (phu tham banchi); TFAC register of CPAs,"More than 80,000 registered bookkeepers serving about 900,000 juristic persons (FlowAccount citing DBD). Accounting-office count not found",https://flowaccount.com/blog/accountant-qualifications-requirements-update/
accounting-practice,PH,PRC Board of Accountancy list of active accredited firms/partnerships in public practice,285 accredited firms/partnerships as of 30 Jun 2025 (sole practitioners are listed separately),https://www.prc.gov.ph/sites/default/files/Firms.Partnerships%20as%20of%2030%20June%202025.pdf
accounting-practice,AU,Tax Practitioners Board register (TPB Annual Report 2024-25),"63,865 registered tax practitioners, incl. 46,900 tax agents and 16,965 BAS agents at 30 Jun 2025. The figure comes from a search excerpt; the TPB site timed out when fetched, so it is unverified",https://www.tpb.gov.au/sites/default/files/2025-10/TPB%20annual%20report%20202425.pdf
student-information,US,NCES IPEDS (Title IV postsecondary institutions),"5,916 Title IV postsecondary institutions in 2020-21, including 3,931 degree-granting. K-12 districts, the PowerSchool market, are not counted here.",https://nces.ed.gov/fastfacts/display.asp?id=1122
student-information,UK,Office for Students Register (England HE providers),"428 registered providers (England only; Scotland, Wales and NI HE regulated separately)",https://www.officeforstudents.org.uk/for-providers/registering-with-the-ofs/guide-to-the-ofs-register/
student-information,UK,DfE school census MIS returns as compiled by WhichMIS (schools market),"About 27,000 UK state schools (Arbor 8,553 = 31.6% UK-wide, summer 2025)",https://www.whichmis.com/arbor-takes-no-1-spot-from-ess-sims/
student-information,EU,ETER - European Tertiary Education Register (Eurostat-coordinated national data),"More than 2,500 HEIs in 36 countries (ETER poster; later editions report about 3,500 HEIs in about 40 countries)",https://eter-project.com/assets/pdf/ETER_poster.pdf
student-information,SG,MOE / SingStat 'Students and Teachers in Educational Institutions' (data.gov.sg),"354 institutions in 2024 (177 primary, 132 secondary, 16 mixed, 11 JCs, 5 polytechnics, 3 ITE, 2 arts, NIEC, NIE). The 6 autonomous universities are not included.",https://data.gov.sg/datasets/d_e24eb88daad6743854009265c61ee0d8/view
student-information,IN,AISHE - All India Survey on Higher Education (Ministry of Education),"1,168 universities, 45,473 colleges and 12,002 standalone institutions registered (AISHE 2021-22)",https://cdnbbsr.s3waas.gov.in/s392049debbe566ca5782a3045cf300a3c/uploads/2024/02/20240719952688509.pdf
student-information,ID,"PDDikti (Pangkalan Data Pendidikan Tinggi), Kemendiktisaintek","4,416 perguruan tinggi in 2024 (2,813 private, 1,307 religious, 171 kedinasan, 125 public). Taken from a secondary article citing Kemendiktisaintek because the PDDikti site returned 403.",https://dataloka.id/humaniora/4823/jumlah-perguruan-tinggi-di-indonesia-2024-capai-4-416-institusi/
student-information,VN,Bộ Giáo dục và Đào tạo (MOET) higher education statistics,"226 higher education institutions (MOET report, 2025-26 school year, via giaoduc.net.vn)",https://giaoduc.net.vn/buc-tranh-giao-duc-dai-hoc-viet-nam-tu-so-luong-truong-den-quy-mo-dao-tao-post263116.gd
student-information,MY,"Kementerian Pendidikan Tinggi (MOHE) Statistik Pendidikan Tinggi, Bab 3 IPTS","382 private HEIs (IPTS) in 2024, 371 in 2025, covering university, branch-campus, university-college and college status. Public universities (UA) are additional and not in this table.",https://www.mohe.gov.my/en/download/statistics/2025-1-1/1849-bab-3-ipts-2025-pdf/file
student-information,TH,"MHESI (OPS) list of Thai higher education institutions, 9 Jan 2025","154 (27 autonomous, 10 public, 38 Rajabhat, 9 Rajamangala, 70 private)",https://www.ops.go.th/en/inter-about-ops-mhesi/higher-education/download/5271/5708/16
student-information,PH,CHED Higher Education Institutions statistics,"1,975 HEIs in 2020, excluding SUC satellite campuses (246 public, 1,729 private). Taken via Wikipedia citing CHED because CHED's statistics page had an expired TLS certificate. A search snippet reported 2,355 HEIs for AY2025-26, which is unverified.",https://en.wikipedia.org/wiki/Higher_education_in_the_Philippines
student-information,AU,TEQSA National Register of higher education providers,"Could not verify. The TEQSA register page timed out. A search snippet reported 220 providers (44 Australian universities, 8 university colleges, 168 institutes of higher education). The opened page only confirms that the register is the authoritative list.",https://en.wikipedia.org/wiki/Tertiary_Education_Quality_and_Standards_Agency
field-service-maintenance,US,"US Census Bureau, 2022 Economic Census Sector 31-33 Manufacturing (EC2231BASIC) / County Business Patterns","Count not retrieved. The landing page links the tables, but the Census API needs a key. Figure still to be pulled from data.census.gov.",https://www.census.gov/data/tables/2022/econ/economic-census/naics-sector-31-33.html
field-service-maintenance,EU,"Eurostat Structural Business Statistics, manufacturing (NACE C)","2.2 million manufacturing enterprises (2023), >30 million employed. The large-enterprise (250+) subset is far smaller and was not quantified on the page.",https://ec.europa.eu/eurostat/statistics-explained/index.php?title=Businesses_in_the_manufacturing_sector
field-service-maintenance,UK,"ONS UK Business: Activity, Size and Location 2025 (Inter-Departmental Business Register)","130,000 manufacturing VAT/PAYE businesses (March 2025), 4.8% of 2.73 million UK businesses",https://www.ons.gov.uk/businessindustryandtrade/business/activitysizeandlocation/bulletins/ukbusinessactivitysizeandlocation/2025
field-service-maintenance,SG,EDB Census of Manufacturing Activities,"9,858 manufacturing establishments (2024)",https://www.edb.gov.sg/content/dam/edb-en/about-edb/media-releases/manufacturing-statistics/Census_of_Manufacturing_Activities/EDB%20Annual%20Mftg%20Performance%202024.pdf
field-service-maintenance,IN,MoSPI/NSO Annual Survey of Industries (factories registered under the Factories Act 1948),"260,061 factories (ASI 2023-24). Figure read on a secondary page citing MoSPI; the PIB/MoSPI primary pages failed to load.",https://affairscloud.com/mospi-released-result-of-annual-survey-of-industries-2023-24-data-tn-tops-in-number-of-factories/
field-service-maintenance,ID,"BPS Statistik Industri Manufaktur (Survei Tahunan Perusahaan Industri Manufaktur, large and medium establishments / IBS)","Not retrieved. bps.go.id returned HTTP 403, so no count was verified.",https://www.census.gov/data/tables/2022/econ/economic-census/naics-sector-31-33.html
field-service-maintenance,VN,GSO/NSO Vietnam Statistical Yearbook (acting manufacturing enterprises),"Not retrieved from GSO (site unreachable). A private database (B&Company EDB) counts 135,642 manufacturing companies in 2023; not an official register.",https://b-company.jp/vietnam-manufacturing-outlook-key-data-policy-insights-and-major-players/
field-service-maintenance,MY,DOSM Economic Census 2023: Manufacturing,"54,505 manufacturing establishments (reference year 2022); MSMEs are 94.5%",https://www.dosm.gov.my/portal-main/release-content/economic-census-2023-manufacturing
field-service-maintenance,TH,Department of Industrial Works factory licence register / Ministry of Labour establishment statistics,"Not verified. Statista (citing the Ministry of Labour) shows the 2023 figure behind a paywall; a search snippet gives ~79,400 manufacturing establishments. DIW licensed 111 new factories in Oct 2025.",https://www.statista.com/statistics/1302326/thailand-number-of-manufacturing-establishments/
field-service-maintenance,PH,"PSA Annual Survey of Philippine Business and Industry (ASPBI), Manufacturing","Not verified. psa.gov.ph returned 403; a search snippet reports 23,571 formal-sector manufacturing establishments (2022 ASPBI).",https://www.statista.com/statistics/1302326/thailand-number-of-manufacturing-establishments/
field-service-maintenance,AU,"ABS Counts of Australian Businesses, including Entries and Exits (ANZSIC Division C Manufacturing)",Not retrieved. The page gives only +0.2% growth for Manufacturing in 2025-26; the count sits in the data cube.,https://www.abs.gov.au/statistics/economy/business-indicators/counts-australian-businesses-including-entries-and-exits/latest-release
agriculture-commodity,US,"USDA NASS Grain Stocks, off-farm storage facilities (enumeration of all known commercial grain storage: elevators, warehouses, terminals, merchant mills, oilseed crushers)","7,922 off-farm facilities on 1 Dec 2024 (11.8bn bu capacity). Facilities, not firms.",https://esmis.nal.usda.gov/sites/default/release-files/xg94hp534/5d86qt759/xp68nc84m/grst0125.pdf
agriculture-commodity,EU,"COCERAL (European grain, oilseed, feed and agrosupply trade federation): national member associations plus corporate members","About 3,000 trading companies across 18 national trade associations, plus about 14-16 corporate members (ADM, Bunge, Cargill, LDC, Viterra). Includes CH and UK associates.",https://www.coceral.com/
agriculture-commodity,UK,"Agricultural Industries Confederation (AIC) membership (grain and oilseed marketing, feed, fertiliser, seed, crop protection)","230+ members, £8bn farmgate turnover. Trade-association figure, not a regulator register.",https://www.agrovista.co.uk/aic
agriculture-commodity,SG,Enterprise Singapore Global Trader Programme (GTP),"400+ global, regional and local commodity players under GTP across all commodities (2018), including 60 large homegrown traders. No agri-only count published.",https://www.nas.gov.sg/archivesonline/data/pdfdoc/20180517005/MR01118_Global%20Trader%20Dialogue%20%20on%2017%20May%202018_2018%2005%2017.pdf
agriculture-commodity,IN,"e-NAM (National Agriculture Market), Ministry of Agriculture & Farmers Welfare, PIB release","267,719 registered traders, 4,518 FPOs and 1,522 integrated mandis (30 Jun 2025). Mostly small traders; the enterprise buyer set is much smaller.",https://www.pib.gov.in/PressReleasePage.aspx?PRID=2148525
agriculture-commodity,ID,GAPKI (Indonesian Palm Oil Association) membership vs. total palm oil companies,"About 3,500 palm oil companies in Indonesia, about 750 of them GAPKI members. Palm oil only, not a regulator register.",https://gapki.id/news/tag/perusahaan-kelapa-sawit-di-indonesia-berjumlah-sekitar-3-500-perusahaan-dan-750-di-antaranya-adalah-anggota-gapki/
agriculture-commodity,VN,Ministry of Industry and Trade certificates of eligibility for rice export business,221 certified rice export enterprises (28 Apr 2025). Rice only.,https://en.sggp.org.vn/ministry-licenses-an-extra-of-221-rice-export-enterprises-post117263.html
agriculture-commodity,MY,"MPOB (Malaysian Palm Oil Board) licensing: dealer fruit (DF) licences, mills, refineries","About 3,460 licensed oil palm fruit dealers (Dec 2021, per MPOB, cited in MPOB's own journal). Separately, about 450 mills and about 52 refineries operated in 2022 (secondary figure, not verified on an opened MPOB page).",https://palmoilis.mpob.gov.my/publications/OPIEJ/opiejv23n1-parthiban.pdf
agriculture-commodity,TH,Thai Rice Exporters Association member list,Not established. The member page was opened but the count could not be extracted. A secondary snippet claims 199 member exporters (unverified). The DFT exporter register count was not found.,http://www.thairiceexporters.or.th/member.htm
agriculture-commodity,PH,Bureau of Plant Industry rice import clearances (SPSICs); NFA grains business licensing,"BPI issued 4,500 SPSICs in 2025 (3,909 used). These are clearances, not distinct firms. The NFA page reporting 74,875 licensed grains businessmen (older figure) was blocked (403) and is unverified.",https://ricenewstoday.com/rice-imports-tumble-nearly-30-in-2025-after-import-ban/
agriculture-commodity,AU,Grain Trade Australia (GTA) membership (industry self-regulatory body; trading standards and dispute resolution),"295+ member organisations (8 May 2025), from regional family businesses to national and international traders, bulk handlers, processors and stockfeed millers",https://graintrade.org.au/wp-content/uploads/2025/05/Letter-to-DAFF_CRIS_19May25.pdf
mainframe-cobol-general,US,FDIC BankFind / institutions API (active FDIC-insured institutions). Federal agencies are covered separately by GAO legacy-system reviews (69 systems reviewed).,"4,223 active FDIC-insured institutions (API index dated 2 Oct 2026). Most small banks outsource to cores, so in-house mainframe COBOL buyers are a subset of large banks, insurers, federal agencies and 50 state agencies.",https://api.fdic.gov/banks/institutions?filters=ACTIVE:1&limit=1&fields=NAME
mainframe-cobol-general,EU,ECB list of supervised entities (significant institutions),110 significant banks directly supervised by ECB (cut-off 1 July 2026),https://www.bankingsupervision.europa.eu/banking/list/html/index.en.html
mainframe-cobol-general,UK,"Bank of England PRA list of regulated firms (banks, building societies, credit unions, insurers)","About 1,300 PRA-regulated firms, including 50 building societies and 300+ credit unions",https://www.bankofengland.co.uk/prudential-regulation/authorisations/which-firms-does-the-pra-regulate
mainframe-cobol-general,SG,MAS Financial Institutions Directory (Banking: Full Bank),20 results under Full Bank category (wholesale and merchant banks not counted),https://eservices.mas.gov.sg/fid/institution?sector=Banking&category=Full%20Bank
mainframe-cobol-general,IN,RBI List of Scheduled Commercial Banks,"About 121: 12 public sector, 21 private, 11 small finance, 5 payments, 28 RRBs, 44 foreign banks",https://www.rbi.org.in/scripts/bs_viewcontent.aspx?Id=3657
mainframe-cobol-general,ID,OJK Statistik Perbankan Indonesia (June 2025),"105 commercial banks (Bank Umum), June 2025. BPR rural banks are excluded.",https://ojk.go.id/id/kanal/perbankan/data-dan-statistik/statistik-perbankan-indonesia/Documents/Pages/Statistik-Perbankan-Indonesia---Juni-2025/STATISTIK%20PERBANKAN%20INDONESIA%20-Juni%202025.pdf
mainframe-cobol-general,VN,State Bank of Vietnam list of domestic joint-stock commercial banks (Danh sách các ngân hàng TMCP trong nước),33 joint-stock commercial banks as of 31 Mar 2025 (state-owned and foreign banks listed separately),https://sbv.gov.vn/en/w/danh-s%C3%A1ch-c%C3%A1c-ng%C3%A2n-h%C3%A0ng-tmcp-trong-n%C6%B0%E1%BB%9Bc-%C4%91%E1%BA%BFn-30/3/2025-2
mainframe-cobol-general,MY,Bank Negara Malaysia Financial Sector Participants (FSP) Directory,"About 42 banks: 9 domestic and 15 foreign commercial banks, plus 18 Islamic banks. The directory lists 237 FSP entries in total.",https://www.bnm.gov.my/regulations/fsp-directory
mainframe-cobol-general,TH,Bank of Thailand statistics on commercial banks registered in Thailand,"The BOT page opened gives aggregate figures only, not a bank count. A search snippet said 17 Thai-registered commercial banks, but this was not verified.",https://app.bot.or.th/BTWS_STAT/statistics/BOTWEBSTAT.aspx?reportID=158&language=eng
mainframe-cobol-general,PH,BSP Table 23 Number of Financial Institutions,"44 universal/commercial bank head offices, 42 thrift banks, 366 rural and cooperative banks (posted 10 Sep 2026)",https://www.bsp.gov.ph/Statistics/Financial%20System%20Accounts/tab23_nfi.aspx
mainframe-cobol-general,AU,APRA Register of Authorised Deposit-taking Institutions,"About 150+ ADIs: ~80 Australian-owned, ~10 foreign subsidiaries, ~60 foreign branches (register dated 10 Aug 2026)",https://www.apra.gov.au/register-of-authorised-deposit-taking-institutions
e-invoicing-tax-compliance,US,US Census Bureau Annual Business Survey / SUSB (employer firms). No federal B2B e-invoicing mandate.,About 5.9 million employer firms (reference year 2022),https://census.gov/newsroom/press-releases/2024/employer-businesses.html
e-invoicing-tax-compliance,EU,Eurostat structural business statistics,"33.1 million enterprises (2023); large enterprises (250+) are 0.2%, about 66,000",https://ec.europa.eu/eurostat/web/products-eurostat-news/w/ddn-20251013-2
e-invoicing-tax-compliance,UK,HMRC VAT trader population (VAT annual statistics),"About 2.7 million VAT-registered businesses (Mar 2024, HMRC data via a secondary site). The HMRC commentary page did not show the figure when opened.",https://www.vatcalculators.co.uk/vat-registration-statistics.html
e-invoicing-tax-compliance,SG,IRAS GST-registered businesses by entity type (data.gov.sg),"115,816 GST-registered businesses (FY2025: 105,050 corporate, 4,998 sole prop, 2,914 partnership, 2,854 others). InvoiceNow phased in from 1 Nov 2025 to 1 Apr 2031.",https://data.gov.sg/datasets/d_b6cde411e2fa7098022a0e787fc99c90/view
e-invoicing-tax-compliance,IN,GSTN active taxpayer register and IRP e-invoice statistics,1.54 crore (15.4M) active GST taxpayers (30 Jun 2025); about 9.4 lakh GSTINs generating e-invoices per month (Jan 2025),https://tutorial.gst.gov.in/offlineutilities/gst_statistics/8YearsReport.pdf
e-invoicing-tax-compliance,ID,"DJP register of Pengusaha Kena Pajak (PKP, VAT-registered entrepreneurs)","735,838 PKP (2025), up from 674,964 (2024)",https://insight.kontan.co.id/news/jumlah-pengusaha-kena-pajak-bertambah
e-invoicing-tax-compliance,VN,National Statistics Office / business registration (all enterprises must use e-invoices since 1 Jul 2022),"About 0.92 million active enterprises per the GSO White Book (figure from search results, not confirmed in an opened page). Opened source: about 275,600 enterprises newly registered or resumed in Jan-Nov 2025.",https://en.vietnamplus.vn/newly-established-and-reopened-businesses-up-261-post334038.vnp
e-invoicing-tax-compliance,MY,LHDN MyInvois participating taxpayers,"111,600+ taxpayers on MyInvois (Dec 2025). Phases cut in at >RM100m, RM25-100m, RM5-25m and up to RM5m turnover. The exemption threshold was RM3m in the LHDN timeline and is reported raised to RM1m-plus in later changes.",https://www.hasil.gov.my/en/e-invois/pelaksanaan-e-invois-di-malaysia/garis-masa-pelaksanaan-e-invois/
e-invoicing-tax-compliance,TH,Department of Business Development juristic-person register; Revenue Department e-Tax Invoice approved list (etax.rd.go.th),"Total active count not confirmed in an opened source. Opened source: 85,251 new registrations in 2025. The e-Tax Invoice scheme is voluntary.",https://www.nationthailand.com/business/corporate/40061481
e-invoicing-tax-compliance,PH,"BIR covered taxpayers under RR 8-2022 / RR 11-2025 (Large Taxpayers Service, e-commerce, exporters, CAS users)",Count not published in opened sources. Deadline for covered taxpayers is 31 Dec 2026.,https://www.grantthornton.com.ph/technical-alerts/tax-alert/2026/bir-issues-guidelines-on-electronic-invoicing-retains-31-dec-2026-deadline/
e-invoicing-tax-compliance,AU,ABS Counts of Australian Businesses (Peppol e-invoicing is voluntary for B2B),"2,814,778 actively trading businesses, 996,203 employing (30 Jun 2026)",https://www.abs.gov.au/statistics/economy/business-indicators/counts-australian-businesses-including-entries-and-exits/latest-release
pension-provident-fund-admin,US (private plans),DOL EBSA Form 5500 Private Pension Plan Bulletin,"About 801,400 private pension plans in 2022 (794,200 single-employer). The real buyers are the recordkeepers and TPAs serving them, not each plan",https://www.dol.gov/sites/dolgov/files/ebsa/researchers/statistics/retirement-bulletins/private-pension-plan-bulletins-abstract-2022.pdf
pension-provident-fund-admin,US (public plans),Census Bureau Annual Survey of Public Pensions (state and locally administered DB systems),System count not stated on the pages read. 37m+ participants and $6.49tn assets in 2025. The unit-level files on census.gov list each system,https://www.census.gov/newsroom/press-releases/2026/2025-aspp.html
pension-provident-fund-admin,EU/EEA,EIOPA IORP statistics (occupational pension institutions),"1,419 IORPs, 71.6m members and beneficiaries, EUR 2.72tn (end-2023 data; excludes CY, GR, IE). The Netherlands holds 58.7% of assets",https://www.eiopa.europa.eu/document/download/83b77884-0677-4a06-9976-4fa006b79b01_en?filename=IORPs+Landscape+Factsheet+2024.pdf
pension-provident-fund-admin,UK,The Pensions Regulator scheme return data (DB landscape 2025),"5,060 private sector DB/hybrid schemes plus 200 public service schemes (2025). TPR also reports 36 authorised DC master trusts. Separate DC non-micro scheme counts were not read",https://www.thepensionsregulator.gov.uk/en/document-library/research-and-analysis/occupational-defined-benefit-landscape-in-the-uk-2025
pension-provident-fund-admin,AU,APRA Annual Superannuation Bulletin,"771 APRA-regulated funds in total at June 2025 (down from 1,656 five years earlier). Search snippets for the same bulletin give 58 RSE licensees running 81 funds with more than six members; that figure was not confirmed on the opened page. SMSFs hold $1.1tn but buy SMSF admin software, not fund admin",https://www.apra.gov.au/annual-superannuation-bulletin-2024-25-highlights
pension-provident-fund-admin,SG,CPF Board Annual Report 2024,"1 national buyer (CPF Board: 4.2m members, 2.1m active). Private pension admin is minimal",https://www.cpf.gov.sg/content/dam/web/member/infohub/documents/CPF%20Annual%20Report%202024%20Part%201.pdf
pension-provident-fund-admin,IN,EPFO (national provident fund); exempted private PF trusts administered by employers,"1 national buyer (EPFO, about 340m accounts). Roughly 1,300 exempted private PF trusts per secondary reporting (not confirmed on a primary page; PIB page returned 403). PFRDA NPS is a separate universe",https://currentaffairs.adda247.com/epfo-launches-cites-2-01-platform-fy26-pf-interest-to-be-credited-by-july-15/
pension-provident-fund-admin,ID,"OJK Statistik Bulanan Dana Pensiun (DPPK-PPMP, DPPK-PPIP, DPLK)","Fund count is in the Excel attachment, which was not parsed. Since August 2025 the data lives on data.ojk.go.id/SJKPublic. BPJS Ketenagakerjaan is the national buyer",https://ojk.go.id/id/kanal/iknb/data-dan-statistik/dana-pensiun/Pages/Statistik-Bulanan-Dana-Pensiun-Juli-2025.aspx
pension-provident-fund-admin,MY,Private Pension Administrator Malaysia (PPA) list of SC-approved PRS providers,"9 PRS providers, plus the national EPF/KWSP (and KWAP for civil service pensions; not sourced)",https://www.ppa.my/prs-providers/
pension-provident-fund-admin,TH,World Bank FSAP technical note citing AIMC data on provident funds (PVD),16 asset management companies managing 379 provident funds (Sept 2018); the GPF serves about 1.06m people. SSO is the national buyer,https://documents1.worldbank.org/curated/en/858671571260308391/pdf/Thailand-Financial-Sector-Assessment-Program-Technical-Note-Funded-Pension-System.pdf
pension-provident-fund-admin,VN,"Vietnam Social Security (BHXH Viet Nam), operator of the national insurance database",1 national buyer (VSS). No private provident fund register found,https://expertis.vn/thanh-tra-bhxh-tu-dong-bang-phan-mem-tst/
pension-provident-fund-admin,PH,No register opened (SSS corporate profile URL returned 404),"National buyers SSS, GSIS and Pag-IBIG. No count of private retirement plans found",https://www.asean-ssa.org/files/Organisation%20Profiles/SSS-Profile.pdf
cooperative-rural-microfinance-banking,US,NCUA quarterly credit union data (federally insured credit unions),"4,287 federally insured credit unions at Q4 2025 (2,686 federal, 1,601 state-chartered), down from 4,455 a year earlier. FDIC-insured community banks are an additional pool, not counted here.",https://ncua.gov/newsroom/press-release/2026/ncua-releases-fourth-quarter-2025-credit-union-system-performance-data
cooperative-rural-microfinance-banking,EU,European Association of Co-operative Banks (EACB) membership figures,"About 2,400 locally operating cooperative banks with 35,150 outlets and 91M members. Note that Germany's are already consolidated onto Atruvia agree21.",https://www.eacb.coop/en/european-association-of-co-operative-banks.html
cooperative-rural-microfinance-banking,UK,Bank of England / PRA credit union quarterly statistics (CQ returns),"Institution count not shown on the page; 2.16M adult members and £4.89bn assets at 2025 Q4. The count is in the linked XLSX, which was not opened.",https://www.bankofengland.co.uk/statistics/credit-union/2025/2025-q4
cooperative-rural-microfinance-banking,SG,MCCY Registry of Co-operative Societies sector statistics,22 credit co-operatives as of 31 Mar 2025,https://www.mccy.gov.sg/about-us/news-and-resources/co-operative-sector-statistics-and-publications/
cooperative-rural-microfinance-banking,IN,Ministry of Cooperation / NABARD PACS computerisation project (RBI is the regulator for UCBs),"67,930 PACS sanctioned and 50,455 onboarded (Jan 2025). Plus 1,457 urban co-operative banks at March 2025, per RBI Trend and Progress report as cited by Indian PSU (secondary). RBI, PIB and cooperation.gov.in pages returned 403 or other errors.",https://www.indiancooperative.com/co-op-news-snippets/computerization-51k-pacs-onboarded-68k-secure-sanction-letters/
cooperative-rural-microfinance-banking,IN,"RBI Trend and Progress of Banking in India 2024-25 (urban co-operative banks), via secondary report","1,457 UCBs operational at March 2025; Tier 1 is 57.5% of them",https://indianpsu.com/urban-cooperative-banks-growth-fy25-rbi/
cooperative-rural-microfinance-banking,ID,OJK Statistik Perbankan Indonesia (BPR and BPRS),"About 1,345 BPR plus 173 BPRS (about 1,518) in mid-2025, per search snippets of the OJK statistics and Bisnis.com. The OJK PDF was not opened. OJK expects consolidation toward about 1,000.",https://ojk.go.id/en/berita-dan-kegiatan/siaran-pers/Pages/OJK-Issues-Regulation-On-Information-Technology-Implementation-For-BPR-And-BPRS-Digital-Security.aspx
cooperative-rural-microfinance-banking,VN,State Bank of Vietnam (People's Credit Funds system),"1,183 People's Credit Funds in 57 provinces (31 Dec 2018). A search snippet cites the SBV 2024 annual report at 1,176 (unverified).",https://thitruongtaichinhtiente.vn/hieu-qua-cua-quy-tin-dung-nhan-dan-trong-hoat-dong-tai-chinh-vi-mo-23801.html
cooperative-rural-microfinance-banking,MY,"Suruhanjaya Koperasi Malaysia (SKM) Perangkaan Koperasi 2025, banking and credit co-operatives","549 banking and credit co-operatives in 2025: 2 banking co-ops, 358 credit-function and 189 non-credit-function co-ops doing credit. 16,468 co-ops in total.",https://www.skm.gov.my/images/06-Pusat-Sumber/laporan-perangkaan/BukuPerangkaanDis2025Portal.pdf
cooperative-rural-microfinance-banking,TH,"Office of the Registrar of Cooperatives, Cooperative Promotion Department (savings and credit union co-ops), as reported by Isranews","1,683 savings and credit-union co-operatives (1,105 savings co-ops, 572 credit-union co-ops, plus 13 unions) as of 31 Oct 2021",https://www.isranews.org/article/isranews-news/104771-gov-cooperative-balance-sheet-report-news.html
cooperative-rural-microfinance-banking,PH,Bangko Sentral ng Pilipinas rural and cooperative bank statistics,"The page opened ranks the top 100 rural and cooperative banks by assets (data as of 30 Jun 2026). A snippet puts the sector at about 374 institutions (Jun 2025), unverified.",https://www.bsp.gov.ph/Statistics/Financial%20Statements/Rural/assets.aspx
cooperative-rural-microfinance-banking,AU,APRA list of registered authorised deposit-taking institutions,About 27 credit unions and 8 mutual banks or building societies identifiable by name (10 Aug 2026). This undercounts: many customer-owned ADIs now trade as 'Bank' and are not flagged as mutual.,https://www.apra.gov.au/registers/list-registered-authorised-deposit-taking-institutions
aml-kyc-financial-crime,US,FDIC BankFind institutions API (active FDIC-insured institutions). Credit unions (NCUA) and MSBs (FinCEN) not counted here,"4,223 active FDIC-insured institutions (index dated 2 Oct 2026)",https://api.fdic.gov/banks/institutions?filters=ACTIVE:1&limit=1&fields=NAME
aml-kyc-financial-crime,EU (euro area),ECB list of supervised entities,110 significant banks directly supervised by the ECB (cut-off 1 Jul 2026). The less-significant institutions in Part B were not counted on the page I opened,https://www.bankingsupervision.europa.eu/banking/list/html/index.en.html
aml-kyc-financial-crime,UK,"Bank of England PRA list of regulated firms (banks, building societies, credit unions, insurers)","About 1,300 PRA-regulated firms (lists updated Sept 2026). Includes 50+ building societies and about 300 credit unions",https://www.bankofengland.co.uk/prudential-regulation/authorisations/which-firms-does-the-pra-regulate
aml-kyc-financial-crime,SG,MAS Financial Institutions Directory (Banking sector),"195 banking-sector licences: 6 local banks, 10 qualifying full banks, 20 full banks, 95 wholesale banks, 21 merchant banks, 3 finance companies, plus others. An institution can hold several licences",https://eservices.mas.gov.sg/fid/institution?sector=Banking
aml-kyc-financial-crime,IN,RBI list of scheduled commercial banks,"About 119 scheduled commercial banks: 12 public sector, 21 private, 11 small finance, 4 payments, 28 regional rural, 43 foreign. Cooperative banks excluded",https://www.rbi.org.in/scripts/bs_viewcontent.aspx?Id=3657
aml-kyc-financial-crime,ID,OJK banking statistics / Survei Orientasi Bisnis Perbankan,About 102+ commercial banks (bank umum): OJK's Q4-2025 survey covered 102 banks holding 99.25% of commercial bank assets. The total count and the BPR/BPRS count were not stated on the pages I opened (statistics moved to data.ojk.go.id). More than 200 BPR/BPRS were in merger proceedings in April 2026,https://ojk.go.id/id/berita-dan-kegiatan/siaran-pers/Pages/Survei-Orientasi-Bisnis-Perbankan-OJK-Triwulan-IV-2025.aspx
aml-kyc-financial-crime,VN,State Bank of Vietnam list of credit institutions (joint-stock commercial banks),"34 joint-stock commercial banks as of 30 Jun 2026. State-owned, foreign-owned, joint-venture banks and foreign branches are listed separately and not counted here",https://sbv.gov.vn/en/joibt-stock-commercial-banks
aml-kyc-financial-crime,MY,Bank Negara Malaysia List of Licensed Financial Institutions,"Not readable: the table is rendered by JavaScript. The register covers commercial, Islamic, international Islamic and investment banks, digital banks, insurers and takaful operators. A secondary snippet (unverified) gives 24 commercial, 16 Islamic, 10 investment and 5 digital banks as of March 2026",https://www.bnm.gov.my/list-of-licensed-financial-institutions
aml-kyc-financial-crime,TH,Bank of Thailand: Thailand's financial institutions (depositary corporations),"Not stated on the BOT pages I opened. Categories: commercial banks (universal, retail, foreign subsidiaries, foreign branches), SFIs under the Ministry of Finance, saving cooperatives and credit unions",https://www.bot.or.th/en/our-roles/financial-institutions/Thailand-financial-institutions-and-financial-service-providers/depositary-corporations.html
aml-kyc-financial-crime,PH,BSP PhilPaSS (Peso RTGS) participants list,"268 participants as of 23 Sep 2026: 44 universal/commercial, 38 thrift, 132 rural/cooperative, 7 digital banks, 5 NBQBs. This is a lower bound on BSP-supervised banks",https://www.bsp.gov.ph/PaymentAndSettlement/PhilPaSSParticipants.pdf
aml-kyc-financial-crime,AU,APRA Register of Authorised Deposit-taking Institutions,"134 ADIs (10 Aug 2026): 74 Australian-owned, 9 foreign subsidiary banks, 49 foreign bank branches, 2 PPF providers. AUSTRAC's wider reporting-entity population was not retrieved (page timed out)",https://www.apra.gov.au/register-of-authorised-deposit-taking-institutions
capital-markets-trading-clearing,US,"FINRA member firms (registered broker-dealers), FINRA 2026 Industry Snapshot","3,184 at end-2025 (2,832 small, 197 mid-size, 155 large)",https://www.finra.org/media-center/blog/four-insights-from-finras-2026-industry-snapshot
capital-markets-trading-clearing,IN,"SEBI registered intermediaries: stock brokers, equity segment","4,993 records (SEBI listing viewed Oct 2026)",https://www.sebi.gov.in/sebiweb/other/OtherAction.do?doRecognisedFpi=yes&intmId=30
capital-markets-trading-clearing,ID,OJK weekly capital market statistics: Perusahaan Efek,"119 securities companies, of which 112 hold a broker-dealer licence (PPE) and 89 an underwriter licence (PEE) (June 2025)",https://www.ojk.go.id/id/kanal/pasar-modal/data-dan-statistik/statistik-pasar-modal/Documents/3.%20STATISTIK%20MINGGU%20KE-3%20JUNI%202025.pdf
capital-markets-trading-clearing,TH,SET member list,36 SET member companies,https://www.set.or.th/en/market/information/member-list/main
capital-markets-trading-clearing,PH,PSE Trading Participant directory,"About 130-160 active trading participants. The directory page shows about 160 active and 2 suspended, but that is an automated count and needs a manual check",https://www.pse.com.ph/directory/
capital-markets-trading-clearing,AU,ASX Trading / Clear / Settlement Participant lists,About 59 unique ASX Trading Participant entities and about 68 entities on the ASX Clear list (my parse of ASX PDFs dated Sept 2026),https://www.asx.com.au/content/dam/asx/participants/lists-of-participants/asx-trading-participant.pdf
capital-markets-trading-clearing,VN,"VSDC depository members (banks and securities companies), via Baker McKenzie's HOSE guide. No SSC count was found",124 depository members (banks and securities companies) as of 1 Feb 2026. The securities-company-only count was not found,https://resourcehub.bakermckenzie.com/en/resources/cross-border-listings-guide/asia-pacific/ho-chi-minh-stock-exchange/topics/overview-of-exchange
capital-markets-trading-clearing,SG,MAS Financial Institutions Directory: Capital Markets Services licensees,"Not verified. Search snippets suggest about 300 licensees for dealing in capital markets products and about 1,560 CMS licensees overall. The MAS reports page I opened gives no count inline",https://www.mas.gov.sg/regulation/capital-markets/cmi-licensing-and-registration-reports
capital-markets-trading-clearing,EU,ESMA MiFID investment firms register (registers.esma.europa.eu),Not retrieved. The register is live and the page I opened gives no aggregate count,https://www.esma.europa.eu/publications-and-data/databases-and-registers
capital-markets-trading-clearing,UK,FCA register: MIFIDPRU investment firms; LSE member firm directory,"Not verified. FCA pages are behind a bot check. A search snippet says about 3,800 firms filed MIFIDPRU returns in 2024-25, but that covers all investment firms, not just brokers. The LSE directory page I opened gave no count",https://www.londonstockexchange.com/help/whats-member-directory-search
capital-markets-trading-clearing,MY,Bursa Malaysia list of Participating Organisations,Not retrieved. Bursa pages returned HTTP 403,https://www.bursamalaysia.com/trade/trading_resources/brokers_for_equities/list_of_participating_organisations
port-terminal-operating-system,US,"BTS Port Performance Freight Statistics Program (FAST Act mandate to report the top 25 ports by tonnage, dry bulk and TEU; port profiles for the top 50). The USACE Master Docks Plus database of 40,000+ facilities appears only in search snippets.","Top 25 container ports by TEU reported to Congress, out of 50 profiled ports. The page itself returned 403. Counts are from the BTS program description in search results.",https://www.bts.gov/ports
port-terminal-operating-system,EU,"TEN-T core and comprehensive seaport lists (European Commission), as summarised in European Court of Auditors Special Report 16/2023","329 key seaports, of which 104 are core ports",https://www.eca.europa.eu/lists/ecadocuments/sr16_23/sr_maritime_en.pdf
port-terminal-operating-system,UK,DfT Port Freight Statistics,51 major ports (at least 1 million tonnes a year or strategically important). Minor ports are not counted individually.,https://www.gov.uk/government/statistics/port-freight-annual-statistics-2025/port-freight-annual-statistics-2025-overview-of-port-freight-statistics-and-useful-information
port-terminal-operating-system,SG,MPA list of licensed commercial terminal operators,"2 main cargo terminal operators: PSA Corporation (5 container terminals: Tanjong Pagar, Keppel, Brani, Pasir Panjang, Tuas) and Jurong Port",https://www.mpa.gov.sg/port-marine-ops/operations/port-infrastructure/terminals
port-terminal-operating-system,IN,"Ministry of Ports, Shipping and Waterways, Ports Wing","12 operational major ports (14 notified) and about 200 non-major ports under State Maritime Boards, of which about 65 handle cargo",https://shipmin.gov.in/en/division/ports-wing
port-terminal-operating-system,ID,"Rencana Induk Pelabuhan Nasional (KP 432/2017), Kementerian Perhubungan, as reported by ANTARA","636 public ports: 28 utama, 164 pengumpul, 166 pengumpan regional, 278 pengumpan lokal. Of these, 102 are commercial. There are also 1,394 TERSUS/TUKS. Container terminals are mainly under Pelindo's container subholding.",https://www.antaranews.com/berita/3751818/mewujudkan-indonesia-poros-maritim-dunia-lewat-konektivitas-pelabuhan
port-terminal-operating-system,VN,"Government decision listing Vietnam's seaports (Prime Minister's decision, 2022)","34 seaports: 2 special, 11 Grade-1, 7 Grade-2, 14 Grade-3",https://en.baochinhphu.vn/list-of-34-vietnamese-seaports-announced-111220709184208095.htm
port-terminal-operating-system,MY,"Ministry of Transport Malaysia, federal ports and port authorities","7 main federal ports (Penang, Port Klang, Kuantan, Kemaman, Johor, Tanjung Pelepas, Bintulu) under 8 port authorities. Sabah and Sarawak ports are under state jurisdiction.",https://www.mot.gov.my/en/maritime/infrastructure/development-administration-of-ports
port-terminal-operating-system,TH,Port Authority of Thailand ports (secondary source; the Marine Department register was not readable),"5 PAT ports. Laem Chabang alone has 11 container terminals and 4 multi-purpose terminals under concession. Private river ports: about 161, per a search snippet only.",https://logistics-manager.com/introducing-pat-ports/
port-terminal-operating-system,PH,Philippine Ports Authority port system. The PPA site and statistics PDF failed TLS verification and could not be read.,Not verified from an opened source. Search snippets say 115 ports in the PPA system and 25 PMOs. Manila container terminals are run by ICTSI (MICT) and Asian Terminals Inc.,https://en.wikipedia.org/wiki/Port_of_Manila
port-terminal-operating-system,AU,"Ports Australia full-member port entities. BITRE Waterline covers the 5 major container ports: Brisbane, Sydney, Melbourne, Adelaide, Fremantle.","21 port-entity members. The container terminal operators at the 5 mainland container ports (Patrick, DP World, VICT, Hutchison, Qube) are not separately registered.",https://www.portsaustralia.com.au/members
civil-registration-identity,US,"NCHS/NCVHS list of US vital records jurisdictions (50 states, NYC, DC, territories). Some cities and counties also run their own vital records offices",57 vital records jurisdictions,https://ncvhs.hhs.gov/wp-content/uploads/2018/01/NCVHS_Vital_Records_Uses_Costs_Feb_23_2018-1.pdf
civil-registration-identity,UK,Local Registration Services in England and Wales under GRO (ICIBI 2016 inspection). Scotland (NRS) and Northern Ireland (GRONI) are separate registrars,174 local authorities plus GRO; about 3 national registrars across the UK,https://assets.publishing.service.gov.uk/media/5a805ce0ed915d74e622e045/ICIBI-GRO-birth-records-2016.pdf
civil-registration-identity,EU,No EU-wide register found. Germany: municipal registration authorities (Meldebehörden). Vendor HSH says about three quarters use MESO/VOIS|MESO. Netherlands: municipalities on GBA/BRP,"Not found as a single figure. Germany's Meldebehörden are in the thousands (AKDB alone reports over 2,000 OK.EWO installations)",https://www.vois.org/fachverfahren/vois-meso/
civil-registration-identity,SG,"Immigration & Checkpoints Authority (ICA) is the registry authority for births and deaths. GovTech, MOH and PSD run the LifeSG and My Legacy front ends",1 registry authority (plus GovTech as platform owner),https://www.ica.gov.sg/news-and-publications/newsroom/media-release/streamlining-birth-and-death-registration-processes-digital-certificates-to-replace-physical-certificates-from-29-may-2022
civil-registration-identity,IN,ORGI Civil Registration System: Chief Registrars in each State/UT and local registration units,"36 States/UTs (Chief Registrars); about 270,000 registration units",https://getinthepicture.org/system/files/Session%205%20-%20India%20-%20Civil%20Registration%20and%20Vital%20Statistics%20System%20-%20India.pdf
civil-registration-identity,ID,"Ditjen Dukcapil (Ministry of Home Affairs) plus one Dinas Dukcapil per kabupaten/kota, all migrating to SIAK Terpusat under Permendagri 95/2019",1 national directorate plus about 514 district/city offices. The 514 figure comes from search snippets and was not confirmed on an opened page,https://disdukcapil.klungkungkab.go.id/penerapan-siak-terpusat-untuk-meningkatkan-efisiensi-dan-kemanan/
civil-registration-identity,VN,"Ministry of Justice shared civil-status (hộ tịch) software users: provincial Justice Departments, district justice offices, commune People's Committees. Counts are from 2020, before the 2025 administrative merger","63 provincial Sở Tư pháp, 700+ district offices, 11,000+ communes (2020)",https://hanoimoi.vn/tin-tuc/Cai-cach-hanh-chinh/985725/phan-mem-dang-ky-quan-ly-ho-tich-dien-tu-dung-chung-co-hon-18000-nguoi-dung
civil-registration-identity,MY,"Jabatan Pendaftaran Negara (JPN) handles birth, death, marriage, adoption, MyKad and citizenship",1 national agency (branch count not stated),https://www.jpn.gov.my/en/laman-utama-english/
civil-registration-identity,TH,DOPA Bureau of Registration Administration (BORA) central database and district-level registration offices,"1 central bureau; about 1,200 district-level registration offices (computerized by 1997)",https://documents1.worldbank.org/curated/en/889991570768577260/pdf/Thai-Civil-Registration-and-Vital-Statistics-and-Unique-Identification-Number-Systems-for-Universal-Health-Coverage-A-Case-Study.pdf
civil-registration-identity,PH,Philippine Statistics Authority (Civil Registrar General) plus city/municipal Local Civil Registry Offices (LCROs),1 PSA plus one LCRO per city/municipality. The total LCRO count was not confirmed in opened sources,https://www.unsiap.or.jp/sites/default/files/pdf/e-learning_el_material_3_population_3_1_pop_1312_vital2s4_civil_registration.pdf
civil-registration-identity,AU,"State and territory Registries of Births, Deaths and Marriages",8 registries,https://en.wikipedia.org/wiki/Civil_registration_in_Australia
regulatory-prudential-reporting,US,"FDIC Quarterly Banking Profile, Q2 2026 (FDIC-insured institutions)","4,238 insured institutions (down 41 in Q2 2026). Excludes credit unions (NCUA), insurers (state/NAIC) and holding companies filing FR Y-9C.",https://www.fdic.gov/quarterly-banking-profile/quarterly-banking-profile-second-quarter-2026.pdf
regulatory-prudential-reporting,EU,ECB Banking Supervision list of supervised entities (cut-off 1 July 2026),110 significant banks directly supervised. Less-significant institutions (Part B) and the EBA Credit Institutions Register not counted on the page opened. Euro area only.,https://www.bankingsupervision.europa.eu/framework/supervised-banks/html/index.en.html
regulatory-prudential-reporting,UK,"PRA Business Plan 2026/27 (PRA-regulated firms; monthly PRA lists of banks, building societies, credit unions, insurers)","1,254 firms: 686 deposit-takers and 568 insurers",https://www.bankofengland.co.uk/prudential-regulation/publication/2026/april/pra-business-plan-2026-27
regulatory-prudential-reporting,SG,"MAS Financial Institutions Directory, Banking sector","195 licence results: 6 local, 10 qualifying full, 20 full, 95 wholesale, 21 merchant banks, 3 finance companies, plus 27 representative offices and other categories. One institution can hold several licences.",https://eservices.mas.gov.sg/fid/institution?sector=Banking
regulatory-prudential-reporting,IN,RBI List of Scheduled Commercial Banks,"About 120: 12 public sector, 21 private, 11 small finance, 5 payments banks (1 licence cancelled), 28 regional rural, 44 foreign. Excludes cooperative banks and NBFCs, which also file to CIMS.",https://www.rbi.org.in/scripts/bs_viewcontent.aspx?Id=3657
regulatory-prudential-reporting,ID,"OJK Statistik Perbankan Indonesia, June 2025 ('Jumlah Bank' series); data now on data.ojk.go.id",About 105 commercial banks (bank umum) in mid-2025. BPR/BPRS rural banks are additional and were not extracted.,https://ojk.go.id/id/kanal/perbankan/data-dan-statistik/statistik-perbankan-indonesia/Documents/Pages/Statistik-Perbankan-Indonesia---Juni-2025/STATISTIK%20PERBANKAN%20INDONESIA%20-Juni%202025.pdf
regulatory-prudential-reporting,VN,No official SBV register opened. Secondary source: Vietnamese Wikipedia list of banks.,"About 49 domestic banks, plus 2 joint-venture banks, 8-9 wholly foreign-owned banks and 50+ foreign branches and rep offices. Not verified against the SBV list.",https://vi.wikipedia.org/wiki/Danh_s%C3%A1ch_ng%C3%A2n_h%C3%A0ng_t%E1%BA%A1i_Vi%E1%BB%87t_Nam
regulatory-prudential-reporting,MY,Bank Negara Malaysia Financial Sector Participants Directory,"25 commercial banks, 17 Islamic banks, 8 investment banks, 4 digital banks. Insurers: 13 life, 18 general, 15 takaful operators, 7 reinsurers/retakaful.",https://www.bnm.gov.my/regulations/fsp-directory
regulatory-prudential-reporting,TH,"Bank of Thailand, Depositary Corporations page (commercial banks, SFIs)","Not confirmed. The BOT pages opened describe the categories (universal, retail, foreign subsidiary and branch, SFIs) but give no count. Secondary search snippets say about 30 commercial banks.",https://www.bot.or.th/en/our-roles/financial-institutions/Thailand-financial-institutions-and-financial-service-providers/depositary-corporations.html
regulatory-prudential-reporting,PH,BSP PhilPaSS participant list as of 23 September 2026 (proxy for the BSP bank directory),"44 universal/commercial banks, 38 thrift banks, 132 rural/cooperative banks (214 banks; 268 participants in total). This list covers RTGS participants only, and BSP's total of rural banks is higher.",https://www.bsp.gov.ph/PaymentAndSettlement/PhilPaSSParticipants.pdf
regulatory-prudential-reporting,AU,APRA List of registered authorised deposit-taking institutions (updated 10 Aug 2026),"About 160-170 ADIs (~90 Australian-owned, ~9 foreign subsidiaries, ~60 foreign branches). APRA-regulated insurers and super funds are additional. APRA engaged about 1,800 reporting entities in 2018.",https://www.apra.gov.au/registers/list-registered-authorised-deposit-taking-institutions
