category,claim,url,supported,fix
core-banking,Jack Henry SilverLake: 520 banks ($1B to over $55B assets); CIF 20/20: 260 banks (de novo to $6B); Core Director: over 170 banks (de novo to $2B) (FY2025 10-K),https://www.sec.gov/Archives/edgar/data/779152/000077915225000055/jkhy-20250630.htm,True,None. The FY2025 10-K gives these exact counts and asset ranges.
core-banking,"Jack Henry Symitar: about 715 credit unions ($20M to $33B assets); JKHY total about 1,670 bank and credit union core clients; outsourced core contracts typically run six years",https://www.sec.gov/Archives/edgar/data/779152/000077915225000055/jkhy-20250630.htm,True,"None. The 10-K says about 715 Symitar credit unions and about 1,670 core clients (out of about 7,400 institutions served). Outsourced core contracts typically run six years."
core-banking,"Temenos: over 950 core banking clients and 600 digital banking clients, 150+ countries",https://www.temenos.com/about-us/,True,"None. The page says 'over 950 core banking and 600 digital banking clients' and 150+ countries. Note that this is a vendor marketing figure, not a filing."
core-banking,"US buyer universe: 4,238 FDIC-insured institutions (Q2 2026) and 4,214 federally insured credit unions (Q2 2026)",https://ncua.gov/files/publications/analysis/quarterly-data-summary-2026-Q2.pdf,True,"None. The FDIC Q2 2026 release (https://www.fdic.gov/news/press-releases/2026/fdic-insured-institutions-reported-return-assets-137-percent-and-net) gives '4,238 insured commercial banks and savings institutions'. The NCUA PDF says that as of June 30, 2026 there were 4,214 federally insured credit unions (2,649 federal, 1,565 state-chartered), down from 4,370 in 2025Q2."
core-banking,"S2 slow-to-replace sign met: CBA core modernisation announced April 2008 at about A$580M over four years, declared complete Oct 2012 after five years and over A$1B; Jack Henry cloud-native rewrite takes about 15 years, with customers on IBM i for 10 to 15 years",https://www.itjungle.com/2022/03/28/inside-jack-henrys-long-term-modernization-roadmap/,False,"Partly supported. The cited IT Jungle article supports only the Jack Henry parts: about 15 years to deliver, and most customers on IBM i for ten or fifteen years. It does not mention CBA, TSB or contract lengths. For CBA, cite iTnews https://www.itnews.com.au/news/commbank-declares-core-bank-overhaul-complete-321165, which quotes 'five years and over $1 billion' (2012 AGM). That article does not give the original A$580M figure. Cite the April 2008 forecast to the CBA media release (https://www.commbank.com.au/content/dam/commbank/about-us/shareholders/pdfs/2008-asx/Core_banking_modernisation_media_release_28april2008.pdf, not opened) or to iTnews https://www.itnews.com.au/news/commonwealth-bank-to-invest-580-million-on-it-refresh-109632 (not opened). I did not verify the TSB claims (Proteo4UK timeline, GBP18.9M PRA fine, GBP48.65M total) from any opened source. Each needs its own PRA/FCA URL or should be dropped. The largest-challenger-funding claim was cut off in the supplied JSON, so I could not check it."
card-payments-processing,HPS PowerCARD: over 500 clients in 100 countries; HPS founded 1995,https://www.hps-worldwide.com/about-hps,True,"None. The About page says 'over 500 clients in 100 countries' and 'Established in 1995'. The count covers all of HPS, not PowerCARD alone, so label it as a company-wide figure."
card-payments-processing,"OpenWay Way4 is used by 135 banks and other organisations globally, 14 of them in Vietnam (MB, MSB, ACB, VPBank, SeABank, Lotte Finance, ACS/AEON)",https://vir.com.vn/opening-way-for-digital-payments-71356.html,True,"The figures and names match, but the article is dated 25 Oct 2019. Present the count as 'as of 2019'. It is not a current figure."
card-payments-processing,"ACI BASE24 first shipped in 1982 on Tandem NonStop; 131 customers in 14 countries by 1986; more than 6,000 organizations today; ACI founded 1975; first foreign customer an Australian bank in 1981",https://www.aciworldwide.com/about-aci/history,False,"Partly supported. 131 customers in 14 countries by 1986, 6,000+ organizations, founded 1975 and the Australian bank in 1981 all match. The 1982 first-ship date does not appear on the page. ACI says BASE24 was its 'first global product', developed in the mid-1970s for NonStop servers. Change first_shipped to 'developed mid-1970s for Tandem NonStop (ACI history page)' or drop the year 1982."
card-payments-processing,"US buyer universe: 4,238 FDIC-insured institutions (Q2 2026) and 4,214 federally insured credit unions (Q2 2026)",https://www.fdic.gov/quarterly-banking-profile/quarterly-banking-profile-second-quarter-2026.pdf,True,"None. The FDIC QBP says the number of insured institutions fell by 41 to 4,238 in Q2 2026. The NCUA Q2 2026 summary (https://ncua.gov/files/publications/analysis/quarterly-data-summary-2026-Q2.pdf) also confirms 4,214 federally insured credit unions with 146.1 million members."
card-payments-processing,"AU buyer universe: APRA ADI register has 152 entries (87 Australian-owned ADIs, 9 foreign subsidiary banks, 54 foreign bank branches, 2 PPF providers), updated 10 Aug 2026",https://www.apra.gov.au/register-of-authorised-deposit-taking-institutions,False,"The 10 Aug 2026 date is right but the counts are wrong. Parsing the register's tables gives 126 entries: 67 Australian-owned ADIs, 8 foreign subsidiary banks, 49 branches of foreign banks, 0 restricted ADIs and 2 PPF providers (PayPal Australia, Wise Australia). Replace with '126 entries (67 Australian-owned, 8 foreign subsidiary banks, 49 foreign bank branches, 2 PPF providers), updated 10 Aug 2026'."
card-payments-processing,"S2 slow-to-replace: in 2012 Bank of America moved its consumer card portfolio from aging in-house technology to TSYS, with a minimum six-year term, a roughly 24-month conversion and an option to license TS2 in-house afterwards",https://www.americanbanker.com/payments/news/bank-of-america-returns-its-consumer-card-portfolio-to-tsys,True,"None for the BofA facts (announced 19 Jul 2012, six-year minimum, conversion expected mid-2014, option to bring processing in-house under a TS2 license). One mismatch: this article dates JPMorgan Chase's TS2 in-house precedent to 2007, while the research cites a 2004 TSYS 8-K for the Chase license. Check that date against the 8-K before stating it."
card-payments-processing,Largest challenger funding (requested check),https://www.hps-worldwide.com/about-hps,False,Not checkable. The research JSON I received is cut off in the reasons_to_stay field and has no challenger or funding field. Re-run this check with the full JSON. No URL was opened for this claim; the URL field is a placeholder.
loan-origination-servicing,"Black Knight FY2022 10-K: 32.8M active first-lien loans on MSP, 63% of 52.5M US first-lien market, plus 3.1M second-lien loans (24%), as of Dec 31, 2022; software/hosting contracts 'typically span five to seven years'",https://www.sec.gov/Archives/edgar/data/1627014/000155837023002252/bki-20221231x10k.htm,True,"None needed. The 10-K table shows first lien active loans 32.8M, market size 52.5M, market share 63%; second lien 3.1M of 13.0M market (24% derived). The 'five to seven years' contract-term quote appears verbatim in the revenue recognition section."
loan-origination-servicing,"Sagent LoanServ/Dara: 16M+ active loans, $2.5T+ UPB, 40+ mortgage and lending clients (Sagent About page)",https://sagent.com/about/,True,"None needed. Page shows 16M+ loans, $2.5T+ UPB, 40+ mortgage and consumer lending clients."
loan-origination-servicing,"Nucleus Software FinnOne: 200+ financial institutions in 50+ countries, $1.2T+ loans managed, 500,000+ daily users (March 2026)",https://www.nucleussoftware.com/our-news/nucleus-software-marks-30-years-bse-listing/,True,"None needed. Article dated March 27, 2026 states 200+ FIs across 50+ countries, $1.2T+ loans, 500,000+ daily logins. Note these are company-wide figures, not FinnOne-only."
loan-origination-servicing,"US buyer universe: 4,238 FDIC-insured commercial banks and savings institutions (Q2 2026)",https://www.fdic.gov/news/press-releases/2026/fdic-insured-institutions-reported-return-assets-137-percent-and-net,True,"None needed. Q2 2026 QBP press release cites reports from 4,238 insured commercial banks and savings institutions."
loan-origination-servicing,"US buyer universe: 4,214 federally insured credit unions at June 30, 2026 (2,649 federal, 1,565 federally insured state-chartered)",https://ncua.gov/files/publications/analysis/quarterly-data-summary-2026-Q2.pdf,True,"None needed. PDF text states 4,214 FICUs in 2026Q2: 2,649 federal and 1,565 federally insured state-chartered."
loan-origination-servicing,S1 pre-cloud core met: PennyMac's 2019 complaint (SEC exhibit) says MSP 'was first developed over 50 years ago' and runs on outdated interfaces connected to a mainframe with batch back-end processing,https://www.sec.gov/Archives/edgar/data/1745916/000110465919060273/a19-22055_1ex99d2.htm,True,"None needed. Para 14: 'MSP was first developed over 50 years ago and utilizes outdated user interfaces connected to a mainframe that relies on back-end and batch processing technology.' Para 16 repeats the point. Note this is a litigant's allegation, not a neutral finding. No 'largest challenger funding' claim appeared in the supplied JSON (it was truncated), so none was checked."
mortgage-servicing,"ICE/Black Knight MSP services about 36 million active loans, against about 66 million US first- and second-lien loans (Black Knight FY2022 10-K).",https://www.sec.gov/Archives/edgar/data/1627014/000155837023002252/bki-20221231x10k.htm,True,None. The 10-K says 'approximately 36 million active loans currently serviced on the system' and 'approximately 66 million active first and second lien mortgage loans and lines of credit in the U.S.' Note that the 66M figure includes lines of credit.
mortgage-servicing,"Sagent: 40+ mortgage and consumer lending clients, 16M+ active loans, $2.5T+ UPB (sagent.com/about).",https://sagent.com/about/,True,"None. The page lists '40+ Mortgage & Consumer Lending Clients', '16M+ Active Loans Serviced' and '$2.5T+ In UPB'. These are vendor marketing figures that span all Sagent platforms, not LoanServ alone."
mortgage-servicing,"US buyer universe: 4,238 FDIC-insured institutions (Q2 2026 Quarterly Banking Profile).",https://www.fdic.gov/news/press-releases/2026/fdic-insured-institutions-reported-return-assets-137-percent-and-net,True,"None. The Q2 2026 release cites 'reports from 4,238 insured commercial banks and savings institutions.'"
mortgage-servicing,"US buyer universe: 4,214 federally insured credit unions (June 30 2026), 748 with assets over $500M (NCUA Q2 2026 Quarterly Data Summary).",https://ncua.gov/files/publications/analysis/quarterly-data-summary-2026-Q2.pdf,True,"None. The PDF text says 4,214 federally insured credit unions in 2026Q2 (down from 4,370). It says complex credit unions with assets over $500 million rose to 748 from 739."
mortgage-servicing,"Legacy sign S1 is met: PennyMac's 2019 FAQ calls MSP an 'outdated, mainframe green screen technology designed decades ago' and refers to 'the mainframe computer technology of MSP'.",https://s201.q4cdn.com/340896660/files/doc_presentations/2019/11/2019-Servicing-Systems-Environment-FAQ.pdf,True,"None. The extracted PDF text has both phrases verbatim: 'MSP is founded on an outdated, mainframe ""green screen"" technology designed decades ago' and 'the mainframe computer technology of MSP'. This is PennyMac's view as a litigant against Black Knight, not a neutral source. The research JSON names no challenger or funding figure, so the requested 'largest challenger funding' claim could not be checked."
insurance-policy-admin,"Guidewire: about 500 customers representing about 570 insurance brands in 43 countries (10-K, FY ended July 31, 2025); initial subscriptions generally five years, some seven or longer",https://www.sec.gov/Archives/edgar/data/1528396/000152839625000221/gwre-20250731.htm,True,None. The 10-K states this exactly.
insurance-policy-admin,"DXC Life & Wealth: 1,000+ customers; 21 of the world's top 25 insurers are DXC customers",https://dxc.com/industries/insurance/life-wealth,True,"None on the numbers. The page reads '1,000+ customers and active customer communities', so it is a Life & Wealth figure. Do not apply it to PMS Series II/III, as the Series II vendor row implies."
insurance-policy-admin,Sapiens: 600+ active customers in 30+ countries (sapiens.com/about),https://sapiens.com/about/,True,Counts confirmed. The page does not mention the Advent International take-private or the 1982 founding year (it says only '40+ years of experience'). Those two details need their own source or should be dropped.
insurance-policy-admin,US buyer universe: 736 life companies filed the life/A&H annual statement for YE2024 (NAIC 2024 Life Industry Commentary),https://content.naic.org/sites/default/files/2024-annual-life-industry-commentary.pdf,True,"736 is confirmed: 'for year-end 2024, a total of 736 companies filed... on the life, accident & health annual statement blank.' The figures of about 1,155 health filers and 2,000+ P&C companies are not on this page. They stay unverified and should be dropped or sourced separately."
insurance-policy-admin,S1 legacy sign met: DXC Series II (PMS) was first developed by Seibels Bruce in the 1970s and runs on z/OS; Series III had 63 insurer customers by 1992,https://www.lookupmainframesoftware.com/soft_detail/dispsoft/2696,True,"Partly supported. The page confirms the 1970s Seibels Bruce origin as PMS, the z/OS platform, PMSC/Mynd from 1981, CSC's 2001 acquisition of Mynd and DXC from 2017. It has no customer counts, so the 63 Series III customers (1992) and 3,000 licenses (1994) need the referenceforbusiness URL cited directly, or should be dropped."
insurance-policy-admin,"Duck Creek: over 150 insurance customers, including four of the top five North American carriers (10-K FY2022)",https://www.sec.gov/Archives/edgar/data/1160951/000095017022020470/dct-20220831.htm,True,"None. The quote is exact. Note it is a 2022 figure, from before Vista took the company private."
insurance-policy-admin,Largest challenger funding,,False,"Drop for now. The research JSON was cut off and has no challenger-funding claim to check, so nothing was verified."
insurance-claims,Guidewire: ~500 customers / ~570 insurance brands in 43 countries as of 31 Jul 2025 (FY2025 10-K); ClaimCenter 270+ customers in 30+ countries (product page),https://www.sec.gov/Archives/edgar/data/1528396/000152839625000221/gwre-20250731.htm,True,"None. 10-K says: 'As of July 31, 2025, we had approximately 500 customers representing approximately 570 insurance brands in 43 countries.' The ClaimCenter product page (https://www.guidewire.com/products/core-products/insurancesuite/claimcenter-claims-management-software) also says '270+ customers in more than 30 countries'. The 10-K also supports the s2 claim: initial terms are usually 5 years, some 7+ years."
insurance-claims,"Duck Creek: over 150 insurance customers, ~83 on SaaS (FY2022 10-K)",https://www.sec.gov/Archives/edgar/data/1160951/000095017022020470/dct-20220831.htm,True,"None. 10-K says 'over 150 insurance customers worldwide, including four of the top five North American carriers' and 'Approximately 83 ... use one or more of our SaaS products' (47+ on SaaS core). Note this is FY2022 data from before the Vista take-private, so it is stale."
insurance-claims,"Majesco: 375+ customers, of which 275+ P&C insurers (Jan 2026, after Vitech acquisition)",https://www.majesco.com/press/majesco-delivers-record-fy25/,True,"The count is right but the date is not. The press release is dated 3 Feb 2026, not Jan 2026. It says '375+ customers globally including 275+ P&C insurers, 100+ L&AH and Pension & Retirement providers'. The Vitech deal was announced Nov 2025 and closed Jan 2026."
insurance-claims,"US buyer universe: 6,228 domestic insurers in 2024 (excluding captives) plus 4,223 captives (NAIC Key Facts 2025)",https://content.naic.org/sites/default/files/publications-key-facts-market-trends-new-york.pdf,True,"None. The table '2024 U.S. Insurance Department Information for All States' shows Num of Domestic 6,228 and Num of Captives 4,223, sourced to the NAIC Insurance Department Resources Report. The URL is the New York edition, but the figures are national totals."
insurance-claims,"EU/EEA buyer universe: 2,124 solo insurance undertakings and 97 insurance groups (EIOPA Risk Dashboard)",https://www.eiopa.europa.eu/eiopas-insurance-risk-dashboard-shows-overall-stability-amid-persistent-tensions-2025-10-30_en,True,"None. The page says the data is 'collected from 97 insurance groups and 2124 solo insurance undertakings'. Note this is the dashboard's reporting sample, not a full register of every licensed EEA insurer."
insurance-claims,"Legacy signs s1/s4: Guidewire 2011 S-1 says P&C legacy core systems often run 20+ years on outdated languages, specialised IT staff are retiring and hard to replace, and ClaimCenter was first sold in 2003",https://www.sec.gov/Archives/edgar/data/1528396/000119312511240194/ds1.htm,True,"None. The S-1 says carriers 'rely on legacy core systems that have often been in operation for 20 years or more, utilize outdated programming languages', that 'Specialized IT staff qualified to maintain these systems are retiring and hard to replace', and that Guidewire 'sold the initial versions of ClaimCenter in 2003'."
insurance-claims,Largest challenger funding,,False,"Drop. The research JSON (cut off at 'segments') has no challenger or funding claim to verify, so nothing was checked."
wealth-portfolio-accounting,"SS&C Advent: about 4,300 clients, about 1,000 US advisory firms hosted for period-end reporting; SS&C acquired Advent for about $2.7B, closed July 2015",https://a-teaminsight.com/blog/vendor-profile-advent-software/?brand=ati,True,"Client counts are supported (4,300 clients, about 1,000 hosted for period-end reporting in the US advisory market). The price is not: A-Team gives $2.63B in cash, not about $2.7B. It also says the deal closed in July 2015 and does not give the 8 July day. Change to '$2.63B cash, closed July 2015'. The Axys vendor row cites Kitces but its customer count comes from this A-Team page, so cite A-Team for that row."
wealth-portfolio-accounting,"FIS InvestOne (Investment Accounting Manager) runs over 60% of the market's mutual funds, about $40 trillion, built in-house in COBOL in the 1980s on IBM mainframe (S1 legacy sign)",https://www.microfocus.com/media/case-study/fis-cs.pdf,True,"No fix needed. The PDF text says InvestOne 'runs over 60 percent of the markets mutual funds', equal to $40 trillion in funds under management, and was 'inhouse developed using COBOL in the 1980s' on an IBM mainframe, with the COBOL engine kept."
wealth-portfolio-accounting,"SEI TRUST 3000: 94 significant US bank and trust relationships at 31 Dec 2016; TRUST 3000 contracts 3 to 7 years, SEI Wealth Platform 5 to 7 years (S2 legacy sign)",https://www.sec.gov/Archives/edgar/data/350894/000035089417000010/seic-123116form10xk.htm,True,"No fix needed. The 10-K says 'significant relationships with 94 bank and trust institutions in the United States' at 31 Dec 2016, with initial terms of 3 to 7 years for TRUST 3000 and 5 to 7 years for SEI Wealth Platform. The figure is nearly 10 years old. Label it as 2016 or refresh it from SEI's latest 10-K."
wealth-portfolio-accounting,"Avaloq: 170+ clients in 35 countries, USD 5.1tn managed on Avaloq software, founded 1985",https://www.avaloq.com/about,True,"No fix needed. The page states 170+ clients in 35 countries, USD 5.1tn on Avaloq software, and 'Since 1985'. This is a vendor self-disclosure, not an audited figure."
wealth-portfolio-accounting,"US buyer universe: 16,544 SEC-registered investment advisers (2025), per IAA/Comply Investment Adviser Industry Snapshot 2026",https://www.investmentadviser.org/wp-content/uploads/2026/06/Snapshot-2026.pdf,True,"No fix needed. The PDF text says the number of SEC-registered advisers 'gained 4.2% in 2025, to reach a record high of 16,544' (up 674 firms). State-registered advisers are excluded, as the research already says."
trade-finance,Surecomp has over 300 clients globally (CIO Applications Europe profile),https://www.cioapplicationseurope.com/surecomp,True,"Supported as stated. The page says over 300 clients globally, banks and corporates across North America, South America, Asia, Europe, the Middle East and Africa. Note the count includes corporates, so it is not a bank-only count. The 175+ banks figure and the '80+ countries' figure are not on this page and need their own URLs."
trade-finance,"Finastra Trade Innovation: over 200 banks globally, which Finastra says process more than 6% of daily trade finance (Global Finance Q&A)",https://gfmag.com/award/winner-insights/finastra-anastasia-mcalpine-revamping-trade-finance/,False,"Partly supported. The page confirms 'over 200 banks globally'. It does not contain the '6% of daily trade finance' figure. A search did not find it either, and finastra.com returned 403. Keep 'over 200 banks' and drop the 6% clause."
trade-finance,"CGI Trade360 (2025 brochure): 322 bank locations, 93 countries, 15 million transactions a year, 25 years of operation",https://www.cgi.com/sites/default/files/2025-04/cgi-trade360-short-overview-brochure-2025.pdf,True,"Supported. Text pulled from the PDF shows '322 bank locations globally', '93 countries supported', '15 million' and '25 years of'. I did not see 'HSBC' in the lines I extracted from the brochure. Cite the HSBC anchor-client point to the CGI HSBC press release instead."
trade-finance,"US buyer universe: 4,238 FDIC-insured banks and savings institutions (Q2 2026)",https://www.fdic.gov/news/press-releases/2026/fdic-insured-institutions-reported-return-assets-137-percent-and-net,True,"Supported. The FDIC Q2 2026 release says 4,238 insured commercial banks and savings institutions. The '90% report zero commercial LCs' and 'top five hold 75-87%' figures come from the Fed FEDS note, so cite that note for them, not this page."
trade-finance,"EU (euro area): 112 significant institutions plus about 1,800 less significant institutions (December 2025)",https://www.bankingsupervision.europa.eu/about/banking-supervision-explained/html/lsi.en.html,True,"Supported. The ECB page says that as of December 2025, 112 banks were classified as SIs and about 1,800 as LSIs."
erp-manufacturing,"Infor LN: 1,500+ discrete manufacturing customers (Infor website)",https://www.infor.com/solutions/erp/ln,True,"None. The page says LN 'supports 1,500+ discrete manufacturing customers' across A&D, automotive, high tech, industrial manufacturing, and E&C."
erp-manufacturing,JD Edwards: about 600 companies still on World; about 10% of E1 base on IBM i; World premier support ended April 2022; E1 premier support to 2033,https://www.itjungle.com/2022/08/03/jd-edwards-customers-face-support-decisions/,True,"None needed. You could add that the article says World extended support continues through 2025. The 600 figure is 'by some estimates', so keep it labelled as an estimate."
erp-manufacturing,"S2 (slow to replace): DSAG survey of 198 senior leaders, Dec 2025 to Jan 2026. 37% of ECC users expect S/4HANA by 2027, nearly half by end-2030, 4% by 2033 or later",https://www.theregister.com/2026/02/27/dsag_ecc_sap/,True,"Mostly supported. Two small wording fixes. The article says 37% 'want to switch' by end-2027, not 'expect to be on'. It says 4% target 'by the end of 2033', not '2033 or later'. The sample size (198) and survey dates (8 Dec 2025 to 21 Jan 2026) match."
erp-manufacturing,"S4 (shrinking skills): 2026 Fortra IBM i survey via LiminalArc. 69% name skills the top concern, 91% run RPG, 72% of developers over 50 and about 36% over 60, 21% of shops rely on 3 to 5 developers",https://www.liminalarc.co/2026/08/the-rpg-skills-cliff/,True,"All the numbers match the page, which also gives security at 64% as the comparison. The page summary did not confirm the 'first time in nine years' detail, so soften it or check it against the Fortra primary source. This is still a secondary source because the Fortra page returned 403."
erp-manufacturing,"US buyer universe: SUSB 2022 NAICS 31-33 shows 239,265 manufacturing firms and 285,500 establishments, with 44,917 firms at 20-99 employees, 12,392 at 100-499 and 4,177 at 500+",https://www2.census.gov/programs-surveys/susb/tables/2022/us_state_6digitnaics_2022.txt,True,"None. These match the national rows in the file exactly: total 239,265 firms and 285,500 establishments; 20-99 is 44,917; 100-499 is 12,392; 500+ is 4,177. Not checked: the research JSON was cut off before any challenger funding claim, so there was no largest-challenger funding figure to verify. A sixth claim (Epicor's 23,000 customers in 150 countries) does appear on the Stacksync page, but that is a third-party source."
erp-distribution,"Epicor Prophet 21 has 5,000+ distributor customers (third-party estimate from ERP Research, not vendor-disclosed)",https://www.erpresearch.com/en-us/epicor-prophet-21,True,"None needed. The page says '5,000+ distributor customers'. Keep the label that it comes from a third party, not Epicor."
erp-distribution,"Infor A+ had about 1,200 customers when Infor acquired it in 2004, and SX.e had nearly 1,000 customers in 2011",https://www.itjungle.com/2011/05/03/fhs050311-story07/,True,"Mostly supported, but one wording change is needed. The 1,200 figure covers Daly & Wolcott's OS/400 Application Plus and its Windows/Unix product commerce@work together. Reword to: '~1,200 customers across A+ and commerce@work at 2004 acquisition'. The source supports 'almost 1,000 customers running SX.enterprise' as written. Separately, infor.com does say 'Over 4,000 distribution companies run on Infor' (https://www.infor.com/industries/distribution), so that claim is supported too."
erp-distribution,"US buyer universe: about 627,800 private wholesale trade establishments (NAICS 42), Q1 2026, BLS QCEW",https://www.bls.gov/iag/tgs/iag42.htm,True,"None needed. BLS shows 627,808 private-industry establishments for Q1 2026, marked preliminary. Add 'preliminary' to the entry, and keep the note that these are establishments, not firms."
erp-distribution,"EU27 buyer universe: 1,584,768 wholesale enterprises (NACE G46) in 2024, and 1,624,310 in 2023 (Eurostat sbs_ovw_act)",https://ec.europa.eu/eurostat/api/dissemination/statistics/1.0/data/sbs_ovw_act?geo=EU27_2020&nace_r2=G46&indic_sbs=ENT_NR&lang=en,True,"None needed. The API returns exactly 1,584,768 for 2024 and 1,624,310 for 2023. It also gives 1,644,135 for 2021 and 1,631,126 for 2022, which could be added to show the decline."
erp-distribution,"Legacy sign s4 (shrinking skills) is met: in Fortra's 2026 IBM i survey (315 respondents), 69% named IBM i skills a top concern, up from 60% in 2025 and 45% in 2020, and it ranks above cybersecurity for the first time in nine years",https://www.itjungle.com/2026/02/02/skills-displaces-cybersecurity-as-top-concern-for-ibm-i-shops/,True,"None needed. All figures match. Sign s2 was also checked against https://www.digitalcommerce360.com/2025/02/12/wesco-500-million-digital-transformation-plans/. It supports the $500M program, the $270M allocated so far and 'more than halfway through our technology buildout'. It does NOT say the program replaces 'a mix of legacy systems'. It describes ecommerce and supply-chain modernization and 'streamlined backend systems'. Reword s2 to match, or drop the 'replace legacy systems' wording. The claim about the largest challenger's funding was not in the research JSON as provided (the payload was cut off before any challengers section), so there was nothing to check and it should be treated as unverified."
financial-close-gl,"US buyer universe: 21,041 large firms (500+ employees), per SBA Office of Advocacy FAQ 2026 (research said the PDF returned 403 and the figure came only from a search snippet)",https://advocacy.sba.gov/wp-content/uploads/2026/02/FINAL_FAQsAboutSmallBusiness_2026_012826.pdf,True,"Value is correct. The PDF can be downloaded and it says 'There are 21,041 large businesses.' Use the PDF URL as the source and remove the note about the 403 and the search snippet. The landing page (https://advocacy.sba.gov/2026/02/03/frequently-asked-questions-about-small-business-2026/) does not state the figure itself."
financial-close-gl,"EU buyer universe: about 55,000 large enterprises (more than 249 persons employed) in 2024, per Eurostat",https://ec.europa.eu/eurostat/web/products-eurostat-news/w/ddn-20251209-2,True,"No change. Eurostat says large enterprises were 0.2% of all EU business-economy enterprises in 2024, or 55,000 enterprises."
financial-close-gl,"UK buyer universe: 8,250 large (250+) plus 37,800 medium (50-249) private businesses at start of 2024",https://www.gov.uk/government/statistics/business-population-estimates-2024/business-population-estimates-for-the-uk-and-regions-2024-statistical-release,True,No change. The DBT release gives both figures exactly.
financial-close-gl,"Infor SunSystems: more than 6,000 customers worldwide (Infor product page)",https://www.infor.com/solutions/erp/sunsystems,True,"No change to the figure. The page says 'over 6,000 customers worldwide', but it says this in the context of SunSystems Cloud. Label it as Infor's marketing claim covering SunSystems overall, not an audited installed-base count."
financial-close-gl,"Tally: 2.5+ million businesses worldwide and 28,000+ partners; origins in 1986 as Peutronics Financial Accountant",https://tallysolutions.com/about-tally/,True,"No change to the figures. Add that Tally says the company was formally established in 1991 and traces its origins to 1986. The 2.5M is a vendor claim of businesses using Tally, not paid enterprise GL seats."
payroll-hr,"ADP: over 1.1 million clients, about 42 million workers paid, 140+ countries (FY2025 10-K); Workforce Now 90,000+ clients; TotalSource PEO 18,000+ clients",https://www.sec.gov/Archives/edgar/data/8670/000000867025000037/adp-20250630.htm,True,"None needed. The 10-K says 'over 1.1 million clients and paying over 42 million workers in over 140 countries', Workforce Now 'over 90,000', and TotalSource 'more than 18,000 clients'. Change 'about 42 million' to 'over 42 million' to match the wording. Optional addition from the same filing: RUN serves over 940,000 small businesses."
payroll-hr,"UK buyer universe: 5.7 million private-sector businesses, about 1.4 million with employees, 38,435 medium (50-249), 8,335 large (250+), DBT Business Population Estimates 2025",https://www.gov.uk/government/statistics/business-population-estimates-2025/business-population-estimates-for-the-uk-and-regions-2025-statistical-release,True,None needed. All four figures match the release (start of 2025).
payroll-hr,"AU buyer universe: 2,814,778 actively trading businesses at 30 June 2026, 996,203 employing, 5,366 with 200+ employees and 68,325 with 20-199",https://www.abs.gov.au/statistics/economy/business-indicators/counts-australian-businesses-including-entries-and-exits/latest-release,True,None needed. The ABS latest release matches all four figures.
payroll-hr,"S1/S4 legacy signs (California): the state payroll systems were developed more than 30 years ago, run on mainframe, pay about 260,000 state employees, and the SCO reports trouble hiring staff with mainframe expertise",https://lao.ca.gov/Publications/Report/3590,True,"Supported. The LAO says the legacy systems 'were developed more than 30 years ago', cover about 260,000 state employees, and names challenges hiring staff with mainframe expertise. The page fetch did not confirm the separate 'some components nearly 50 years old' wording in the California vendor row. Drop that phrase or cite a page that says it."
payroll-hr,"S2 slow to replace: Oracle-based NHS ESR pays about 1.9 million staff and is being replaced under a 15-year, £1.4bn Infosys contract. Infosys takes over by Aug 2026 and ESR support ends in 2035",https://www.publictechnology.net/2025/11/13/health-and-social-care/nhs-sheds-light-on-plans-for-1-4bn-hr-system/,True,"None needed. The article confirms 1.9 million employees, a 15-year £1.4bn deal (inclusive of VAT), Infosys taking over ESR by 31 August 2026 when IBM's contract ends, and an ESR support end date of 2035. Add 'inc. VAT' to the £1.4bn figure."
payroll-hr,Largest challenger funding,,False,"Drop for now. The research JSON was cut off at 'reasons_to_stay' and has no challenger or funding field, so there was nothing to check. Re-run with the full JSON to verify it."
procurement-ap,"Basware: founded 1985; 6,500+ customers, 2.5bn+ invoices, USD 10tn+ spend processed, 190+ countries",https://www.basware.com/en/about-basware,True,"None. The page states 6,500+ customers, 2.5B+ invoices (described as invoices used to train AP-centric AI, not invoices processed), $10T+ spend processed, 190+ countries and founding in 1985. Optional wording change: say the 2.5bn invoices were used for AI training."
procurement-ap,Tally Solutions: founded 1986; 2.5 million+ businesses worldwide; 100+ countries,https://tallysolutions.com/about-tally/,True,"None. The page says it is trusted by 2.5+ million businesses, operates in 100+ countries, and was founded in 1986 as Peutronics."
procurement-ap,"Accurate (CPSSoft, Indonesia): 600,000+ users and 110,000+ subscribed companies",https://accurate.id/tentang-accurate/,True,"None for the counts (600K+ users, 110K+ subscribing companies). The page does not give a founding year, so the 1999 date stays labelled as coming from secondary sources."
procurement-ap,"SAP (4 Feb 2020): 13,800+ S/4HANA customers; Business Suite 7 mainstream maintenance ends 2027, optional extended maintenance through 2030 for longer conversion phases",https://www.prnewswire.com/news-releases/sap-extends-its-innovation-commitment-for-sap-s4hana-provides-clarity-and-choice-on-sap-business-suite-7-300997516.html,True,"None. The release says 'Over 13,800 customers' chose S/4HANA, mainstream maintenance ends 31 Dec 2027, and extended maintenance (2% premium) runs to 31 Dec 2030. Note that 'chosen' means licensed, not necessarily live, so 'adopters' slightly overstates it. The 195,000+ total-customer figure was not verified and should stay flagged or be dropped."
procurement-ap,"UK buyer universe: 5.7 million private-sector businesses; 38,435 medium (50-249) and 8,335 large (250+) at start of 2025",https://www.gov.uk/government/statistics/business-population-estimates-2025/business-population-estimates-for-the-uk-and-regions-2025-statistical-release,True,"None. The exact total is 5,690,265, with 38,435 medium and 8,335 large businesses."
procurement-ap,"S3 workarounds met: Ardent State of ePayables 2025 (204 AP professionals) finds 48.6% of invoices arrive by manual means, 35.4% are processed straight-through, and the average exception rate is 18.4%",https://d15fjz85703yz4.cloudfront.net/1517/5157/1685/Ardent_Partners_-_State_of_ePayables_2025_-_Bottomline_-_FINAL.pdf,True,"None. PDF text confirms 204 respondents, 51.4% electronic and 48.6% manual invoices, 35.4% straight-through, an 18.4% exception rate, and the line that each paper invoice 'must be scanned or manually entered'."
procurement-ap,"S2/S3 Birmingham City Council: SAP R/3 to Oracle Fusion replacement started 2018, go-live planned Dec 2020, still incomplete as of Jan 2026, cost up from GBP 19M to GBP 144.4M through 2027/28, more than GBP 5M spent on manual workaround labour",https://www.theregister.com/2026/01/29/birmingham_oracle_latest/,True,"None. The article confirms GBP 19M (plus GBP 1M contingency) rising to GBP 144.4M through 2027/28, a 2018 start, a Dec 2020 finance/procurement go-live target, an incomplete system, and more than GBP 5M of manual workaround labour tied to bank reconciliation failures."
procurement-ap,Largest challenger funding,,False,"Not checked. The research JSON I received was cut off partway through reasons_to_stay and contained no challenger or funding field, so I had nothing to verify. Re-send the full JSON to get this one checked."
ehr-hospital,"Epic: 43.7% of US acute hospitals and 56.9% of beds (KLAS 2026); +77 hospitals in 2025, +568 net since 2021; 325M+ patients with a current record in Epic",https://www.epic.com/about/,False,"The cited epic.com page supports only the '325M+ patients' figure and gives no hospital count. The KLAS figures are correct (43.7%, 56.9%, +77 in 2025, +568 net since 2021), but they come from https://healthsystemcio.com/2026/05/14/acute-care-ehr-market-share-2026/. Cite that URL for the KLAS numbers."
ehr-hospital,Oracle Health (Cerner): 21.9% of US acute hospitals and 20.4% of beds; lost 56 hospitals in 2025 and 173 since 2021 (KLAS 2026),https://healthsystemcio.com/2026/05/14/acute-care-ehr-market-share-2026/,True,None. The same page also supports MEDITECH at 14.7% of hospitals (12.5% of beds) and KLAS's point that most 2025 decisions came from systems with 2-10 hospitals.
ehr-hospital,"MEDITECH's 2019 10-K reports about 2,200 active healthcare sites in the US, Canada and UK, with HCA as the largest customer at 7% of 2019 revenue",https://www.sec.gov/Archives/edgar/data/1011452/000101145220000002/tenk.htm,True,None. Both figures match the filing (2019 revenue was $493.8M).
ehr-hospital,"US buyer universe: 6,100 hospitals (5,121 community, 210 federal, 656 nonfederal psychiatric), from 2024 AHA survey data",https://www.aha.org/statistics/fast-facts-us-hospitals,True,None. The page also lists 113 'other' hospitals.
ehr-hospital,"S4 (shrinking skills): about 70% of VA's MUMPS programmers are retirement-eligible, MUMPS is not taught in CS classes, and VistA has run more than 40 years (VA testimony, March 2023)",https://www.nextgov.com/modernization/2023/03/official-vas-legacy-ehr-must-be-maintained-not-long-term-solution/383753/,True,"The core claim is supported: Daniel McCune, House VA subcommittee, March 8, 2023. The VistA vendor row also attributes 'more than 15M lines of MUMPS code' to this source, but the article does not state a line count. Drop that figure or cite another source for it."
ehr-hospital,UK buyer universe: 206 secondary-care trusts under Frontline Digitisation; 19 (9%) had no EPR as of May 2025,https://www.publictechnology.net/2025/05/02/health-and-social-care/nhs-providing-tailored-support-for-19-trusts-yet-to-adopt-epr/,True,"None. The research gives no largest-challenger funding figure, so there was nothing to check for that item."
medical-billing-rcm,"Epic: KLAS (via HealthSystemCIO, May 2026) 43.7% of US acute-care hospitals and 56.9% of beds at end of 2025, plus 77 hospitals added in 2025 (cited source: fundinguniverse.com Epic history)",https://www.fundinguniverse.com/company-histories/epic-systems-corporation-history/,False,"The cited FundingUniverse page has none of the share figures. It only supports founding in 1979, Cadence in 1983 and Resolute Professional Billing in 1987. The figures are correct but belong to https://healthsystemcio.com/2026/05/14/acute-care-ehr-market-share-2026/, which says '43.7% of acute care hospital market share and 56.9% of beds' and 'added 77 acute care hospitals in 2025'. Fix: cite the HealthSystemCIO URL for disclosed_customers. Same issue elsewhere: that page gives no Altera share percentage, so the '2.9% per KLAS 2025 (HealthSystemCIO)' figure for Altera is unsupported. Drop it or find another source."
medical-billing-rcm,"TruBridge: over 1,500 clients, about 98% of acute-care clients have under 100 beds, FY2025 revenue $346.8M",https://www.sec.gov/Archives/edgar/data/1169445/000116944526000006/tbrg-20251231.htm,True,"Supported by the FY2025 10-K: 'more than 1,500 healthcare organizations', about 98% of the acute-care Patient Care base has fewer than 100 beds, and revenue was $346.8M. One fix: the field calls this filing a '2026 8-K', but the URL is the 10-K for the period ending 2025-12-31. Relabel it as the FY2025 10-K."
medical-billing-rcm,"MEDITECH: 14.7% of US acute hospitals (KLAS 2025), MaaS at 130+ hospitals, HCA runs 72 hospitals on Expanse as of Aug 2026 (cited source: Wikipedia Meditech)",https://en.wikipedia.org/wiki/Meditech,False,"Wikipedia supports the dates used in s1: MIIS 1969, MAGIC 1982, Client/Server 1994, Expanse 27 Feb 2018. It has none of the customer numbers. The 14.7% share (12.5% of beds) is confirmed at https://healthsystemcio.com/2026/05/14/acute-care-ehr-market-share-2026/, so cite that. The MaaS 130+ and HCA 72-hospital figures could not be checked against any page I opened. Drop them."
medical-billing-rcm,"US buyer universe: 6,100 hospitals, including 5,121 community hospitals (2024 AHA Annual Survey)",https://www.aha.org/statistics/fast-facts-us-hospitals,True,"Supported. The page says 'There are 6,100 hospitals in the United States' and lists 5,121 community hospitals, based on the 2024 AHA Annual Survey (2026 Fast Facts edition). No change needed."
medical-billing-rcm,S2 slow to replace: NYC Health + Hospitals budgeted $289M over five years (2017-2020) to implement Epic revenue cycle across 11 hospitals,https://www.nychealthandhospitals.org/wp-content/uploads/2017/05/Public-hospitals-to-spend-289-million-on-Epics-revnue-cycle-software-implementation-Politico.pdf,True,"Supported. The Politico reprint says $289M over five years to implement Epic's revenue cycle product in 11 hospitals, five long-term care facilities and 70+ community health centers, with completion expected by end of 2020. It also says this came on top of a $764M Epic upgrade, which you could add. Note on the brief: the research JSON reports no challenger funding figure, so there was nothing to check for 'largest challenger funding'. That claim is missing from the research, not verified."
lab-information,"SCC Soft Computer SoftLab: 1,199 sites operating the LIS (724 US hospitals, 46 US independent labs, 137 US clinics, 3 public health labs, 289 foreign sites), CAP TODAY Nov 2020",https://www.captodayonline.com/2020/ProductGuides/11-20_CAPTODAY_LIS.pdf,True,"None. The PDF's Part 8 row for SCC Soft Computer / SoftLab reads '1,199 (724/46/137/3/0/289)'. It shows 0 'other US sites', which the claim leaves out but does not contradict."
lab-information,"Orchard Harvest LIS: 1,743 sites (250 US hospitals, 208 independent labs, 1,095 clinics/group practices, 35 public health labs), CAP TODAY Nov 2020",https://www.captodayonline.com/2020/ProductGuides/11-20_CAPTODAY_LIS.pdf,True,"None on the figures. The Part 7 row reads '1,743 (250/208/1,095/35/145 [correctional facilities, ...]'. Add the 145 'other US sites' so the breakdown adds up. Do not mix this up with Orchard Sequoia (27 sites) or the separate vendor row showing 1,947 sites."
lab-information,"Clinisys group: over 7,000 laboratories across 42 countries, ~24% global lab-informatics share; Sunquest first shipped 1979",https://www.clinisys.com/us/en/history/,True,"Customer count and share are supported: 'over 7,000 laboratories across 42 countries' and '~24% global market share' (Signify Research, LIS World 2025). Two corrections. The share is of laboratory information systems, not 'lab informatics'. The same page says Sunquest was founded in 1979 and 'installs its first lab two years later in 1981', so first_shipped should be 1981, not 1979. This page does not mention WinPath, so the WinPath row's 1988/1992 dates have no source here."
lab-information,"US buyer universe: 300,720 CLIA-registered labs (285,470 non-exempt), Aug 2026; 15,292 Certificate of Compliance + 15,541 Certificate of Accreditation labs (~30.8k), including 6,953 CAP-accredited",https://www.cms.gov/regulations-and-guidance/legislation/clia/downloads/statupda.pdf,True,"None. The CMS CLIA update dated August 2026 shows exactly these figures. Registered labs 300,720 (exempt and non-exempt) and 285,470 (non-exempt only). Compliance 15,292. Accreditation 15,541. College of American Pathologists 6,953. The sum is 30,833."
lab-information,"S2 slow-to-replace: Queensland Health signed a $68.5m, 10-year Sunquest contract (2018) to replace 22-year-old Auslab, spent $37.5m, then cancelled and extended Auslab support to 2029 (itnews source)",https://www.itnews.com.au/news/queensland-health-bins-64m-pathology-system-overhaul-547249,False,"Partly supported, with the figures mixed up between two sources. The cited itnews article gives the project as $64 million. It supports '$37.5 million as at January', the cancellation, Sunquest as vendor, and support extended to 2029. It says Auslab was 'due to reach end-of-life in 2020'. The '$68.5m, 10-year' and '22-year-old Auslab' figures come from a different article (https://www.pulseit.news/australian-digital-health/sunquest-to-roll-out-68-5m-queensland-health-pathology-system-replacement/), which I opened and which confirms them. Cite each figure to its own source, or use itnews's $64m. The sign itself still holds."
lab-information,UK buyer universe: 29 pathology networks in England,https://www.england.nhs.uk/wp-content/uploads/2021/05/pathology-networking-state-of-the-nation-2019.pdf,True,"None. The document says the programme 'is on track to deliver 29 pathology networks across England by the target date of 2021'. Note that 29 was the planned number for 2021, not a count of networks already formed. The same document also lists 9 specialist testing networks."
pharmacy-systems,"RedSail Technologies network is ~16,000 pharmacies serving 50M active patients after the PrimeRx acquisition closed 5 Feb 2026 (portfolio-wide)",https://www.rxradio.fm/business/redsail-technologies-acquires-primerx-16000-pharmacies,True,"None for the 16,000 / 50M / 5 Feb 2026 figures. The article does not give the 'PioneerRx 5,000 active locations (Sep 2021)' figure, so that sub-claim needs its own source or should be dropped. Also, the QS/1 vendor row cites Wikipedia for the 16,000 number. Cite this rxradio URL there instead."
pharmacy-systems,"Rx30 (Transaction Data Systems) is used by over 2,700 pharmacies. TDS was founded in 1977 and Rx30 was created in 1980. It covers all 50 states and the Virgin Islands.",https://pharmacysystemssoftware.blogspot.com/2010/09/rx-30-transaction-data-systems.html?m=0,True,"The page supports the claim word for word. It is a 2010 blog repost of vendor copy, not a primary source, and the count is about 15 years old. Label it 'vendor claim c. 2010' and do not present it as current."
pharmacy-systems,"US buyer universe: 18,960 independent community pharmacies (July 2025), about 36% of all US retail pharmacies",https://ncpa.org/newsroom/news-releases/2025/10/19/ncpa-releases-2025-digest-report,True,"None for 18,960 and 'nearly 36%'. The implied ~53,000 total retail pharmacies is the researcher's own calculation, not a figure on the page. Mark it as derived."
pharmacy-systems,S1 pre-cloud core is met. GAO-17-179 says the VA Outpatient Pharmacy core was developed in the 1980s and uses character-based input screens.,https://www.gao.gov/assets/gao-17-179.pdf,True,"None. The PDF says the core functionality 'was developed in the 1980s, with character-based input screens'. The same report confirms the S2 and S3 sub-claims: about $187.6M spent on Pharmacy Re-engineering in FY2002-2016, and VA pharmacies manually inputting paper or faxed non-VA prescriptions."
pharmacy-systems,"S2 slow to replace is met. Malaysia MOH awarded Pharmaniaga a 10-year PhIS contract in March 2011 and renewed it to June 2030. Rollout ran from 2014 across 1,342 MOH facilities.",https://phisportal.moh.gov.my/project-profile/pharmacy-information-system-phis-dan-clinic-pharmacy-system-cps,True,"None for the March 2011 award to Pharmaniaga Logistics, the 10-year term, the extension to June 2030, the 2013/2014 pilot and the 1,342 facilities. The page says the rollout runs '2014 onwards'. It does not state the '2026' end of rollout given in the vendor row, so drop that end year or source it separately. The largest challenger funding claim could not be checked: that field is cut off in the research JSON provided."
gov-tax,FAST Enterprises GenTax disclosed customers: over 60 tax and revenue agencies worldwide,https://www.fastenterprises.com/solutions/,True,"None. Page says 'over 60 tax and revenue agencies using the software worldwide'. The 2020 '56+ agencies, 30+ US states' figure was not opened and should be dropped or sourced."
gov-tax,"s1/s4: GAO-25-107795 lists two Treasury tax processing systems aged 59 and 51 years on COBOL and Assembly, with a dwindling pool of people with the skills, and agencies may pay a premium for contractors",https://files.gao.gov/reports/GAO-25-107795/index.html,True,"None for ages, languages and the skills quote. The report's anonymized Treasury Systems 9 (59 yrs) and 10 (51 yrs) both run on COBOL and Assembly. The 'premium for specialized staff or contractors' line is GAO's general statement, not specific to Treasury."
gov-tax,s4: the two Treasury tax systems cost about $754m a year combined to operate,https://files.gao.gov/reports/GAO-25-107795/index.html,False,Wrong attribution. GAO says $754 million a year is the combined cost of all 11 critical legacy systems across agencies (23 to 60 years old). It gives no cost for the two Treasury systems alone. Reword to '11 federal legacy systems cost about $754m a year combined' or drop the Treasury-specific cost.
gov-tax,"US buyer universe: FTA serves the principal tax agencies of 50 states, DC, Philadelphia and NYC (53 agencies plus IRS); 90,837 local governments in 2022 and 91,438 in 2025 (Census)",https://www.census.gov/library/publications/2026/econ/govtorg2225.html,True,"None. Census gives 90,837 (2022) and 91,438 (2025). taxadmin.org confirms FTA serves 'the principal tax collection agencies of the 50 states, the District of Columbia, Philadelphia, and New York City'. Note that 50 + DC + 2 cities = 53. Most local governments, such as special districts, do not administer tax, so 91k overstates the property tax buyer count."
gov-tax,UK buyer universe: 296 council tax billing authorities in England plus HMRC,https://www.gov.uk/government/statistics/council-taxbase-2025-in-england/local-authority-council-taxbase-in-england-2025,True,None. The release says the CTB form is 'submitted by all 296 billing authorities in England'.
gov-benefits,"Merative Cúram runs in 12 countries and jurisdictions and covers 193 million constituents, including 8.5 million Medicaid recipients; no agency count given",https://www.merative.com/curam,True,"None. The page says 'trusted by governments in 12 countries and jurisdictions', '193M Constituents' and '8.5M Medicaid recipients'. It gives no agency count."
gov-benefits,"25 states have awarded Deloitte eligibility contracts, covering 53 million Medicaid enrollees (April 2023), worth at least $5-6B (KFF Health News)",https://kffhealthnews.org/news/article/medicaid-deloitte-run-eligibility-systems-plagued-by-errors/,True,"Partly supported. The 25 states and the 53 million enrollees as of 1 April 2023 match the article (dated 24 June 2024). For value, the article says 'at least $5 billion', so replace '$5-6B' with 'at least $5B'."
gov-benefits,US buyer universe: 56 state and territory Medicaid programs (MACPAC),https://www.macpac.gov/medicaid-101/,True,"None. MACPAC says there are '56 different Medicaid programs, one for each state, territory, and the District of Columbia.'"
gov-benefits,"EU buyer universe: about 3,000 institutions connected to EESSI in 32 countries (EU27 plus IS, LI, NO, CH, UK)",https://employment-social-affairs.ec.europa.eu/policies-and-activities/moving-working-europe/eu-social-security-coordination/digitalisation-social-security-coordination/electronic-exchange-social-security-information-eessi_en,True,"None. The page says 'roughly 3 000 institutions in 32 participating countries'. Its factsheet gives a more precise 3,270, which could be cited instead."
gov-benefits,"S1 and S4 legacy signs met: as of June 2010 SSA had over 60 million lines of COBOL, and SSA OIG recommended that its human capital plan address the loss of COBOL programmers",https://oig-files.ssa.gov/audits/full/A-14-11-11132_0.pdf,True,"None. The PDF says 'As of June 2010, SSA had over 60 million lines of COBOL code', and it recommends that SSA 'Ensure its human capital plan addresses the loss of COBOL programmers'."
gov-licensing-permits,Accela: '300 client cities at the 2001 Tidemark announcement' and 'more than 400 agencies' combined after the deal; Tidemark founded 1984,https://www.govcon.com/doc/accela-announces-pending-acquisition-of-tidem-0001,True,"Supported, but say whose count it is. The April 30, 2001 release says Accela (not Tidemark) had 300 client cities, and the combined company would have 'more than 400 agencies'. It also confirms Tidemark was founded in 1984. Reword to: 'Accela had 300 client cities before the deal and more than 400 agencies combined after it (April 2001).'"
gov-licensing-permits,"Infor (Hansen): about 470 customers (2007); Infor acquired it in May 2007; regions US, Canada, Australia, New Zealand, South Africa, UK",https://www.washingtontechnology.com/2007/05/infor-grabs-hansen/333198/,True,"Supported: about 470 customers in the six regions listed. One small fix: the May 15, 2007 article says Infor 'plans to acquire' Hansen, so May 2007 is when the deal was announced, not when it closed."
gov-licensing-permits,Idox: over 90% of UK local authorities are customers of at least one Idox product (Connected Places Catapult 2021),https://cp-catapult.s3.amazonaws.com/uploads/2021/01/Transforming-the-digital-architecture-of-planning.pdf,True,"Supported. The report calls Idox the most common provider to local authorities, 'with over 90% of UK local authorities as customers of their product range'. It cites Idox's own marketing for this, so label it a vendor claim. The same report also supports the s3 workarounds claim: copying and pasting between programmes, and cases managed in Excel sheets and manual lists."
gov-licensing-permits,"US buyer universe: 90,837 local governments in the 2022 Census of Governments; 3,031 counties and 35,705 municipalities/townships (38,736 general-purpose)",https://www.stlouisfed.org/publications/regional-economist/2024/march/local-governments-us-number-type,True,"Supported: 90,837 total, 3,031 counties, 35,705 township and municipal governments. 3,031 + 35,705 = 38,736 adds up. The page lists townships and municipalities together; the research's grouping matches that."
gov-licensing-permits,"UK buyer universe: 331 local planning authorities in England, 310 district-level plus 21 county-only",https://www.gov.uk/government/statistics/planning-applications-in-england-july-to-september-2025/planning-applications-in-england-july-to-september-2025-technical-notes,True,"Supported. The technical notes give 331 authorities: 310 that file the PS1/2 return, plus 21 county councils that file only CPS1/2. In total, 166 authorities file CPS1/2. England only, as the research already says."
gov-licensing-permits,"s1 legacy sign met: Branson, MO has run Naviline/CentralSquare on an AS/400 for twenty years, on DB2 on an IBM iSeries AS400, covering planning, permitting and code enforcement; reports built in Cognos and Excel",https://bransonmo.gov/DocumentCenter/View/16403/ERP-System-RFP-2666-13-?bidId=,True,"Supported (checked against the PDF text). The RFP says the city uses the Naviline/Central Square suite on an AS400 and has used it for twenty years. It names a DB2 database on an IBM iSeries AS400 server. It lists 'Planning Dev, Permitting, Code Enforcement' among the functional areas, and says reports are built in Cognos and Microsoft Excel."
gov-licensing-permits,"s2 legacy sign met: California BreEZe proposed in 2009 at $28M and cost $96M by January 2015; phase 1 (10 entities) in October 2013, phase 2 (8 entities) planned for March 2016, 19 entities uncertain or removed; UAT ran 11 months",https://information.auditor.ca.gov/reports/summary/2014-116,True,Supported. The audit summary matches every figure: $28M (2009) rising to $96M (January 2015); 10 entities in October 2013; 8 planned for March 2016; 19 in phase 3 removed from the contract scope; UAT extended from eight weeks to eleven months (November 2012 to October 2013).
courts-justice,Tyler Technologies: Kentucky (2024) became Tyler's 17th statewide trial-court client and 22nd statewide Enterprise Justice implementation,https://investors.tylertech.com/news/news-details/2024/Tyler-Technologies-to-Enhance-Court-Case-Accessibility-and-Efficiency-for-the-Commonwealth-of-Kentucky/default.aspx,True,"None. Release says Kentucky 'will be Tyler's 22nd statewide Enterprise Justice implementation and 17th statewide trial court.' Note 'will be': it was a 2024 contract, not a completed rollout."
courts-justice,Journal Technologies (DJCO FY2025 10-K): licensed or subscribed in about 37 US states and internationally; four Australian installation projects; Canadian subsidiary since Aug 2022; about 80% of DJCO FY2025 revenue,https://www.sec.gov/Archives/edgar/data/783412/000143774925038836/djco20250930_10k.htm,True,"None. The 10-K says 'approximately 37 states, and internationally', 'four software installation projects' in Australia, the Canadian subsidiary 'since August 2022', and about 80% (FY2025) and 76% (FY2024) of total revenues."
courts-justice,"equivant: 350+ justice agency customers internationally, 'four decades' in market",https://equivant-court.com/about-us/,True,"None. The page says 'more than 350+ justice agency customers internationally' and 'over a span of four decades'. This is the vendor's own marketing claim, not an audited figure."
courts-justice,"S1 pre-cloud core met: Hawaii criminal and civil systems first written in the 1960s-70s; HAJIS on an IBM z9 with Adabas/Natural 2/COBOL-CICS and 3270-only access; DC Crim on an IBM Multiprise 3000; JUSTIS on AS/400 since 1991; about 1,800 users; data manually re-entered between systems",https://hiepro.ehawaii.gov/resources/108209/ATTACHMENT%207-Attachment%207%20Judiciary%20Technical%20Background%20and%20Current%20Systems.pdf,True,"All details are confirmed in the PDF text. The document dates from about 2011-2012, though. It says DC Crim was to convert to JIMS 'by July 2012', and JIMS was due to go live by July 2012. Describe this as the state around 2012, not the current one. HAJIS and DC Crim may since have been replaced by JIMS."
courts-justice,"S2 slow to replace met: Maryland MDEC (Tyler Odyssey) statewide replacement began fall 2014 and finished 6 May 2024, about 10 years",https://www.courts.state.md.us/media/news/2024/pr20240506,True,"Dates are confirmed: 'began in the fall of 2014, has been implemented on a county-by-county basis over the past 10 years', with completion announced 6 May 2024. This release does not name Tyler Odyssey. Cite a separate source for the vendor, or drop 'Tyler Odyssey' from this evidence."
land-registry,"Kofile serves more than 3,000 county governments (AWS blog, 2025); founded 2009, first cloud official-records system deployed 2016",https://aws.amazon.com/blogs/publicsector/how-kofile-modernizes-county-records-with-ai-on-aws/,True,"The count is supported: the page says Kofile has transformed records management for 'more than 3,000 county governments'. Two corrections. First, the post is dated May 5, 2026, not 2025. Second, the page gives no 2009 founding year and no 2016 cloud deployment, so cite another source for those dates or drop them. Also, 3,000+ is close to the full 3,031 US counties. It is a vendor claim that probably counts any records-preservation work, not recorder-system installs, so label it as Kofile's own claim."
land-registry,"Simplifile (ICE) e-recording network covers 2,019 counties, more than 80% of the US population (2019)",https://ir.theice.com/press/news-details/2019/Simplifile-Adds-51-New-Counties-in-17-States-to-E-Recording-Network/default.aspx,True,"None. The 2019 release states 2,019 counties and 'more than 80% of the U.S. population'. Mark it as a 2019 figure."
land-registry,"US buyer universe: 3,031 county governments (2022 Census of Governments)",https://www.census.gov/content/dam/Census/library/publications/2025/econ/govtorg2225.pdf,True,"None. The PDF text lists 3,031 county governments."
land-registry,EU buyer universe: ELRA has 31 organisations representing land registries in 27 European countries,https://www.elra.eu/about-us/,True,None. The page says ELRA has '31 organizations representing the Land Registries of 27 European countries'.
land-registry,S1 legacy sign (met): Landgate's CEO said the world's roughly 37 Torrens jurisdictions run bespoke systems built around 2000 and all need replacing,https://www.governmentnews.com.au/digitally-disrupted-land-registry/,False,"Partly supported. The count of 37 is exact, not 'roughly'. The quote, from Landgate CEO Mike Bradford, says all 37 use 'old systems built around 2000' and that 'most were looking to replace them'. It does not say they are bespoke, and it does not say all need replacing. Reword to: 'Landgate's CEO said all 37 Torrens jurisdictions ran old systems built around 2000 and most were looking to replace them.' The S1 verdict (met) still holds. Note: the task asked me to check the largest challenger's funding, but that field is not in the research JSON I received (it was cut off), so it was not checked."
utility-billing-cis,"Gentrack: more than 60 energy and water companies as customers (FY25, Nov 2025)",https://gentrack.com/fy25-annual-results-investor-briefing/,True,None. The page dated 24 Nov 2025 says more than 60 energy and water companies rely on Gentrack.
utility-billing-cis,"Harris / Advanced Utility Systems CIS Infinity: more than 150 deployments (2022 press release), across North, Central and South America and the Caribbean",https://www.prnewswire.com/news-releases/advanced-utility-systems-announces-update-to-customer-information-system-301540163.html,True,"None. The release dated 4 May 2022 says 'more than 150 successful customer deployments' across North, Central and South America and the Caribbean. Small caveat: the count covers AUS deployments overall, not one product version."
utility-billing-cis,"US buyer universe: about 3,300 electric utilities in EIA-861 (2025 early-release data)",https://www.eia.gov/electricity/data/eia861/,True,"None. The page says the annual survey covers approximately 3,300 utilities. The 2025 early release is dated 4 Aug 2026, and the 2024 final data was released 3 Dec 2025."
utility-billing-cis,"S1 legacy evidence: Santa Fe, NM bills 35,000+ customers on JD Edwards/Denovo UCIS v7.3 with DB2 on IBM iSeries/AS400 (OS V7.1). The 2014 CIS Infinity replacement stalled.",https://santafenm.gov/media/rfps_docs/1706P.pdf,True,"Supported on the facts, but the claim needs a date. The RFP is from 2016 (issued July 2016, due 23 Aug 2016). It says UCIS 7.3 runs on DB2 on iSeries/AS400 OS V7.1 and bills refuse, sewer and water for over 35,000 utility customers. It also says the AUS Infinity CIS project, contracted in 2014, ceased in Oct 2015. Write 'as of 2016'. Do not say 'today' unless a newer source confirms it."
utility-billing-cis,"US water buyer universe: over 148,000 public water systems (EPA)",https://www.epa.gov/dwreginfo/information-about-public-water-systems,True,"None for the 148,000 total. The research already notes that the ~50,000 community-water-system subset is not on this page, so keep it unconfirmed or cite a separate source for it. Note: the research JSON was cut off before any challenger-funding claim, so that claim could not be checked."
telecom-bss,"Amdocs serves about 400 communications, media and other service providers (FY2025 20-F). Top ten customers are about 70% of revenue, AT&T 25.9%, T-Mobile 19.9%.",https://www.sec.gov/Archives/edgar/data/1062579/000119312525319187/dox-20250930.htm,True,"None needed. The 20-F Business Overview says 'approximately 400 communications, entertainment and media industry and other service providers'. It also states top ten of the significant customers at about 70%, AT&T 25.9%, T-Mobile 19.9% for fiscal 2025. The MATRIXX (Dec 2025) acquisition was not found in this filing, so that parenthetical needs its own source."
telecom-bss,"CSG processed 45.2 million customer accounts as of Dec 31, 2005. TCI signed a 15-year exclusive contract in 1997 that Comcast inherited. About two-thirds of accounts were on ACP by end of 2005.",https://www.sec.gov/Archives/edgar/data/0001005757/000119312506053833/d10k.htm,True,"None needed. The 10-K says customers on CSG systems grew from 18 million (Dec 31, 1995) to 45.2 million (Dec 31, 2005). It describes the September 1997 15-year exclusive TCI agreement that Comcast later assumed, and says about two-thirds of cable accounts had moved to ACP as of Dec 31, 2005. The figure is 2005 data, so label it as dated."
telecom-bss,Ericsson BSCS: deployed by 110+ operators in 80+ countries; over 2 billion subscriptions on Ericsson billing; first developed 1990 by LHS.,https://en.wikipedia.org/wiki/Business_Support_and_Control_System,True,"Supported by Wikipedia, but it is a secondary source. Wikipedia says 'over 110+ telecom operators in 80+ countries' and that Ericsson passed 2 billion subscriptions served by its billing solutions (CBiO). Note that the 2 billion covers Ericsson's billing portfolio, not BSCS alone. Use an Ericsson press release in place of Wikipedia if one is available."
telecom-bss,"UK buyer universe: 38 large providers as of 30 Sep 2025, 7 Tier 1 (over GBP 1bn turnover) and 31 Tier 2 (GBP 50m to 1bn).",https://www.gov.uk/government/publications/ofcom-security-report-for-the-period-october-2024-to-october-2025/ofcom-security-report-for-the-period-october-2024-to-october-2025,True,"None needed. The Ofcom security report gives 7 Tier 1 and 31 Tier 2 providers as of 30 September 2025, with the turnover bands stated in the claim."
telecom-bss,"S1 met (pre-cloud core): CSG ACP still runs on mainframe capacity, shown by a 'Work Order for Mainframe Computer Service' with Infocrossing in CSG's 2009 10-K/A.",https://www.sec.gov/Archives/edgar/data/1005757/000119312509188328/d10ka.htm,True,"The exhibit exists as Exhibit 10.41A: 'Work Order for Mainframe Computer Service between Infocrossing, LLC and CSG Systems, Inc. dated December 15, 2008'. It proves mainframe hosting as of 2008/2009, not today. Reword 'still runs' to 'ran on outsourced mainframe capacity as of 2008', or add a current CSG 10-K citation for present-day mainframe use."
freight-forwarding-customs,"WiseTech Global: over 17,000 logistics companies across 193 countries, including 24 of the 25 largest global freight forwarders and 47 of the top 50 3PLs (FY25 results, Aug 2025).",https://www.wisetechglobal.com/media/i4ib0p11/wtc-fy25-results-investor-presentation.pdf,True,"Supported. The 'About WiseTech Global' text says customers include 'over 17,000' logistics companies across 193 countries, 47 of the top 50 global 3PLs and 24 of the 25 largest global freight forwarders. The rankings come from Armstrong & Associates 2023 data, per the footnote. One nuance: the same deck also says 14 of the Top 25 have committed to or are running global CargoWise rollouts. '24 of 25' counts any customer relationship, not full adoption. Keep the existing caveat that the count includes non-CargoWise platforms."
freight-forwarding-customs,"US buyer universe: about 16,170 active licensed customs brokers (individual and organizational), per the CBP FAQ.",https://www.cbp.gov/trade/programs-administration/customs-brokers/frequently-asked-questions,True,"Supported. The page reads: 'There are approximately 16,170 active licensed Customs brokers in the United States.' The FAQ does not split individuals from organizations, so drop '(individual and organizational)' or flag it as an assumption. Note that this counts licensed brokers (mostly individuals), not brokerage firms, so the number of buying companies is smaller."
freight-forwarding-customs,"S1 pre-cloud core met: CBP's ACS (mid-1980s) runs 3.9M lines of COBOL on CBP's last remaining mainframe, costs about $25M a year to maintain, and retirement was targeted for Q1 FY24.",https://tmf.cio.gov/cbp-case-study/,True,"Mostly supported. The page says '3.9 million lines of COBOL code', 'housed on the agency's last remaining mainframe solution', 'roughly $25M annually' and a final release in 'Q1 FY 24' to retire the ACS mainframe. The page does not give 'mid-1980s'. It calls ACS a '30-year-old' system, so either reword to 'about 30 years old (per TMF)' or cite another source for the mid-1980s date. The other s1 claim, that DHL's 'Logis' system was up to 30 years old, has no opened source. The cited Loadstar NFE article does not mention the legacy system's age. Drop it or find a source."
freight-forwarding-customs,S2 slow-to-replace met: DHL Global Forwarding's NFE was a EUR 750m program. Pilots began in 2013. It was halted in August 2015 and abandoned in October 2015 with a EUR 345m write-off (EUR 308m of assets plus EUR 37m for rollback).,https://theloadstar.com/dp-dhl-finally-abandons-ill-fated-nfe-it-project-and-is-forced-to-write-off-e345m/,True,"Core numbers supported. The article gives 'The EUR 750m project', the August 'halting' of the rollout, a 'EUR 308m write-down of assets capitalised in relation to NFE' and 'another EUR 37m' for the rollback, which totals EUR 345m. It does not state that pilots began in 2013. Drop that detail or cite a source for it. The October 2015 date comes from the article's timing, not from text quoted in it."
freight-forwarding-customs,"S3 workarounds met: in HMRC/Ipsos MORI Wave 2 (2021), only 61% of intermediaries completing declarations in-house had automated software. Of those, 72% used it for all declarations and 9% for less than half, so about 39% had no automation. The population is about 8,400 intermediary firms.",https://assets.publishing.service.gov.uk/media/604b5f978fa8f505bdfcfc7c/HMRC_Research_Report_610_Customs_Intermediaries_Wave_2.pdf,True,"Supported. The report reads: 'Six in ten intermediaries (61%) reported that they had automated software and, of those, seven in ten (72%) used this software for all ... This contrasts with nine per cent that used automated software for less than half'. It also gives a 'final estimated population of c. 8,400 firms'. One caveat: the report does not say the other 39% key declarations by hand. That is an inference, so call it 'about 39% of in-house filers reported no automated software'. Separately, the challenger datum GoFreight $23M Series A (22 Nov 2022), with the CEO's '20 years ago' ERP quote, is confirmed at https://www.prnewswire.com/news-releases/gofreight-raises-23m-to-automate-freight-forwarding-workflows-and-expand-its-team-301684587.html. The challenger section was cut off in the input, so I could not check whether this is the largest challenger raise."
warehouse-management,"Manhattan Associates WMi/PkMS (RPG on IBM i) had more than 500 companies running it (IT Jungle, Dec 2009), with named users including Costco, Nordstrom, Staples, Foot Locker and Williams-Sonoma",https://www.itjungle.com/2009/12/15/fhs121509-story02/,True,"Supported. The page says more than 500 companies worldwide rely on WMi, describes RPG-based business logic and a large RPG staff, and names Staples, Dick's Sporting Goods, O'Reilly Auto Parts, Costco, Foot Locker, GameStop, Nordstrom and Williams Sonoma. This is a 2009 figure. Label it as dated."
warehouse-management,"HighJump had over 4,000 customers when Korber bought it (Aug 2017)",https://www.koerber.com/en/about-us/news-and-press/highjump-acquisition,True,"Supported. The release is dated 30 Aug 2017 and gives over 4,000 customers. The release does not give a 1983 founding year or the Infios '5,000+ customers in 70+ countries' figure. Those claims need their own source URL or should be dropped from this citation."
warehouse-management,"Blue Yonder (Dispatcher) WMS has more than 2,000 live sites in nearly 60 countries (Socius24)",https://www.socius24.com/blue-yonder-wms/,True,"Supported. The page states more than 2,000 live sites in nearly 60 countries. Socius24 is a reseller, not Blue Yonder itself, so mark this as a partner claim. The 'segments' claim that Dispatcher users include Home Depot, Cardinal Health and Costco is not supported by this page. Its named clients are UK firms (Smeg UK, PD Ports, KWE, Davies Turner and others). Drop those three names or find another source."
warehouse-management,"US buyer universe: about 24,115 NAICS 493 Warehousing and Storage establishments (23,848 private), Q1 2026, BLS QCEW",https://www.bls.gov/iag/tgs/iag493.htm,True,"Supported. Q1 2026 preliminary figures: 23,848 private, 250 local government, 7 state and 10 federal establishments. These sum to 24,115. Note that the figures are preliminary."
warehouse-management,"S4 shrinking skills met: in Fortra's 2026 IBM i Marketplace Survey (315 respondents), 69% named IBM i skills a top concern, up from 60% in 2025 and 45% in 2020, outranking cybersecurity for the first time in nine years",https://www.itjungle.com/2026/02/02/skills-displaces-cybersecurity-as-top-concern-for-ibm-i-shops/,True,"Supported. 69% (2026), 60% (2025), 45% (2020), 315 respondents, and security had held the top spot for nine straight years. No change needed. The 'largest challenger funding' claim named in the task is cut off from the supplied JSON, so it could not be checked."
transport-tms,"TMW had about 1,800 customers across all its TMS products when Trimble agreed to buy it in 2012 for $335M (cited to truckinginfo TL2000 6.1 article).",https://www.sec.gov/Archives/edgar/data/0000864749/000090951812000278/mm08-2712_8ke992.htm,False,"The cited truckinginfo page is a December 2000 TL2000 6.1 release note. It has no customer count and does not mention the acquisition, though it does support the AS/400 and Dec 2000 facts. The $335M price is correct. Trimble's own press release (8-K Ex. 99.2) says TMW 'currently serves more than 2,000 customers managing over 500,000 power units.' Use 'more than 2,000 customers (Trimble 8-K, Aug 2012)'. IT Jungle's ~1,800 figure (https://www.itjungle.com/2012/09/04/fhs090412-story04/) is a secondary source and conflicts with it."
transport-tms,"McLeod Software has more than 1,200 active customers in North America (vendor about page).",https://www.mcleodsoftware.com/about-us/,True,"None. The page says 'more than 1,200 active customers throughout North America' and founded 1985."
transport-tms,Innovative IES had more than 300 IBM i users when TMW bought Innovative Computing in 2009.,https://www.itjungle.com/2012/09/04/fhs090412-story04/,True,"None. IT Jungle says TMW in 2009 bought Innovative Computing, a Tennessee company with 'more than 300 users of its IBM i-based IES suite'."
transport-tms,"EU-27 has 586,850 road freight transport enterprises (2022), DG MOVE Pocketbook 2025 table 2.1.6.",https://www.efa-eu.com/wp-content/uploads/2025/11/8-EU-Transport-in-figures.pdf,True,"None. Table 2.1.6 'Number of enterprises by mode of transport 2022' shows EU-27 road freight = 586 850 (total all modes 1,420,297)."
transport-tms,"GB has 66,222 valid goods vehicle operator licences and 376,044 authorised vehicles (Traffic Commissioners 2024-25).",https://www.gov.uk/government/publications/traffic-commissioners-annual-report-2024-to-2025/traffic-commissioners-for-great-britain-annual-report-2024-25,True,"None. Section 5.5 of the report gives 66,222 licences and 376,044 vehicles."
transport-tms,"S4 legacy sign: IBM i skills were a top concern for 69% of respondents in Fortra's 2026 survey, up from 45% in 2020, and is now #1 for the first time since 2017.",https://www.itjungle.com/2026/02/02/skills-displaces-cybersecurity-as-top-concern-for-ibm-i-shops/,True,"None. 69% (2026) vs 45% (2020). Cybersecurity had been #1 every year since 2017 and skills has now overtaken it. As the research already notes, this applies to IBM i shops generally, not TMS users specifically."
transport-tms,Challenger funding / S3 re-keying: Pallet raised a $27M Series B in May 2025 and cites a mid-sized carrier that moved 25 employees off repetitive order entry.,https://www.pymnts.com/news/artificial-intelligence/2025/ai-startups-logistics-pallet-raises-27-million-dollars-scale-automation/,True,"None. $27M Series B, May 27, 2025. Quote: a mid-sized carrier 'was able to reallocate 25 employees who were doing repetitive order entry'. I did not check whether this is the largest challenger round in the category."
airline-pss,"Amadeus Altéa PSS has 130+ customers (product page, read 2026)",https://amadeus.com/en/airlines/products/altea-passenger-service-system,True,"None needed. The page shows '130+ Amadeus Altéa customers'. Note that the Amadeus airlines overview page describes Altéa only as powering 'hundreds of airlines' with no number, so cite the product page for the 130+ figure."
airline-pss,"Over 70 value-driven airlines on Navitaire New Skies; 400+ airlines use Amadeus solutions, 2bn+ passengers boarded yearly",https://amadeus.com/en/airlines/overview,True,"None needed. The page says 'Over 70 value-driven airlines rely on' the cloud-based offering, and also shows '400+ Airlines' and '2B+ PAX boarded yearly'. The '65+ airlines adopted Open Skies in its first 10 years' sub-claim does not appear on this page. Give it its own source or drop it."
airline-pss,Hitit Crane PSS: 73 airline and travel-industry customers in 51 countries as of 30 Sep 2025,https://hitit.com/themes/hitit/documents/Hitit-30.09.2025-interim-activity-report.pdf,True,"None needed. The report says Hitit has service contracts with 73 airline and travel industry companies in 51 countries on 6 continents, and that the total number of customers as of September 30, 2025 was 73 (1 new contract signed in Q3). Those customers include travel-industry companies, not only airlines."
airline-pss,"US buyer universe: 62 Part 121 certificate holders; 47 passenger-carrying Part 121 air carriers (FAA, Federal Register 17 Jun 2025)",https://www.govinfo.gov/content/pkg/FR-2025-06-17/pdf/2025-10965.pdf,True,"None needed, but add context. The two numbers come from two different information-collection notices in the same Federal Register PDF. The hazmat notice says 'The FAA estimates 62 certificate holders under Part 121'. The seat-dimensions notice (14 CFR 121.311, passenger-carrying operations) lists 'Respondents: 47 Part 121 Air Carriers.' Both are FAA burden estimates, not a register count."
airline-pss,S4 shrinking skills: IBM z/TPF Redpaper says 'specialized TPF skills can be scarce' and IBM moved development from Assembler to C/C++ and Eclipse tooling to widen the skills pool,https://www.redbooks.ibm.com/redpapers/pdfs/redp4611.pdf,True,"None needed. The text reads 'Like many sectors of the IT industry, specialized TPF skills can be scarce.' It describes Eclipse-based tooling and C/C++ support to widen hiring, notes that Assembler was historically the preferred language, and says the design 'does not eliminate the need for some degree of special skills.' The task also asked for the largest challenger's funding, but the research JSON was cut off and holds no challenger-funding claim, so that check was not possible."
hotel-pms,"Oracle OPERA: more than 40,000 properties across all versions, majority on old or on-premises systems; nearly 5,000 on OPERA Cloud (Skift, March 2023)",https://skift.com/2023/03/28/oracle-hospitality-wants-to-bring-more-hotels-into-the-cloud/,True,"Supported as stated. Skift says 'more than 40,000 properties use some version' of Oracle PMS, 'the majority are still using old or on-premises Oracle systems', and nearly 5,000 are on OPERA Cloud. Correct the s2 wording: the 'about three years' was Oracle's forecast that OPERA Cloud would pass 40,000 properties (with about 10,000 more in the pipeline). It was not a forecast for full migration."
hotel-pms,"protel PMS used in more than 14,000 hotels in 93 countries (2022); acquired by Advent International and Eurazeo in Jan 2022",https://hoteltechreport.com/news/advent-and-eurazeo-acquire-protel,True,"None needed. The article (dated Jan 11, 2022) says protel is 'used in more than 14,000 hotels across 93 different countries'. It is a trade-press source, not a vendor filing."
hotel-pms,"s2 (met): In April 2023 Hilton said it would replace its legacy PMS at more than 7,000 hotels over the next three years, after a rollout that began in early 2022",https://stories.hilton.com/releases/hotel-key-partnership,True,"Mostly supported, with one change. The release (April 27, 2023) says the Property Engagement Platform reached its 1,000th hotel and is 'expected to reach more than 7,000 hotels worldwide over the next three years'. It names an early-2022 testbed (Homewood Suites Largo). It does not say the platform replaces a legacy PMS or OnQ, so reword to 'roll out its new HotelKey-based PMS to 7,000+ hotels'. Give the OnQ-replacement link its own source, or drop it."
hotel-pms,"TH buyer universe: 16,312 licensed hotels, 688,388 rooms (H1 2024), DOPA licences compiled by REIC",https://www.reic.or.th/Research/Index/323,True,"None needed. REIC reports 16,312 hotels and 688,388 rooms for H1 2567 (2024). It compiles them from Department of Interior hotel business-permit data."
hotel-pms,"MY buyer universe: 5,547 MOTAC registered hotels (portal updated 02/10/2026)",https://www.motac.gov.my/en/kategori-semakan-new/registered-hotel/,True,"None needed. The MOTAC page shows 'Showing 25 of 5,547 records' with a last-updated date of 02/10/2026. This is a live count and will drift, so record the access date. I did not check the largest challenger funding claim: it was cut off from the research JSON I received."
retail-pos-merch,"JDA MMS on IBM i has nearly 400 accounts (IT Jungle, 2014); Robinsons Retail (PH, 1,000+ outlets) expanding MMS",https://www.itjungle.com/2014/04/01/fhs040114-story09-2/,True,"None. Article says 'nearly 400 MMS customer[s]' and Robinsons has 'more than 1,000 retail outlets in the Philippines'. Note the figure dates from 2014. The '360 retailers in 60 countries' figure was not checked; it has no URL and should be dropped unless one is found."
retail-pos-merch,"Aptos: 122,000 stores live, 500+ retail brands (June 2015)",https://www.globenewswire.com/en/news-release/2015/06/17/951521/0/en/Newly-Independent-Company-Aptos-Launches-New-Brand-Readies-Retailers-to-Engage-Customers-Differently.html,True,"None. Release says '122,000 stores live on its platform' and 'more than 500 retail brands'. This is a 2015 figure."
retail-pos-merch,"MICROS: more than 330,000 sites across 180 countries (2014, includes hospitality)",https://www.sec.gov/Archives/edgar/data/0001341439/000119312514246160/d748380dex992.htm,True,"None. The exhibit says 'more than 330,000 sites across 180 countries today'. The source does not split retail sites from hospitality sites, so the caveat stays."
retail-pos-merch,"US buyer universe: about 1.0 million retail establishments (NAICS 44-45), 2022 Economic Census",https://www.census.gov/newsroom/press-releases/2024/2022-economic-census-first-look.html,True,None. Census says Retail Trade (44-45) 'was the largest of the sectors... with 1.0 million establishments'.
retail-pos-merch,"UK buyer universe: about 213,000 VAT/PAYE businesses in the Retail industry group (March 2025)",https://www.ons.gov.uk/businessindustryandtrade/business/activitysizeandlocation/bulletins/ukbusinessactivitysizeandlocation/2025,True,None. ONS Table 3 shows Retail at 213 thousand businesses (7.8% of the total) for 2025.
retail-pos-merch,"S2 met: Lidl spent about 7 years and about EUR 500M on SAP for Retail (eLWIS), then abandoned it and returned to the old system",https://www.retaildetail.eu/news/food/lidls-failed-it-project-cost-half-billion/,True,"None. Article: 'about half a billion euro', seven years, eLWIS on SAP for Retail, reverted to the legacy system. The exact years 2011 to 2018 were not shown in the fetched summary, so 'about 7 years' is the safer wording."
construction-project-accounting,"Trimble Viewpoint: approximately 8,000 customers worldwide, including 46% of ENR 400 and 34% of ENR 600; sold client-server solutions (Trimble 8-K exhibit, April 2018)",https://www.sec.gov/Archives/edgar/data/0000864749/000119312518127126/d573173dex991.htm,True,"None. The exhibit says about 8,000 customers, 46% of the ENR 400 and 34% of the ENR 600, and lists 'SaaS, client-server and mobile solutions'. The figure dates from 2018, so label it with that year."
construction-project-accounting,"Access Coins: 130,000 construction professionals; 43 of top 75 UK homebuilders; 1,000+ UK companies on Access construction solutions",https://www.theaccessgroup.com/en-gb/construction/products/coins/,True,"None. The page states all three figures. They are the vendor's own marketing claims. The 130,000 counts users, not companies."
construction-project-accounting,"Foundation Software: shipping since 1985; more than 43,000 construction professionals (users, not companies)",https://www.foundationsoft.com/about/,True,"None. The page says 'Since 1985' and 'more than 43,000 construction professionals'. The claim is right to treat this as a count of people, not customer firms."
construction-project-accounting,"Buyer universe: US 953,703 private construction establishments (Q1 2026), 8.4M workers (BLS); UK 370,770 VAT/PAYE-registered construction firms (ONS 2024); Indonesia 186,534 construction companies in 2024 (158,104 small, 27,254 medium, 1,176 large)",https://www.bls.gov/iag/tgs/iag23.htm,True,"None. BLS gives 953,703 private establishments for Q1 2026 and 8,364,000 employees for Sep 2026. The ONS page (https://www.ons.gov.uk/businessindustryandtrade/constructionindustry/articles/constructionstatistics/2024) gives 370,770 firms for 2024. Katadata/BPS (https://databoks.katadata.co.id/utilitas/statistik/68e8de998f032/jumlah-perusahaan-konstruksi-di-indonesia-turun-pada-2024) gives 186,534 companies (158,104 small, 27,254 medium, 1,176 large). All match. Note that BLS counts establishments, not firms."
construction-project-accounting,S1 legacy sign met: Sage 300 CRE runs on the Pervasive/Actian database engine; Sage warns VPN can lock files and damage data and recommends RDP for cloud hosting,https://us-kb.sage.com/portal/app/portlets/results/viewsolution.jsp?solutionid=224924150049477,True,"None. The KB article says VPN is not recommended because of the 'Pervasive/Actian database engine', that a dropped VPN connection 'can potentially lock files and damage the integrity of the data', and that RDP is reliable. The S2 to S4 signs were not checked here. Their own evidence fields already say S3 rests on vendor sources only and S4 holds only for some products. The 'largest challenger funding' claim was cut off in the research JSON I received, so it could not be checked. Re-run on that field."
property-management,"MRI Software: 45,000+ clients, 170+ countries, 23M units, 5.5M leases; founded 1971",https://www.mrisoftware.com/za/about/,True,"None needed. The page states 45000+ clients, 170+ countries, 23m units, 5.5m leases, and Founded in 1971. These are vendor marketing figures, not audited, and the 'nearly five decades' wording shows the page copy is a few years old."
property-management,"RealPage: 31,700+ clients and ~19.7M units at Dec 31 2020; formed 1998 to acquire Rent Roll (on-premise PMS); first on-demand system OneSite June 2001 (also the s1_pre_cloud_core 'met' evidence)",https://www.sec.gov/Archives/edgar/data/1286225/000128622521000007/rp-20201231.htm,True,"None needed. The 10-K says the same: over 31,700 clients, about 19.7 million units, formed in 1998 to acquire Rent Roll, Inc. (on-premise systems), and OneSite released June 2001 as the first on-demand system. The '24M+ units (company site, 2026)' figure was not checked against an opened page and should be cited or dropped."
property-management,"Rockend (MRI): founded 1979, 55,000 active users, software manages 55% of Australian rental properties",https://www.realestatebusiness.com.au/who-is-rockend-today,True,"None needed for the figures. The page gives a 55,000 user base, 55% of Australian rental properties, and founding in 1979. This is a trade-press interview with the CEO, not an audited figure. The SMB segment text says 'REST Professional desktop manages 55%', but the source credits that share to Rockend software overall, not REST Professional alone. Reword it to 'Rockend software'."
property-management,"UK buyer universe: 1,500+ registered providers on the RSH register; 200 large groups (1,000+ homes) hold over 96% of stock",https://www.gov.uk/government/news/regulator-of-social-housing-2025-global-accounts-published,True,"None needed. The page states over 1,500 providers on the register and 200 large private registered provider groups with at least 1,000 social homes holding more than 96% of the sector's stock. Add the word 'private' to be exact: the 96% applies to the private RP sector stock covered by the Global Accounts."
property-management,"s4_shrinking_skills met: over 50% of orgs struggle to hire IBM i/RPG skills, nearly 1 in 4 expect a critical shortage in 3 years, 56% of IBM i professionals have 30+ years experience, under 2% of US CS grads have RPG exposure, many firms rely on 1-2 people. Applied to the JD Edwards World Real Estate segment.",https://www.itconvergence.com/blog/what-happens-when-your-last-iseries-admin-retires/,True,"Partly supported. All five statistics appear on the page. The same page also says nearly 56% of IBM i professionals are over age 50, so the 56% figure is worded two ways. The tie to property management is not supported: the article never mentions real estate or JD Edwards World (it mentions only JD Edwards EnterpriseOne on iSeries). The same URL is also cited as the JD Edwards vendor 'source', and it does not support that vendor row. Keep the signal as an inference about the IBM i segment only. Mark it weak for this category, because the main vendors (Yardi, MRI, RealPage) do not run on IBM i. Use a different source for the JD Edwards Real Estate row, or drop that row."
property-management,Largest challenger funding,,False,"Not checkable. The research JSON was cut off partway through 'reasons_to_stay', so no challenger or funding claim reached this check. Drop it, or re-run with the full JSON."
legal-practice-management,"Elite serves about 2,000 law firms, including 75% of the Am Law 100 and 72% of the Global 100 (Aug 2025). Owned by Thomson Reuters until 2023, then TPG, then Francisco Partners in 2025.",https://www.lawnext.com/2025/08/breaking-elite-a-financial-management-platform-for-larger-firms-has-been-acquired-by-francisco-partners.html,True,"None needed. One precision note: TPG bought a majority stake in June 2023 and Thomson Reuters kept a minority stake until the Francisco Partners deal, which was announced Aug 2025 with closing expected in Q3 2025."
legal-practice-management,"Aderant: 2,500+ unique clients in 26 countries and 98% of the Am Law 200; 250+ live Expert Sierra clients; 40% of Expert firms on Sierra (and 23% of Am Law 200 Expert users on Sierra)",https://www.aderant.com/about-us/,False,"Only partly supported. The about-us page confirms 2,500+ unique clients, 26 countries, 98% of the Am Law 200 and 86% of the Global 100. The Sierra figures (250+ live clients, 40% of Expert firms, 23% of Am Law 200 Expert firms) are not on that page. They are on https://www.aderant.com/expert-to-sierra-migration/, so cite that URL for the Sierra numbers and for the 40% evidence used in s1 and s2."
legal-practice-management,"PCLaw and Time Matters had 15,000 paying customers and 130,000 users (May 2019). Time Matters shipped on MS-DOS in 1989 and on Windows from 1994. This is the main s1 pre-cloud evidence.",https://en.wikipedia.org/wiki/Time_Matters,True,"None needed for the counts and dates. The Wikipedia page credits the 15,000/130,000 figure to a LexisNexis announcement, so cite that primary release if possible. The page does not support 'LexisNexis described PCLaw as its on-premise solution', so that part of s1 needs its own source or should be dropped. s1 = met still stands on the Time Matters dates and the Aderant Expert on-prem figures."
legal-practice-management,"UK buyer universe: 8,923 SRA-regulated firms (Aug 2026), made up of 5,261 companies, 1,416 LLPs, 1,321 sole practitioners and 897 partnerships",https://www.sra.org.uk/sra/research-publications/regulated-community-statistics/data/solicitor_firms/,True,"None needed. Optional: note the 28 'other' firms so the breakdown adds up to 8,923, and note that this covers England and Wales only."
legal-practice-management,"Malaysia buyer universe: 7,551 law firms (6,613 with 1-5 lawyers, 897 with 6-30, 41 with 30+) and 24,832 members (30 Jun 2025)",https://www.malaysianbar.org.my/article/about-us/malaysian-bar-and-bar-council/about-us/figures/general-statistics,True,"None needed. The size bands on the page add up to 7,551, and the page gives 24,832 practitioners as at 30 Jun 2025. Covers Peninsular Malaysia only. Note: the research has no challenger-funding claim, so there was nothing to check for 'largest challenger funding'. Add one with a source or leave the field empty."
accounting-practice,"Drake Tax: more than 70,000 tax professionals use Drake; 36M+ federal and state returns processed this year; established 1977",https://www.drakesoftware.com/about-us/about-drake/,True,"None. Page says more than 70,000 tax professionals nationwide, more than 36 million federal and state returns this year, and established 1977. The 1977 date is when the company was founded, not when the product first shipped. Keep that caveat."
accounting-practice,"IRIS Software Group: over 24,000 accountancy firms, including 93 of the top 100 UK firms (Oct 2024 press release)",https://www.prnewswire.co.uk/news-releases/iris-launches-new-practice-in-a-box-solution-to-empower-accountancy-practices-302269327.html,True,"None. The release is dated 8 October 2024 and states both figures. It is a vendor claim from 2024, so label it that way when it is used as the UK buyer-universe proxy."
accounting-practice,"DATEV: 40,176 cooperative members and 1.01M customers at 30 June 2026; H1 2026 revenue EUR 881.0M; Kanzleimanagement users start migrating to the cloud from October 2026",https://www.datev.de/content/dam/markenassets/unternehmenskommunikation/presse/im-fokus/jahrespressekonferenz/jpk-2026/Pressemappe_JPK2026_gesamt_ohne%20Sperrfrist.pdf,True,"None. The press kit gives revenue of EUR 881.0M at 30 June 2026 (prior year 810.2M), more than 1.01 million customers, 40,176 members and 9,015 employees. It also says users will migrate to DATEV Kanzleimanagement from October. Note that the 1.01M customers include members' business clients (Mandanten), so this is not a count of tax practices."
accounting-practice,"US buyer universe: 886,338 active PTIN holders, including 209,076 CPAs and 71,966 Enrolled Agents, as of 1 Sep 2026 (individuals, not firms)",https://www.irs.gov/tax-professionals/return-preparer-office-federal-tax-return-preparer-statistics,True,"None. The IRS page matches all three numbers as of 1 September 2026. The IRS notes that credentials overlap, so the CPA and EA counts cannot be added up as separate individuals."
accounting-practice,"S3 workarounds: Thomson Reuters paid $500M for SurePrep, whose 1040 automation was used by 23,000+ tax professionals",https://www.thomsonreuters.com/en/press-releases/2023/january/thomson-reuters-completes-acquisition-of-sureprep-llc,True,"None. The release says $500 million in cash and over 23,000 tax professionals at CPA firms, wealth management firms and others. The research JSON names no largest challenger funding round, so I had nothing to check there. Filed's funding is not quantified in the research. Add it with a primary source, or leave it out."
student-information,"Ellucian Banner is used by more than 1,400 institutions worldwide (SIG partner page).",https://www.sigcorp.com/technologies/erp/ellucian-banner/,True,"Supported as written. The page says Banner serves 'more than 1,400 institutions worldwide'. It is a partner page, not an Ellucian or regulator source, so label it partner-reported."
student-information,"PowerSchool: 17,000+ customers, 50M+ students, 95+ countries, SIS connects nearly 20M students, 90+ of the 100 largest US districts. The 10-K calls PowerSchool SIS the first web-based K-12 SIS (FY2023 10-K).",https://www.sec.gov/Archives/edgar/data/1835681/000183568124000016/pwsc-20231231.htm,True,"The numbers are supported verbatim ('more than 17,000 customers', 'over 50 million students', 'over 95 countries', 'nearly 20 million students', 'over 90 of the 100 largest districts'). Drop the 'first web-based K-12 SIS' wording from first_shipped. The 10-K does not say it. It calls PowerSchool 'a pioneer and the leading provider of cloud-based software'."
student-information,"ESS SIMS had 6,897 English state schools (31.7%) in the October 2025 census.",https://www.whichmis.com/mis-stats-from-the-october-census/,True,"Supported. The page gives 6,897 English state schools and a 31.67% market share. This page was not checked for the 'about 83-85% a decade earlier' and '8,140 UK-wide in summer 2025' figures, so cite separate sources for them or drop them."
student-information,"SITS:Vision is used by about 70% of UK HE institutions. Tribal says 500+ institutions use its student information solutions, and Tribal Cloud hosts SITS for more than 30% of customers (FY2024 annual report). s1 evidence also says 'fewer than a third of SITS customers run on Tribal Cloud, so most still run it on-prem'.",https://www.tribalgroup.com/hubfs/Tribal%20Group%20plc%20AR24_Low%20Res_V1.pdf,False,"Partly supported. In the AR24 text: 'Over 500 institutions are empowered by Tribal's Student Information Solutions' (supported). 'runs the SITS environment successfully for more than 30% of our customers' and 'around 1/3rd of HE customers already being in the Tribal Cloud' (supported). The report also supports the s4 quote on technical debt, unmodernised integrations and 'challenges in finding and retaining resources'. The 70% figure is NOT in AR24, which only says 'market leader across UK Higher Education'. Re-source 70% to https://en.wikipedia.org/wiki/SITS:Vision ('roughly 70% of the UK higher education sector', citing a Tribal press release, and flagged by Wikipedia as developer-sourced). Tribal's own product page (https://www.tribalgroup.com/solutions/student-information-systems/sits-vision) gives no percentage, only 'trusted by more UK Universities than any other'. Better to write '60-70% (vendor-sourced)'. In s1, change 'fewer than a third' to 'about one third (more than 30%)'. The conclusion that most still run on-prem still holds at about two thirds."
student-information,"US buyer universe: 5,916 Title IV postsecondary institutions in 2020-21, including 3,931 degree-granting (NCES IPEDS).",https://nces.ed.gov/fastfacts/display.asp?id=1122,True,"Supported verbatim. NCES: 5,916 Title IV institutions in 2020-21 (vs 7,021 in 2010-11), and 3,931 Title IV degree-granting (vs 4,599). Note that the data is four years old and the count is declining."
field-service-maintenance,"IBM Maximo: no vendor-disclosed count; Enlyft estimates 7,092 companies (42% >1,000 employees, 45% US)",https://en.wikipedia.org/wiki/Maximo_(software),False,"The cited Wikipedia page has no customer count and no Enlyft figure. The numbers are correct on Enlyft itself: 7,092 companies, 42% >1,000 employees, 35% medium-sized, 45% US. Change the source to https://enlyft.com/tech/products/ibm-maximo and label it a third-party estimate."
field-service-maintenance,"Datastream (Infor/HxGN EAM lineage): more than 6,700 customers on support (SEC 8-K exhibit, Jan 2006); combined Infor entity in 140 countries",https://www.sec.gov/Archives/edgar/data/0000938481/000119312506001715/dex991.htm,True,"Supported. The exhibit says Datastream has 'more than 6,700 customers on support', customers in more than 140 countries, and 'more than 60 percent of the Fortune 500'. The combined company is cited at 24,700 customers in 140 countries. Note that this is a 2006 figure."
field-service-maintenance,"IFS: first maintenance system 1985 for UNIX at Swedish nuclear plants; 500,000+ users of IFS Applications by 2005 (all modules)",https://en.wikipedia.org/wiki/IFS_AB,True,"Supported by Wikipedia: first product in 1985, a maintenance system for UNIX at Swedish nuclear facilities, and over half a million IFS Applications users by 2005. This is a secondary source and a user count, not a customer count. Keep the 'all modules' caveat."
field-service-maintenance,s1 met: Maximo first released 1985 as a stand-alone IBM PC product,https://en.wikipedia.org/wiki/Maximo_(software),True,"Supported. The page says Maximo began as a stand-alone solution on an IBM PC, with the first commercial version in 1985."
field-service-maintenance,"s3 met: UpKeep (2018 data) says 53% of facilities use a CMMS, 55% use spreadsheets, 44% still use paper, and up to 80% of CMMS implementations fail",https://upkeep.com/learning/maintenance-metrics/maintenance-statistics,True,"Supported. All four figures appear on the page (updated June 2026, 2018 data). The source is a CMMS vendor, so flag it as vendor-sourced. Prefer the underlying survey if it can be found."
field-service-maintenance,"EU buyer universe: 2.2 million manufacturing enterprises (2023), >30 million employed",https://ec.europa.eu/eurostat/statistics-explained/index.php?title=Businesses_in_the_manufacturing_sector,True,Supported. Eurostat gives 2.2 million enterprises and about 30.2 million persons employed in 2023.
field-service-maintenance,"UK buyer universe: 130,000 manufacturing VAT/PAYE businesses (March 2025), 4.8% of 2.73 million UK businesses",https://www.ons.gov.uk/businessindustryandtrade/business/activitysizeandlocation/bulletins/ukbusinessactivitysizeandlocation/2025,True,"Supported. ONS Table 3 shows Manufacturing at 130 thousand (4.8%) in 2025, down from 132 thousand in 2024, out of 2,735 thousand businesses in total."
field-service-maintenance,Largest challenger funding (MaintainX/UpKeep/Limble),,False,"Not checked. The research JSON was cut off, so this sentence never contained a funding claim to verify. Re-run this check with the full JSON."
agriculture-commodity,"SSI Agvance: 3,800+ ag retail locations, 25,000+ users, about 50% of CropLife Top 100 ag retailers; SSI founded 1981",https://agvance.net/about-ssi,True,"None. Page states '3,800+' Agvance ag retail locations, '25,000+' users, '~50%' of CropLife Top 100 are SSI companies, founded 1981."
agriculture-commodity,ION: over 300 agricultural organisations use ION solutions,https://iongroup.com/industries/commodities/agriculture-and-cpg/,True,None. Page says 'Over 300 unique agricultural organizations rely on ION solutions to manage their risk'.
agriculture-commodity,"Triple Point Technology founded 1993, sold to ION for about $900M on 13 Jul 2013, 350+ customers globally",https://www.westportnow.com/westports_triple_point_technology_sold_for_900m/,True,"None. Article gives 'approximately $900 million in cash', buyer ION Investment Group, dated July 13, 2013, co-founded 1993, 'more than 350 customers around the globe'. This is a local news source, not a filing or press release, but it matches the claim."
agriculture-commodity,"US buyer universe: 7,922 off-farm grain storage facilities on 1 Dec 2024, 11.8bn bu capacity (USDA NASS Grain Stocks)",https://esmis.nal.usda.gov/sites/default/release-files/xg94hp534/5d86qt759/xp68nc84m/grst0125.pdf,True,"None. Off-Farm Storage Facilities table: United States 8,004 (2023) and 7,922 (2024) facilities, capacity 11,847,900 thousand bu (11.8bn). The definition covers elevators, warehouses, terminals, merchant mills, other storage and oilseed crushers. Caveat holds: these are facilities, not firms."
agriculture-commodity,"India e-NAM: 267,719 registered traders, 4,518 FPOs, 1,522 integrated mandis as of 30 Jun 2025",https://www.pib.gov.in/PressReleasePage.aspx?PRID=2148525,True,"None. The PIB release says 2,67,719 traders and 4,518 FPOs registered as of 30 June 2025, and 1522 mandis integrated. WebFetch got a 403 but a direct curl of the page returned the text. The release also says 1,79,41,613 farmers are registered."
mainframe-cobol-general,"IBM (2022): IBM Z used by 45 of top 50 banks, 8 of top 10 insurers, 7 of top 10 retailers, 8 of top 10 telcos, two thirds of Fortune 100; nearly 3,800 government and corporate entities in critical infrastructure",https://newsroom.ibm.com/2022-04-05-Announcing-IBM-z16-Real-time-AI-for-Transaction-Processing-at-Scale-and-Industrys-First-Quantum-Safe-System,True,"Supported on all bank, insurer, retailer, telco and Fortune 100 figures. One caveat: the release says the 3,800 entities rely on 'IBM's hybrid cloud platform and Red Hat OpenShift', not on IBM Z mainframes. Reword that clause or drop it from the mainframe customer count and the segments text."
mainframe-cobol-general,S1/S2/S4 (GAO-25-107795): the 11 most critical federal legacy systems are 23 to 60 years old. Two Treasury systems (59 and 51 years old) run COBOL and Assembly. 3 of the 10 systems flagged in 2019 are modernized. Planned completion runs to end of FY2035 (HHS). Two systems have no completion date. 'Dwindling number of people available with the skills'. 8 of the 11 use legacy languages.,https://files.gao.gov/reports/GAO-25-107795/index.html,True,No change needed. The page confirms every figure and the quote. The two systems without dates are DOD System 3 (no plan) and DHS System 4 (the agency does not intend to set a date).
mainframe-cobol-general,"S3/S4 (BPC 2024): COBOL-based state UI systems force states to rely on loosely integrated technology, paper-based processes and manual data entry and transfers. States struggle to find COBOL programmers as they age out of the workforce.",https://bipartisanpolicy.org/wp-content/uploads/2024/03/BPC_Unemployment_Insurance_RV2.pdf,True,"No change needed. The PDF text (Lesson 1) matches almost word for word. WebFetch got a 403, so I downloaded the PDF with curl and read the text."
mainframe-cobol-general,"US buyer universe: 4,223 active FDIC-insured institutions (API index dated 2 Oct 2026)",https://api.fdic.gov/banks/institutions?filters=ACTIVE:1&limit=1&fields=NAME,True,"No change needed. The API meta total is 4,223, created 2026-10-02T11:56:31Z."
mainframe-cobol-general,EU buyer universe: 110 significant banks directly supervised by the ECB (cut-off 1 July 2026),https://www.bankingsupervision.europa.eu/banking/list/html/index.en.html,True,"No change needed. The page states 'Number of banks directly supervised by the ECB: 110', cut-off 1 July 2026."
e-invoicing-tax-compliance,"Vertex: 4,867 direct customers, ARR per customer $137,867 (31 Dec 2025, FY2025 10-K); e-invoicing live in 38 countries",https://www.sec.gov/Archives/edgar/data/1806837/000110465926019165/verx-20251231x10k.htm,True,"None for the counts. The 10-K confirms 4,867 direct customers, $137,867 ARR per customer, and that the solution 'operates within 38 countries'. Caveat: the fetched text says 'more than 45 years' and does not state 1978 as the founding year. Gross revenue retention of 94-95% (used in s2) also did not appear in the fetched excerpt, so re-verify it before relying on it."
e-invoicing-tax-compliance,"Avalara: 43,000+ businesses and government entities across 75+ countries (Nov 2025); $500M investment led by BlackRock (largest challenger funding)",https://newsroom.avalara.com/2025-11-11-Avalara-Announces-500-Million-Investment-Led-by-BlackRock,True,"None. The release states 'over 43,000 businesses and government entities across more than 75 countries' and a $500M investment led by BlackRock Private Financing Solutions."
e-invoicing-tax-compliance,"Pagero: 90,000 customers connected to 14 million companies (Jan 2024); TR cites 80+ countries with e-invoicing/CTC rules",https://www.thomsonreuters.com/en/press-releases/2024/january/thomson-reuters-corporation-acquires-majority-interest-in-pagero-a-world-leader-in-e-invoicing,True,"Minor wording change: the source says 'over 14 million connected companies', so write it as 14M+."
e-invoicing-tax-compliance,"EU buyer universe: 33.1 million enterprises (2023); large enterprises (250+) are 0.2%, about 66,000",https://ec.europa.eu/eurostat/web/products-eurostat-news/w/ddn-20251013-2,True,"33.1M and 0.2% are confirmed. The 'about 66,000' figure is our own calculation (0.2% x 33.1M), not a number Eurostat gives. Label it as derived."
e-invoicing-tax-compliance,S1 met: KPMG says Vertex products moved 'from mainframes to PCs and now to the cloud' and treats L Series/Q Series as older architecture,https://kpmg.com/us/en/capabilities-services/alliances/kpmg-vertex/upgrade-to-vertex-o-series.html,True,"None. The quote is verbatim and the page presents O Series as the modernization of the L and Q Series. The 1978 founding year should cite a source other than the 10-K excerpt, which only says '45+ years'."
pension-provident-fund-admin,FIS Omni/Relius: 650 clients supporting 68 million participants; core built in COBOL more than 30 years ago; cloud rebuild started about 4 years ago with launch due July 2026 (vendor customer count plus s1 and s2 evidence),https://www.wealthmanagement.com/rpa-news/fis-new-cloud-based-record-keeping-system-could-unlock-the-potential-of-401-k-plans,True,"None needed. The page says '650 clients supporting 68 million participants', 'created in COBOL over 30 years ago', the system is 'due out in July', and the FIS lead says 'We started the project four years ago'. Minor wording point: 'pre-1996' is an inference from 'over 30 years ago', not a date the article gives."
pension-provident-fund-admin,Heywood Altair is used by over 75% of Local Government Pension Schemes and processes more than 8 million members,https://heywood.com/products/pension-administration/altair,True,"None needed. The vendor page says 'trusted by over 75% of Local Government Pension Schemes', 'processes over 8 million members' and a track record of 'more than 50 years'. Label it as a vendor claim, not independent data."
pension-provident-fund-admin,"US buyer universe: about 801,400 private pension plans in 2022, of which 794,200 were single-employer (DOL EBSA Form 5500 bulletin)",https://www.dol.gov/sites/dolgov/files/ebsa/researchers/statistics/retirement-bulletins/private-pension-plan-bulletins-abstract-2022.pdf,True,"None needed. The PDF text reads 'Of the 801,400 total pension plans, 794,200 were single employer'. The exact table figure is 801,371, up 4.7% on 2021."
pension-provident-fund-admin,"EU/EEA buyer universe: 1,419 IORPs, 71.6m members and beneficiaries, EUR 2.72tn in assets, end-2023 data excluding CY, GR and IE, with the Netherlands holding 58.7% of assets",https://www.eiopa.europa.eu/document/download/83b77884-0677-4a06-9976-4fa006b79b01_en?filename=IORPs+Landscape+Factsheet+2024.pdf,True,"None needed. The factsheet shows '1 419' IORPs, '71.6 m' members and beneficiaries and '€2 720 bn' in assets, all as of end-2023. It excludes Cyprus, Greece and Ireland, and gives NL '€1 596 bn' (58.7%)."
pension-provident-fund-admin,"AU buyer universe: 771 APRA-regulated funds at June 2025, down from 1,656 five years earlier; 58 RSE licensees running 81 funds with more than six members ('not confirmed on the opened page')",https://www.apra.gov.au/annual-superannuation-bulletin-2024-25-highlights,True,"Supported, and the 58/81 caveat can be removed. The opened APRA page gives 771 funds at June 2025 versus 1,656 at June 2020 (down 53.4%). It also gives 58 RSE licensees and 81 funds with more than six members at June 2025."
pension-provident-fund-admin,"s4 shrinking skills: per Computerworld (2013), a NY State audit warned that the COBOL/z/OS MEBEL system, over 25 years old and behind the $160bn NY pension fund, depended on a small and dwindling number of specialists; the Comptroller said it had hired outside COBOL programmers and trained staff in COBOL/CICS",https://www.computerworld.com/article/1392782/cobol-based-system-for-160-billion-pension-fund-is-a-political-football.html,True,"Supported, with one attribution fix. The audit came from NY's Department of Financial Services (under Cuomo), not the Comptroller, and the article frames it as a political dispute. The Comptroller called MEBEL 'secure and battle-tested' and said a replacement led by Accenture was underway. Suggested wording: 'a 2013 NY DFS audit (disputed by the Comptroller)'. Note also that the research JSON contains no challenger-funding claim, so there was nothing on largest challenger funding to verify."
cooperative-rural-microfinance-banking,"Jack Henry Episys is implemented by over 700 credit unions with assets of $3M to $25B; SilverLake over 400 banks, CIF 20/20 about 360, Core Director nearly 200; outsourced core contracts typically run seven or more years (FY2021 10-K)",https://www.sec.gov/Archives/edgar/data/779152/000077915221000073/jkhy-20210630.htm,True,"None. The 10-K text matches every figure. These counts are as of June 2021 and are now more than 5 years old, so label them FY2021."
cooperative-rural-microfinance-banking,"4,287 federally insured credit unions at Q4 2025 (2,686 federal, 1,601 state-chartered), down from 4,455 a year earlier",https://ncua.gov/newsroom/press-release/2026/ncua-releases-fourth-quarter-2025-credit-union-system-performance-data,True,None. The NCUA release states all of these figures.
cooperative-rural-microfinance-banking,"Atruvia moved 341 entities onto agree21 in 60 series migrations over three years (about 60,000 workstations, 21.5M customer accounts), and all German Volksbanken and Raiffeisenbanken now run agree21",https://atruvia.de/pressemitteilungen/17-02-2020-nach-drei-jahren-serienmigration-nutzen-jetzt-alle-volks-und-raiffeisenbanken-ein-gemeinsames-it-verfahren,True,"Minor wording fix. The page describes the 341 as Volksbanken and Raiffeisenbanken; it does not add 'market customers and service companies'. The page also says six specialised institutions were still due to migrate in 2020, so 'all' applies only to the Volks- and Raiffeisenbanken."
cooperative-rural-microfinance-banking,"India PACS common ERP: 50,455 PACS onboarded as of 27 Jan 2025; proposals for 67,930 PACS sanctioned; Rs 2,516 crore outlay; Rs 741.34 crore central share released",https://www.indiancooperative.com/co-op-news-snippets/computerization-51k-pacs-onboarded-68k-secure-sanction-letters/,True,"None. The article states every figure. It is a secondary trade outlet, and the figures are from January 2025, so flag both."
cooperative-rural-microfinance-banking,"(Legacy sign s1) Fiserv Premier came with the 1995 ITI acquisition and had about 2,000 customers in 2009, out of about 6,000 on Fiserv core platforms; R&D uses COBOL and DB2",https://www.itjungle.com/2009/12/08/fhs120809-story01/,True,"None on the facts. Clarify that the 6,000 total covers cores on IBM i, AIX, Windows, zSeries and Unisys mainframes, not only IBM i. This 2009 data is the only primary support for s1 and is 17 years old."
aml-kyc-financial-crime,"FICO/TONBELLER: Siron serves more than a thousand banks and commercial organizations (FICO 10-Q, 2015), available in more than 90 countries",https://www.sec.gov/Archives/edgar/data/0000814547/000081454715000010/fico10-qq22015.htm,False,"Partly supported. The 10-Q does say TONBELLER supports 'more than a thousand banks and commercial organizations'. It does not mention '90 countries'. Keep the 1,000+ figure and drop 'available in more than 90 countries', or cite a separate source for it."
aml-kyc-financial-crime,"Nasdaq Verafin: over 2,000 banks and credit unions (Nasdaq, Feb 2021, $2.75B acquisition)",https://www.sec.gov/Archives/edgar/data/1120193/000119312521038410/d129206dex991.htm,False,"Partly supported. The Feb 2021 completion exhibit has 'Over 2,000 banks and credit unions' but gives no price. Cite the Nov 2020 announcement exhibit (https://www.sec.gov/Archives/edgar/data/1120193/000119312520297562/d19047dex991.htm) for the $2.75B cash price. That exhibit also says Verafin was founded in 2003, so first_shipped can read 'founded 2003' instead of 'not stated'."
aml-kyc-financial-crime,"US buyer universe: 4,223 active FDIC-insured institutions (index dated 2 Oct 2026)",https://api.fdic.gov/banks/institutions?filters=ACTIVE:1&limit=1&fields=NAME,True,"Supported. The API meta shows total 4223 and index institutions_20261002090007, created 2026-10-02."
aml-kyc-financial-crime,"S2 slow to replace (met): TD Bank failed to substantively update its transaction monitoring system from 2014 to 2022, about $18.3T of activity went unmonitored from 2018 to April 2024, and a 3-year monitorship was imposed",https://www.sec.gov/Archives/edgar/data/947263/000119312524282664/d40074d40app.htm,True,"Supported. The source says it failed to substantively update the system 'between 2014 and 2022'. It also says about $18.3 trillion went unmonitored from 1 Jan 2018 through 12 Apr 2024, and the monitor serves 'a period of three years'."
aml-kyc-financial-crime,"S3 workarounds (met): HKMA/Deloitte 2021 survey of 170 institutions found 120 ran AML process optimisation, 82 used technology including RPA (49), low-code (29) and process mining (20). S4 counter-evidence: 71 (41.7%) cited knowledge and skill limits",https://www.hkma.gov.hk/media/eng/doc/key-functions/banking-stability/aml-cft/seminar_20211005_4.pdf,True,"Supported. Every number matches the PDF: 120 institutions, 82 of 120 (68%) using technology, RPA 49, no/low-code 29, process mining 20, and 71 institutions (41.7%) citing knowledge and skill limits. The base of 170 institutions is stated throughout. Note that 'RPA layered over legacy AML systems' is the researcher's interpretation, not the survey's wording."
aml-kyc-financial-crime,SymphonyAI NetReveal: used by 200 of the world's leading financial institutions (July 2022),https://www.symphonyai.com/news/ai/symphonyai-acquires-netreveal-from-bae-systems/,True,"Supported. The 12 July 2022 release says NetReveal protects '200 of the world's leading financial services institutions'. The SAS figure of over 300 licensees in 69 countries was also confirmed at https://blogs.sas.com/content/sascom/2025/12/01/reflecting-on-the-birth-of-sas-anti-money-laundering/. The largest challenger funding claim was cut off in the research JSON I was given, so I could not check it."
capital-markets-trading-clearing,"Broadridge BPS lineage: ADP Securities Brokerage Services Group formed in 1962 with one client processing about 300 trades per night, and about 80% brokerage processing market share in the 1980s",https://www.broadridge.com/about/history,True,"None for these two facts. The page says 'one client processing an average of 300 trades per night' and 'approximately 80% of the market'. Note: the other parts of this disclosed_customers field ('20 of the 25 primary dealers' and 'over $10 trillion per day', attributed to the FY2023 10-K) are not on this history page. Either cite the FY2023 10-K URL for them or drop them. The '15 largest U.S. wealth providers' line IS confirmed in the FY2026 10-K (https://www.sec.gov/Archives/edgar/data/0001383312/000162828026052243/br-20260630.htm)."
capital-markets-trading-clearing,"S1 evidence: Broadridge FY2026 10-K says Kyndryl supports its 'mainframe, midrange, network and data center operations', with the ITSA extended to 31 Dec 2031 and an embedded mainframe equipment lease starting March 2027; also $819m deferred client conversion costs",https://www.sec.gov/Archives/edgar/data/0001383312/000162828026052243/br-20260630.htm,True,"Supported in Note 20: Kyndryl supports 'its mainframe, midrange, network and data center operations'. The ITSA amendment 'extended the arrangement through December 31, 2031' with an embedded mainframe equipment lease 'expected to commence in March 2027'. Fixed minimum ITSA commitments are $385.1m. One precision fix: the balance sheet line is 'Deferred client conversion and start-up costs' of $819.3m at 30 June 2026 (down from $842.9m), not conversion costs alone."
capital-markets-trading-clearing,"S2 evidence: MCX paid 63 moons Rs 60 cr, Rs 81 cr and Rs 125 cr for the three extension quarters, up from Rs 15 cr a quarter. Rs 222 cr was paid from Oct 2022 to Jun 2023, more than the FY2021-22 profit of Rs 118 cr. SEBI fined MCX Rs 25 lakh in May 2025 for late disclosure",https://www.moneylife.in/article/sebi-slaps-rs25-lakh-penalty-on-mcx-for-delay-in-disclosures-linked-to-63-moons-contract/77238.html,False,"Mostly supported. The page confirms Rs 15 cr per quarter before, then Rs 60, 81 and 125 cr, FY2021-22 profit of Rs 118 cr, and a Rs 25 lakh penalty dated 23 May 2025. The arithmetic is wrong: 60 + 81 + 125 = Rs 266 cr, not Rs 222 cr. Moneylife prints Rs 222 cr, so either one quarterly figure or the total is a source error. Write it as 'quarterly fees of Rs 60 cr, Rs 81 cr and Rs 125 cr (Moneylife puts the total at Rs 222 cr; the three figures sum to Rs 266 cr)', or check the SEBI order before using the total. This page does not show the TCS selection date (Feb 2021), the original 30 Sep 2022 deadline, the SEBI hold-off instruction of 28 Sep 2023, or the Oct 2023 go-live. Cite a separate source for those or drop them."
capital-markets-trading-clearing,"FSS FLEX runs at nearly 40 Vietnamese securities companies (VNDirect, VCBS, BSC, TCBS, VPBankS, BVSC); FDS runs at 10+ firms",https://fss.com.vn/en/capital-market/,True,"None. The page says 'FLEX has been successfully deployed at nearly 40 securities companies in Vietnam' and names VNDirect, VCBS, BSC, TCBS, VPBANKS and BVSC. FDS is 'deployed at over 10 major securities companies'. This is a vendor claim with no date."
capital-markets-trading-clearing,"US buyer universe: 3,184 FINRA member firms at end-2025 (2,832 small, 197 mid-size, 155 large)",https://www.finra.org/media-center/blog/four-insights-from-finras-2026-industry-snapshot,True,"None. The FINRA blog says member firms 'fell roughly 6% to 3,184 in 2025', with 2,832 small (down from 3,048), 197 mid-size (up from 185) and 155 large."
port-terminal-operating-system,Kaleris says the Navis TOS is used in more than 500 ports worldwide (2024).,https://kaleris.com/news/northport-partners-with-kaleris-to-enhance-terminal-operating-system/,True,"None. The 23 Jan 2024 release says 'more than 500 ports worldwide'. Note it covers the Navis TOS family (SPARCS and N4), not N4 alone, so do not add it to the GPA figure of 389 N4 terminals."
port-terminal-operating-system,"GPA ran SPARCS/Express at Garden City from fall 2000 to April 2022, and N4 is used at 389 terminals globally (59 in North America).",https://gaports.com/n4/n4-faqs/,True,"None. The FAQ says SPARCS/Express arrived at Garden City in fall 2000, the cutover ran from 1800 on 1 April to 0200 on 2 April, and N4 is at 59 North American and 389 global terminals. The page has no date. The 2022 date comes from the cutover context, so label it 'as of the 2022 cutover'."
port-terminal-operating-system,"Tideworks has 130+ global terminal deployments and handles 30M+ TEU a year, and reached 22 countries by 2014. Launched January 1999.",https://tideworks.com/about-us/,True,"Mostly supported. The page states 130+ deployments, 30M+ TEU a year, the January 1999 launch and '22 countries and four continents' as of 2014. The '100 rail and marine terminals' count for 2014 was not in the text extracted from this page. Drop it or cite a separate source."
port-terminal-operating-system,"Total Soft Bank's CATOS has been implemented by over 110 port terminal operators worldwide, and TSB was founded in Busan in 1998.",https://itea4.org/organisation/total-soft-bank-ltd-1.html,True,"None. The ITEA profile says 'over 110 port terminal operators' and 'Founded in Busan, Korea, in 1998'. It is a self-reported partner profile, so treat the count as a vendor claim."
port-terminal-operating-system,"EU buyer universe: 329 key seaports, of which 104 are core ports, per European Court of Auditors Special Report 16/2023.",https://www.eca.europa.eu/lists/ecadocuments/sr16_23/sr_maritime_en.pdf,True,"The numbers are right but the citation is wrong. This PDF is ECA Special Report 23/2016 (the URL code is sr16_23, and the report refers to 28 Member States), not 16/2023. It says 'the Commission defined 329 ports as EU key ports, of which 104 were core ports', a list set in 2013. It also says there are more than 1,200 commercial seaports in the EU. Relabel the source as SR 23/2016 and note that the counts are from the 2013 TEN-T guidelines. The 2024 TEN-T revision may have changed them."
civil-registration-identity,"Genesis Systems, Inc. discloses 252 clients and has worked on vital-records software since 1987 (it says it originated the US Electronic Birth Certificate).",https://www.genesisinfo.com/index1.html,True,"None. The page says 252 clients, 'Since 1987', and calls Genesis the originator of the EBC. The page gives no date for the count, so '2025' is the date it was checked, not a date on the page."
civil-registration-identity,"LexisNexis VitalChek DAVE, renamed VitalIQ (press release dated 20 May 2024), serves 16 US states.",https://risk.lexisnexis.com/about-us/press-room/press-release/20240520-vitaliq,True,"None for the count: the release says DAVE is 'helping 16 states'. The 2005 first-shipped date is only implied by the release, which mentions roughly two decades and 2005, so mark it as approximate."
civil-registration-identity,About three quarters of all German registration authorities (Meldebehörden) use HSH MESO or VOIS|MESO.,https://www.vois.org/fachverfahren/vois-meso/,True,None. The vendor page says around three quarters of all German Meldebehörden work with MESO and its successor VOIS|MESO. This is the vendor's own claim.
civil-registration-identity,"Thales supports more than 300 national identity programmes, has enrolled over 500 million people, and is behind one in three civil IDs issued each year.",https://www.biometricupdate.com/202504/thales-driving-digital-inclusion-behind-one-in-every-three-smart-civil-ids,True,"None. The article gives all three figures: over 300 programmes, over half a billion people enrolled, and one in three civil IDs delivered each year. These are vendor figures reported by trade press."
civil-registration-identity,"Buyer universe (US): 57 vital records jurisdictions (50 states, NYC, DC, territories) per NCVHS.",https://ncvhs.hhs.gov/wp-content/uploads/2018/01/NCVHS_Vital_Records_Uses_Costs_Feb_23_2018-1.pdf,True,"None. The PDF text says 'the 57 U.S. vital records jurisdictions' and 'All 57 vital registration jurisdictions'. Checked against the extracted PDF text, because the summary tool falsely reported 2,150."
civil-registration-identity,"S1/S3 legacy signs met: San Antonio Vital Records downloads the TxEVER queue each day and uploads partial data to the city 'Mainframe' index, mainframe passwords are 4-8 characters with no mixed case, and birth records are printed into bound notebooks.",https://sanantonio.gov/Portals/0/Files/CityAuditor/Reports/FY2021/AU20-007.pdf,True,"None. The audit text says staff 'download the vital records queue each day from TxEver and then upload partial information to the City's ""Mainframe"" system, which acts as an index'. It lists the password limits as 'No mixed-case passwords' and '4-8 character limit', and it mentions bound notebooks."
civil-registration-identity,"S2 slow to replace: CRS-ITP was a 12-year NSO and Unisys Australia contract from 23 Dec 1999, extended to 4 Sep 2015. CRS-ITP2 (PSA and Unisys) runs 12 years from 30 Sep 2016 to 2028.",https://getinthepicture.org/system/files/sites/default/files/Philippines-Digital%20Transformation_PSA.pdf,True,"None. The PSA slides say these dates verbatim. One small correction: the CRS-ITP2 counterparty is 'Unisys Managed Services Corp.', not Unisys Australia. No largest-challenger-funding claim appears in the research JSON, so there was nothing on that to check."
regulatory-prudential-reporting,"Lombard Risk / VERMEG AGILE (AgileREPORTER) supports over 150 global and international banks (2024), acquired by Regnology Nov 2024",https://www.regnology.net/en/resources/news/regnology-acquires-vermegs-regulatory-reporting-business/,True,"None. Page dated 25 Nov 2024 says the AGILE suite supports 'over 150 global and international banks spanning the UK, Europe, Asia Pacific, and North America'."
regulatory-prudential-reporting,"Workiva serves more than 6,600 organizations (FY2025 10-K); first solution released March 2010",https://www.sec.gov/Archives/edgar/data/1445305/000144530526000016/wk-20251231.htm,True,"None. 10-K says 'more than 6,600 organizations across the globe' and 'released our first solution in March 2010'. No banking/insurance split, as the research says."
regulatory-prudential-reporting,"US buyer universe: 4,238 FDIC-insured institutions in Q2 2026, down 41 in the quarter",https://www.fdic.gov/quarterly-banking-profile/quarterly-banking-profile-second-quarter-2026.pdf,True,"None. The QBP text says the number of FDIC-insured institutions 'declined by 41 during the second quarter to 4,238' (4,279 the prior quarter)."
regulatory-prudential-reporting,"UK buyer universe: PRA regulates 1,254 firms, 686 deposit-takers and 568 insurers (PRA Business Plan 2026/27)",https://www.bankofengland.co.uk/prudential-regulation/publication/2026/april/pra-business-plan-2026-27,True,"None. Confirmed: 686 deposit-takers (352 credit unions, 284 banks, 42 building societies, 8 DIFs) and 568 insurers. 'Deposit-takers' includes 8 designated investment firms, so 'deposit-takers' is the right label rather than 'banks'."
regulatory-prudential-reporting,S2 slow to replace: APRA D2A was due for replacement by end-2027 and was decommissioned early in March 2026 after a security pentest finding,https://www.itnews.com.au/news/apra-pulls-data-submission-system-after-security-pentest-624620,True,"Core claim supported: iTnews (31 Mar 2026) says APRA took D2A offline on 20 Mar 2026 after a 19 Mar penetration test, that D2A was 'scheduled for a replacement by end of 2027', and that it was near end-of-life in 2018. This page does not support the sub-claims that APRA Connect went live 18 months late in September 2021 or that APRA calls it a 'multi-year program'. Cite a separate source for those or drop them."
