category,spend_low_usd,spend_high_usd,year,legacy_share_low,legacy_share_high,legacy_low_usd,legacy_high_usd,method,sources
agriculture-commodity,700000000,1300000000,2025,0.55,0.75,385000000,975000000,"The estimate is built from three bottom-up components, then checked against analyst reports. No main vendor files segment revenue (ION, SSI, Cultura/Constellation, Ever.Ag, Bushel and Quoreka are private or do not break the segment out), so the vendor-sum leg uses headcount-based and third-party revenue estimates instead of filings.

(A) Agricultural CTRM. ComTech Advisory is the one analyst that states its method. It sizes the market bottom-up from vendor revenue, using vendor data, published financials, headcount and announced deals, with a strict CTRM scope that excludes ERP modules, logistics-only tools and treasury (Issuu preview of the 2024 report, opened). Its 2026 report gives about $2.14B for the global CTRM market. I saw that figure only in search snippets of the CTRM Center and PRWeb releases, because the CTRM Center pages returned 403 and the release I opened had no figures. The agricultural and softs share is about 15% in ComTech's agri report snippet and about 24% in a secondary aggregator snippet. That gives roughly $320-510M. Cognitive Market Research's $475M for 2025 (page opened) falls inside this range, but its regional split (49% APAC, 11.6% US) looks unreliable.

(B) Grain, elevator and ag-retail accounting ERPs, which ComTech's scope excludes. Vendor estimates: SSI/Agvance about $25-35M (about 155 staff), Cultura (AGRIS, AgVision and others) about $30-50M (140-250 staff, $37M third-party estimate), Ever.Ag crops/grain share $30-50M of about $105M, Bushel about $39M (third-party estimate), iRely ag share $15-30M, and the long tail (AgTrax, Vertical, AgriChain, AgriDigital, EU Agrarhandel and negoce ERPs, Brazil's TOTVS and Senior agro modules) $100-250M. Total $260-500M. Intel Market Research puts grain accounting software at $770M for 2024 (page opened, no stated method), which I treat as inflated.

(C) Commodity-job share of global merchants' ERP estates (SAP Commodity Management and ECC maintenance, hosting and vendor services at ADM, Cargill","https://issuu.com/ctrmcenter/docs/2024_market_sizing_outlook_and_trends_through_20 (ComTech 2024 market sizing preview, opened: bottom-up vendor-revenue methodology and scope exclusions) https://www.ctrmcenter.com/news/commodity-technology-advisory-releases-2026-ctrm-software-market-sizing-report/ (ComTech 2026: $2.138B CTRM market, $2.452B by 2030; 403 when opened, figure from search snippet) https://www.ctrmcenter.com/publications/reports/ctrm-agricultural-soft-commodities/ (ComTech agri and softs CTRM, about 15% of CTRM market; 403 when opened, figure from search snippet) https://www.prweb.com/releases/geopolitics-help-drive-growth-in-global-ctrm-software-market-size-302234855.html (ComTech 2024 release, opened; no figures disclosed) https://www.cognitivemarketresearch.com/agriculture-commodity-trading-and-risk-management-software-market-report (agri CTRM $475M in 2025, opened) https://www.intelmarketresearch.com/grain-accounting-software-market-30665 (grain accounting software $770M in 2024, opened) https://agvance.net/post/benefits-of-a-software-subscription (over 60% of Agvance users on subscription and hosting, July 2021, opened) https://helpcenter.agvance.net/home/why-agvance-sky (SKY runs alongside the Windows-based Agvance core, opened) https://agfeed.com.br/negocios/tradings-pecuaria-credito-totvs-busca-caminhos-para-conquistar-o-campo/ (TOTVS about 600 agro clients, agro revenue not disclosed, opened) https://iongroup.com/industries/commodities/agriculture-and-cpg/ (300+ agri organisations use ION, from earlier research) https://www.sec.gov/Archives/edgar/data/7084/000000708425000011/adm-20241231.htm (ADM legacy-system ERP replacement still in phases, from earlier research) https://www.linkedin.com/company/software-solutions-integrated (SSI headcount about 155, search snippet only) https://pitchbook.com/profiles/company/87683-86 (Bushel 142 employees; the $38.9M revenue estimate came from an unattributed search-result line, not opened) https://www.owler.com/company/culturatech (Cultura revenue estimate, search snippet only) https://growjo.com/company/Ever.Ag (Ever.Ag about $105M revenue estimate, search snippet only) https://www.tofler.in/eka-software-solutions-private-limited/company/U72200KA2004PTC034432 (Eka India entity revenue INR 100-150 crore FY23, search snippet only)"
airline-pss,3000000000,4500000000,2025,0.75,0.9,2250000000,4050000000,"I built the range three ways. The vendor-revenue sum is the main one. The other two are a per-passenger cross-check and analyst reports, which I used only as a ceiling. FX assumptions: EUR/USD about 1.13 and USD/CNY about 7.2 (2025 averages, my assumption).

(1) Vendor-revenue sum for FY2025 filings:
- Amadeus Air IT Solutions: EUR 2,345.9m, about $2.65bn (FY2025 management review, opened). This segment also includes Airport IT, Airline Professional Services and upsell modules (revenue management, digital commerce, NDC). I count $1.9-2.4bn as PSS-core spend.
- Sabre IT Solutions: $554.0m (Q4 2025 8-K, opened). The segment is now airline-only after the Hospitality sale in Q3 2025, but it also covers commercial/operations and agency products. I count $0.40-0.55bn.
- TravelSky aviation information platform services: RMB 4,616m, about $0.64bn (from a search snippet; the results PDF returned 403). This mixes airline-hosted PSS (ICS), CRS distribution and airport DCS. I count 40-70%, so $0.26-0.45bn.
- Hitit: about $42m. Derived from its 2025 release: EBITDA $17.9m at a 43% margin, and R&D $20.6m at 49% of revenue.
- IBS iFly Res: $0.03-0.07bn. This is my estimate, since IBS's total revenue is only about $190m in third-party data.
- Long tail: $0.3-0.6bn. This covers SITA Horizon/Gabriel, DXC SHARES (United), Unisys, Sirena-Travel, KIU, Videcom, InteliSys, Nira, ISA and FLYR. These are not disclosed, so the figure is my estimate. SITA's total revenue of $1.71bn is mostly airports and network, not PSS.
- In-house z/TPF licences, maintenance and hosting at remaining self-hosted carriers: $0.05-0.15bn (estimate).
- Sum: about $3.0bn to $4.3bn.

(2) Per-passenger cross-check. T2RL tracks 1,138 active airlines boarding about 4.99bn passengers in 2025. Implied vendor yields are about EUR 1.04 (about $1.18) per passenger boarded for Amadeus, including airport and upsell revenue. For Sabre it is about $0.80, if its 695m passengers-boarded metric is the IT Solutions count; the fil","https://amadeus.com/en/newsroom/press-releases/amadeus-fy-2025-results-revenue-growth https://amadeus.com/content/dam/amadeus/corporate/documents/en/investors/2025/financial-results/quarterly-results/q4-2025/2025-amadeus-management-review.pdf https://www.sec.gov/Archives/edgar/data/1597033/000162828026008796/a2025q4earningsrelease.htm https://www.sec.gov/Archives/edgar/data/1597033/000162828026008800/sabr-20251231.htm https://hitit.com/news-updates/hitit-closes-2025-strong-financial-performance-and-sustainable-growth https://www.tipranks.com/news/company-announcements/travelsky-lifts-2025-profit-and-dividend-despite-slight-revenue-dip https://media-travelsky.todayir.com/20260327061601609012071236_en.pdf (403; segment figure RMB 4,616.0m taken from search snippet) https://www.t2rl.net/reports/ https://market.us/report/aviation-passenger-service-system-market/ https://www.verifiedmarketreports.com/product/airline-passenger-service-system-market/ https://www.sita.aero/about-us/pressroom/news-releases/aviation-industry-transformation-clearly-reflected-in-sitas-record-results/ (search snippet: SITA 2025 revenue $1.71bn) https://getlatka.com/companies/ibs-software-services (search snippet: IBS 2023 revenue $188.1m, third-party estimate)"
capital-markets-trading-clearing,10000000000,14000000000,2025 (vendor fiscal years ending Mar 2025 to Jun 2026),0.15,0.35,1500000000,4900000000,"The range is external vendor spend on sell-side trading, OMS/EMS, clearing and post-trade, broker back-office and exchange/CCP technology. It excludes market data, internal staff, buy-side asset-management software and clearing services such as Apex or Pershing. I triangulated it three ways.

(1) Sum of vendor revenues from filings. Broadridge GTO, FY Jun-2026 10-K: Capital Markets $1,184.2M plus Wealth & Investment Mgmt $731.8M, $1.92B in total. GTO houses the BPS back office and the post-trade and Itiviti trading lines. FIS Capital Market Solutions, 2025 10-K: $3,196M. That segment also covers buy-side, treasury and lending, so I counted only 30-45%, about $1.0-1.4B. Nasdaq Capital Markets Technology, 2025 10-K: $1,091M (market tech for 135+ marketplaces, Calypso, trade management services). NRI Securities, FY Mar-2025: JPY 145.7B, about $0.95B (the THE STAR shared broker back office plus securities SI). Iress Global Trading & Market Data: A$124.8M in H1 2025, about $0.16B a year. Hundsun: CNY 5.78B in 2025, of which I counted 40-55% as brokerage cores, about $0.3-0.45B. Murex: EUR 791M (Wikipedia, year not stated) against EUR 454M (Craft), so $0.5-0.9B. ION Markets/Fidessa: private, estimated at $0.8-1.2B with no filing. The named list sums to about $6.7-8.1B. Adding a long tail of $2-4B gives $9-12B. The tail covers Bloomberg sell-side, LSEG post-trade and exchange tech, TCS BaNCS, Finastra, SS&C sell-side, Trading Technologies, FlexTrade, Koscom, Kingdom, Daiwa IR, Hitachi/NTT Data broker systems, 63 moons (about $28M), MPC, FSS and others.

(2) Top-down from Opimas, the only analyst source with a stated scope (six capital-markets areas, top-40 vendors ranked by known and estimated revenue). Total capital-markets tech spend was $163B in 2023, $48B of it external software. The buy side is about two-thirds of the total. Sell side plus execution venues therefore gets about $16B of external software. Taking 55-75% of that for trading/clearing/back office gives $9-1",https://www.sec.gov/Archives/edgar/data/0001383312/000162828026052243/br-20260630.htm https://www.sec.gov/Archives/edgar/data/1136893/000113689326000013/fis-20251231.htm https://www.sec.gov/Archives/edgar/data/1120193/000162828026007703/ndaq-20251231.htm https://ir.nri.com/en/ir/library/report/main/03/teaserItems1/0/linkList/0/link/ar2025_e_view7.pdf https://www.iress.com/media/documents/FY25_Half_Year_Report.pdf https://stockanalysis.com/quote/sha/600570/revenue/ https://en.wikipedia.org/wiki/Murex_(financial_software) https://en.wikipedia.org/wiki/ION_Group https://www.opimas.com/research/983/detail/ https://www.opimas.com/research/1076/detail/ https://www.celent.com/en/insights/insight-59 https://www.celent.com/en/insights/insight-68 https://www.globenewswire.com/news-release/2026/03/06/3250837/28124/en/Post-Trade-Processing-Solution-Market-Report-2026-9-12-Bn-Trends-Opportunities-Competitive-Analysis-and-Long-term-Forecasts-2020-2025-2025-2030F-2035F.html https://dataintelo.com/report/global-securities-trading-software-market https://www.63moons.com/investors/shareholders/annual-report/Annual-Report-2024-2025.pdf
card-payments-processing,14000000000,22000000000,2025,0.6,0.8,8400000000,17600000000,"Scope: money banks, credit unions, fintech issuers and acquiring banks pay outside vendors for card management, authorization, switching and issuer or wholesale-acquirer processing. That covers licences, maintenance, outsourced or hosted processing, SaaS and vendor services. It leaves out scheme or network fees, merchant-facing acquiring revenue and the issuer's own staff.

(A) Analyst sizes:
- Growth Market Reports puts issuer processing at $17.6B in 2024 (software, hardware and services; multi-phase primary and secondary method; 7.2% CAGR, so about $18.9B in 2025).
- MarketIntelo puts the card issuing platform market at $14.2B in 2025. Its splits look unreliable (for example 70% cloud).
- A search snippet for MAK Data Insights gives card issuance systems at $18.7B in 2025. I did not open it.
- I set aside ""payment processing solutions"" reports ($56-141B for 2025). They include merchant acquiring and are far outside this job.
- The analyst band is roughly $14-19B.

(B) Bottom-up from 2025 filings, with my own allocation of the card-software share in brackets:
- TSYS / FIS Total Issuing: $2.16B adjusted net revenue in FY2025. Under FIS it booked $666M GAAP in Q2 2026, about $2.6B annualized.
- Fiserv Issuing segment: $3.284B. It includes card production, print, prepaid, government and student-loan processing, so I counted about $1.8-2.5B as card processing.
- Fiserv debit processing inside Digital Payments ($3.945B in total): about $1.0-1.5B, my estimate.
- Fiserv Merchant 'Processing' (wholesale back-end processing for acquirers, $1.089B): about $0.5-1.0B.
- FIS card and debit processing before the TSYS deal: about $1.0-1.5B. Not broken out; my estimate.
- Nexi Issuing Solutions: €851.6M for 9M25, about €1.14B FY, roughly $1.1-1.3B.
- Worldline Financial Services: €792M, of which issuing and acquiring processing is about $0.45-0.6B.
- ACI Payment Software (BASE24 and related): $942M, about $0.7-0.9B relevant.
- Jack Henry card processing (inside a $873M Payments se","https://investors.globalpayments.com/news-events/press-releases/detail/500/global-payments-reports-fourth-quarter-and-full-year-2025 https://www.sec.gov/Archives/edgar/data/0001136893/000113689326000050/fis-20260630.htm https://www.sec.gov/Archives/edgar/data/798354/000079835426000009/fi-20251231.htm https://www.sec.gov/Archives/edgar/data/935036/000093503626000009/aciw-20260226_ex991.htm https://www.nexigroup.com/content/dam/corp/downloads/investors/financial-press-releases/2025/2025-11-05-pr-nexi-9M2025-financial-results.pdf https://investors.worldline.com/en/home/news-events/financial-press-releases/2026/pr-2026_02_25_02 https://www.sec.gov/Archives/edgar/data/779152/000077915225000055/jkhy-20250630.htm https://growthmarketreports.com/report/issuer-processing-market https://marketintelo.com/report/card-issuing-platform-market https://www.sec.gov/Archives/edgar/data/1522540/000152254026000017/mq-20251231.htm (Marqeta 2025 net revenue $624.9M, from earlier category research) https://www.sec.gov/Archives/edgar/data/1818874/000181887425000204/a2025q3earningsrelease.htm (SoFi Tech Platform 9M25 $327.8M; search snippet, not opened) https://www.makdatainsights.com/reports/global-card-issuance-system-market (search snippet only, not opened) https://www.grandviewresearch.com/industry-analysis/payment-processing-solutions-market (search snippet only; excluded as out of scope)"
construction-project-accounting,1600000000,2600000000,2025,0.5,0.7,800000000,1820000000,"Triangulated two ways for 2025. (1) Analyst market sizes. Three reports were opened, and their 2025 figures were USD 1.72B (The Business Research Company, base year 2025, CAGR model), USD 2.00B (Future Market Insights, 61.3% solutions and 38.7% services, 58.7% cloud and 41.3% on-prem) and USD 2.64B (Precedence Research, 72.4% cloud, North America 42.4% = USD 1.12B). Search snippets gave other 2025 figures of USD 2.12B to 2.66B (Market Research Future, Verified, WiseGuy), but those pages were not opened. None of them publishes a bottom-up method. Their vendor lists also include Intuit/QuickBooks, Xero, Procore and Deltek, which makes the scope generous. (2) A bottom-up sum of vendor revenue, mostly estimates because the core vendors do not report segment figures. Trimble Viewpoint (Vista, Spectrum, Jobpac): Trimble guided about USD 200M non-GAAP revenue for 2019 in its 2018 8-K. It no longer breaks Viewpoint out. AECO segment revenue was USD 1,498.6M in 2025 and growth there is about 10%/yr, which compounds to roughly USD 300-400M. Sage construction (Sage 300 CRE, Sage 100 Contractor, Sage Intacct Construction) is not disclosed and is estimated at USD 200-350M from 15k+ claimed CRE customers and maintenance pricing. Foundation is about USD 65M (ZoomInfo estimate) and could be up to about USD 150M. CMiC is about USD 75.5M (GetLatka estimate). COINS/Access is about USD 75M (Crunchbase-type estimate seen in a search snippet). CGC eCMS is about USD 20-30M and Jonas construction brands about USD 100-200M, both my estimates. Construction-vertical modules on Acumatica, NetSuite, Deltek ComputerEase, Premier, Adaptive, Eque2, RedSky and Causeway add about USD 150-250M. These named construction-accounting vendors sum to roughly USD 1.1-1.5B in licence, subscription and maintenance revenue. Adding VAR and implementation services (FMI puts services at about 39% of the market) brings it to roughly USD 1.4-2.0B. Contractors' share of QuickBooks and Xero, the construction-firm sha",https://www.thebusinessresearchcompany.com/report/construction-accounting-software-global-market-report https://www.futuremarketinsights.com/reports/construction-accounting-software-market https://www.precedenceresearch.com/construction-accounting-software-market https://www.sec.gov/Archives/edgar/data/0000864749/000119312518127126/d573173dex991.htm https://investor.trimble.com/news/news-details/2026/Trimble-Announces-Fourth-Quarter-and-Full-Year-2025-Results-and-Initiates-2026-Guidance/default.aspx https://www.sec.gov/Archives/edgar/data/864749/000086474926000015/trmb-20260102.htm https://www.acumatica.com/blog/viewpoint-vista-construction-weighing-options/ https://getlatka.com/companies/cmicglobal.com https://www.procore.com/press/procore-announces-fourth-quarter-and-full-year-2025-financial-results https://www.erpadvisorsgroup.com/blog/sage-300-cre-end-of-support https://stockanalysis.com/stocks/trmb/transcripts/737850-piper-sandler-5th-annual-growth-frontiers-conference/
cooperative-rural-microfinance-banking,5000000000,8500000000,2025 (mix of FY2024 and FY2025 data),0.8,0.92,4000000000,7820000000,"Scope: core banking and ERP for credit unions, US community banks, cooperative and rural banks, and MFIs or SACCOs. Includes licences, subscriptions, maintenance, and hosted or outsourced core processing. Digital banking, card and payments processing are excluded where a vendor reports them separately. Internal IT staff are excluded. Captive cooperative IT companies (Atruvia, Allitude and others) are counted as vendors because they are separate entities that bill the member banks. The French and Dutch cooperative mega-groups, Brazil's Sicoob and Sicredi in-house IT, and Rabobank and OP in-house IT are excluded.

(A) Vendor and utility revenue sum, in USD:
- US, $2.6-3.7bn. Jack Henry Core segment was $739M in FY2025 (to 30 Jun 2025). It serves about 715 Symitar credit unions plus 520 SilverLake, 260 CIF 20/20 and 170+ Core Director banks, about $440k per core client. Fiserv does not split out core revenue (Financial Solutions totalled $9.66bn in 2025). Fiserv holds about 42% of banks (KC Fed, 2022) and 1,254 of 4,631 credit unions (Dec 2024). Scaled on Jack Henry's per-client revenue, that is an estimated $1.2-1.8bn. FIS community-bank cores are estimated at $0.2-0.4bn. Others (CSI, COCC, Corelation, FedComp, Finastra, CU*Answers, Sharetec, plus Symitar CUSOs) are estimated at $0.5-0.8bn. Cross-check: about 250M accounts at $10-20 each gives $2.5-5bn.
- Europe cooperative IT utilities, $1.1-2.0bn. Revenues sum to about EUR 2.4bn: Atruvia AG EUR 1.7bn (2024), BCC Sistemi Informatici EUR 330M, Allitude EUR 275M and RSI EUR 117M. I assume 40-70% of that is core or ERP rather than workplace IT, payments and back office.
- Japan and Korea, $0.6-1.2bn. Shinkin SSC had JPY 22.2bn revenue (FY to Mar 2025) and Nochu Information Systems (JA Bank, JASTEM) JPY 32bn. Add direct NTT Data spend, shinkumi, and Korean MG, Shinhyup and Nonghyup locals.
- Canada and Australia mutuals, $0.2-0.4bn.
- India, $0.15-0.3bn. The PACS ERP is Rs 2,516 cr over 5 years. Add UCB, DCCB and StCB co",https://www.prnewswire.com/news-releases/jack-henry--associates-inc-reports-fourth-quarter-and-full-year-fiscal-2025-results-302533922.html https://www.sec.gov/Archives/edgar/data/779152/000077915225000055/jkhy-20250630.htm https://www.kansascityfed.org/research/payments-system-research-briefings/market-structure-of-core-banking-services-providers/ https://creditunions.com/blogs/top-20-cores-for-credit-unions-in-2024/ https://investors.fiserv.com/news-releases/news-release-details/fiserv-reports-fourth-quarter-and-full-year-2025-results https://atruvia.de/pressemitteilungen/23-06-2025-hauptversammlung-2025 https://www.cassacentrale.it/en/allitude-approves-2024-financial-statements-revenues-rose-eur-275-million-and-it-investments-eur-67 https://www.companyreports.it/bcc_sistemi_informatici_spa-03032560967/ https://www.ruralserviciosinformaticos.com/cms/estatico/bl/rsi/web/es/rsi/html/assets/downloads/Cuentas-Anuales-e-Informe-de-Gestion-2024.pdf https://irbank.net/E04792 https://www.nochu-info.co.jp/company/profile/ https://www.snsinsider.com/reports/core-banking-software-market-8292 https://www.fortunebusinessinsights.com/u-s-core-banking-software-market-107481 https://www.fortunebusinessinsights.com/core-banking-software-market-104392 https://www.marketsizeandtrends.com/report/micro-finance-software-market/ https://getlatka.com/companies/mambu https://www.indiancooperative.com/co-op-news-snippets/computerization-51k-pacs-onboarded-68k-secure-sanction-letters/
core-banking,12000000000,19000000000,2025,0.8,0.92,9600000000,17480000000,"I built the range three ways.

(1) Analyst market sizes. The six 2025 figures I found run from $10.9B to $20.1B: Proficient $10.86B, Market Research Intellect $11.88B, Precedence $13.79B, SNS $16.73B, Custom Market Insights $17.94B, Fortune Business Insights $19.30B and Straits $20.12B. None of the pages I opened states a usable methodology. Precedence splits its figure about 65% solutions and 35% services, and both it and Fortune say on-premise is the largest deployment. I treat these numbers as inflated toward the high end.

(2) Vendor filings, core-attributable revenue for FY2025:
- FIS Banking Solutions: $7,285M (10-K). It covers core, digital and payments. Assuming 30-40% is core gives $2.2-2.9B.
- Fiserv Banking business line: $2,435M (10-K disaggregation table). It covers account processing, digital banking, risk and check processing. Assuming 55-75% is core gives $1.3-1.8B.
- Jack Henry Core segment: $739M (FY to June 2025).
- Temenos: total revenue $1,071M. Product revenue is $943M (subscription and SaaS $452.5M plus maintenance $490.3M), and core banking is about 81% of it. With a share of services, that is about $0.85B.
- Oracle Financial Services Software: revenue Rs 7,672 crore (about $0.88B) for FY to March 2026. Assuming 50-65% is FLEXCUBE and banking gives $0.45-0.6B.
- Silverlake Axis: RM783.5M (about $0.17B), FY2024.
- Finastra Universal Banking, Infosys Finacle and TCS BaNCS do not disclose revenue. I estimate them at $0.4-0.6B, $0.3-0.4B and $0.3-0.5B.
- Challengers: Mambu about $129M (2024, third-party estimate) and Thought Machine £47.6M (2024).

The named vendors sum to about $6.7-8.6B. Adding a long tail (Japanese and Chinese bank IT vendors, Avaloq, CSI, DXC Hogan, Sopra and others, about $2-4B) gives $9-12.5B of packaged-vendor spend. Third-party implementation and SI services plus hosting and mainframe run costs for core estates add about $3-7B. The total is about $12-19B.

(3) Ceiling check. Temenos's 2025 annual report sizes all third-pa",https://www.sec.gov/Archives/edgar/data/779152/000077915225000053/jkhy-20250630xex99pressrel.htm https://www.sec.gov/Archives/edgar/data/798354/000079835426000009/fi-20251231.htm https://www.sec.gov/Archives/edgar/data/798354/000079835425000168/fiq325earningsrelease.htm https://www.sec.gov/Archives/edgar/data/1136893/000113689326000013/fis-20251231.htm https://www.temenos.com/wp-content/uploads/2026/03/2025-annual-report-4nu412zg99.pdf https://www.temenos.com/press_release/temenos-announces-q4-2025-results-22tw4tk10/ https://s201.q4cdn.com/971593819/files/doc_financials/2026/q4/ofss-q4fy26-pr.pdf https://silverlakeaxis.com/img/pdf/SLAxis_AR2024.pdf https://tech.eu/2025/10/02/thought-machine-raises-ps45m-as-losses-increase/ https://www.fortunebusinessinsights.com/core-banking-software-market-104392 https://www.precedenceresearch.com/core-banking-software-market https://www.celent.com/en/insights/232480118 https://getlatka.com/companies/mambu https://straitsresearch.com/report/core-banking-software-market https://www.custommarketinsights.com/report/core-banking-software-market/
courts-justice,1200000000,2200000000,2025,0.55,0.75,660000000,1650000000,"I built the range two ways.

(A) Analyst market sizes for court case management software. The credible cluster runs from about $1.0B to $2.0B:
- Business Research Insights: about $0.96B for 2026 (search snippet only).
- QYResearch/Valuates: $1.08B for 2024 (search snippet only; the page fetch failed).
- Verified Market Research, ""court management software"": $1.20B for 2025 (search snippet only).
- Mordor Intelligence: $1.96B for 2025. I opened this page. It covers software platforms, not implementation services, puts North America at 39.7% and says cloud is 64.7%.

I set aside DataIntelo at $4.2B and Verified Market Reports' ""court case management"" page at $9.05B for 2025 (opened). Their vendor lists bring in Microsoft, Relativity, Hyland and legal practice software, so they measure a broader legal or case-management market.

(B) Vendor revenue from filings, built bottom-up:
- Tyler Technologies, ""Courts & Justice"": 15% of 2024 revenue in Tyler's May 2025 investor deck (opened). 15% of $2,137.8M is about $321M. 2025 revenue was $2,332.3M per the Q4 2025 8-K (opened), so about $350M at the same share. This figure includes e-filing transaction fees, prosecutor, supervision and jury products.
- Tyler says it has about 55% US court share, a count-based figure from its CFO as cited in the Yale Law Journal. Grossing up gives roughly $0.6-0.7B of US state and local court software spend.
- Journal Technologies (DJCO FY Sep 2025 10-K, opened): $69.9M, made up of licensing and maintenance $31.7M, consulting $22.7M and public service fees $15.5M.
- equivant, Justice Systems FullCourt, Catalis, Thomson Reuters (C-Track/CaseLines) and smaller vendors: about $150-300M combined. This is my estimate, since none of them disclose segment revenue.
- US federal judiciary: the CM/ECF and PACER modernization is costed at $700-800M over the 6 years to FY2030 (uscourts.gov, opened). That is about $120-135M a year, though part of it is internal staff.
- US subtotal: about $0.75-0.95B.
- Out","https://www.mordorintelligence.com/industry-reports/court-case-management-software-market https://www.verifiedmarketreports.com/product/court-case-management-software-market/ https://reports.valuates.com/market-reports/QYRE-Auto-6W13624/global-court-case-management-software (search snippet only; fetch failed) https://www.businessresearchinsights.com/market-reports/court-management-software-market-102565 (search snippet only) https://dataintelo.com/report/court-management-software-market (search snippet only) https://s201.q4cdn.com/385562537/files/doc_presentations/2025/May/07/Tyler-Technologies-Investor-Presentation-May_2025.pdf https://www.sec.gov/Archives/edgar/data/860731/000086073126000013/a991earningsrelease12312025.htm https://yalelawjournal.org/pdf/01KQD1MQQ1VGYCWKR0F394GM67.pdf https://www.sec.gov/Archives/edgar/data/783412/000143774925038836/djco20250930_10k.htm https://www.uscourts.gov/data-news/judiciary-news/2026/06/26/judiciary-approves-funding-case-management-and-public-access-modernization https://www.businesstoday.in/latest/economy/story/union-cabinet-commences-phase-3-of-e-courts-project-rs-7210-crore-budget-allocated-398312-2023-09-13 https://de.wikipedia.org/wiki/Gemeinsames_Fachverfahren_f%C3%BCr_die_Justiz (search snippet only, GeFa EUR 171m budget) https://investors.tylertech.com/news/news-details/2024/Tyler-Technologies-to-Enhance-Court-Case-Accessibility-and-Efficiency-for-the-Commonwealth-of-Kentucky/default.aspx (from earlier research)"
ehr-hospital,17000000000,23000000000,2025 (vendor data mixes FY2024 and FY2025; analyst figures are 2024 actuals and 2025 estimates),0.55,0.75,9350000000,17250000000,"I built the range two ways and they agree at about $17-21B. I widened the top to $23B for third-party implementation services (Epic and Oracle consultancies), which the vendor sum leaves out.

(1) ANALYST SIZES, narrow hospital-EHR scope
- Vision Research: $17.73B in 2024 and $18.55B in 2025. North America is 45%. Professional services are 33% of the total, so services are already included.
- Grand View, from search snippets because the page returned 403: hospital EHR $17.69B in 2024. Its total EHR market is $35.89B in 2025 with hospitals at 52.84%, which gives about $19.0B.
- Nova One: $18.35B in 2024.
- Outlier: Prophecy at $33.5B.
- I rejected the broad HIS market sizes ($29.6B to $63.8B; MarketsandMarkets $63.8B in 2024, Mordor $61.5B in 2025). They include RCM, imaging, pharmacy, lab and hardware, which are outside this job.
- Analyst midpoint: about $18-19B for 2025.

(2) VENDOR REVENUE SUM, hospital-EHR revenue only, FY2024/25
- Epic: $5.7B in 2024, confirmed by Epic. $6.7B in 2025 per Forbes, unverified. I count $6.0-6.7B.
- Oracle Health/Cerner: Oracle does not disclose it. Bloomberg-reviewed documents put it at about $5.6B for FY to May 2024, flat after that. About 25% is federal. Cerner's last 10-K showed $5.77B for 2021. I count $4.5-5.6B to strip out RCM and non-EHR revenue.
- MEDITECH: $493.8M in 2019 (last 10-K; it deregistered in Dec 2020). I count $0.45-0.55B.
- Altera (ex-Allscripts hospitals): Constellation's filing shows $556M for the 8 months of 2022 it owned it, and $197M in Q4 2022. I count $0.7-0.8B.
- Dedalus: EUR 760M in 2021, targeting EUR 1B. I count $0.7-1.1B for the hospital clinical share.
- CGM HIS segment: EUR 81.7M in Q1 2025, growing 10% organically. That is about $0.37B a year.
- Nexus: EUR 261M in 2024, about $0.28B.
- Cambio: SEK 1.38B, about $0.13B.
- TruBridge Patient Care: about $0.13B.
- InterSystems TrakCare: an assumed slice of the company's $1.1B total, $0.2-0.4B.
- SAP IS-H: $0.2-0.3B, assumed.
- China hospital core and ","https://www.visionresearchreports.com/hospital-electronic-health-records-market/41775 https://www.grandviewresearch.com/industry-analysis/hospital-electronic-health-records-market-report (403 on open; figures from search snippet) https://www.grandviewresearch.com/press-release/global-electronic-health-records-market (search snippet: $35.89B 2025, hospital 52.84%) https://www.marketsandmarkets.com/Market-Reports/hospital-information-system-market-144083226.html https://www.mordorintelligence.com/industry-reports/hospital-information-system-market https://www.operatorbook.dev/stories/epic-systems-revenue https://sacra.com/c/epic/ https://en.wikipedia.org/wiki/Epic_Systems https://finance.yahoo.com/news/oracle-28-billion-cerner-health-130029084.html https://www.fiercehealthcare.com/health-tech/cerners-2021-revenue-reaches-58b-pending-oracle-acquisition-draws-pension-fund-lawsuit (search snippet) https://www.sec.gov/Archives/edgar/data/1011452/000101145220000002/tenk.htm https://data.sec.gov/submissions/CIK0001011452.json https://www.sec.gov/Archives/edgar/data/1113678/000119312523205060/d484096dex25.htm https://www.dedalus.com/global/en/media/news/dedalus-points-1-billion-in-revenues-by-digitizing-european-healthcare/ https://www.cgm.com/corp_en/data/downloads/presse/260224-pr-financial-year-2025-en.html https://www.eqs-news.com/news/corporate/q1-2025-compugroup-medical-reports-slow-start-into-the-year/88b7d863-abff-456a-a787-cbf711a70c91_en (search snippet) https://www.nexus-ehealth.com/company/news/article/very-successful-financial-year-2024 (search snippet) https://news.cision.com/sanolium/r/cambio-interim-report-q3-2024,c4073423 (search snippet) https://www.sec.gov/Archives/edgar/data/1169445/000116944525000077/tbrg-20250930.htm (search snippet) https://finance.sina.com.cn/stock/aigc/stockfs/2025-04-19/doc-inetrwnc7415616.shtml https://www.zhitongcaijing.com/content/detail/1280714.html https://www.imarcgroup.com/japan-electronic-medical-records-market (search snippet) https://healthsystemcio.com/2026/05/14/acute-care-ehr-market-share-2026/ (from category research)"
erp-distribution,5500000000,10000000000,2025 (vendor data mostly FY2024 to FY2025),0.15,0.4,825000000,4000000000,"I built the range three ways.

(1) Analyst market sizes, all opened:
- WiseGuy ""Distribution ERP Software"": $7.73B in 2025 ($7.34B in 2024). Its methodology text is generic boilerplate.
- WiseGuy ""ERP Software for Wholesale Distribution"": $15.9B in 2025. It uses the same boilerplate and includes Odoo, Ecount and other SMB tools. I treat it as inflated and use it only as an outer bound.
- Apps Run The World (ARTW): Distribution vertical $15.8B in 2024, up 9.5%. This is the most methodical source because it is built from vendor revenue. It covers all applications sold to wholesale and distribution firms, including CRM (Salesforce), HR, procurement, WMS and freight software (WiseTech CargoWise). I assume ERP is roughly 40-60% of it, which gives about $6.5-9.5B. The top 10 vendors hold 47.6%: Microsoft (21.2%), SAP, Intuit, Oracle, Salesforce, Sage, WiseTech, Constellation, Epicor, Infor.

(2) Vendor bottom-up: segment revenue times my estimate of the share coming from wholesale distribution. The shares are my estimates, not disclosed figures.
- Epicor: about $1.25B FY2024 (ARTW via Teardown), over $1B ARR, 23k customers. Distribution share (P21, Eclipse, BisTrack) is about 35-45%, so $0.44-0.56B.
- Infor: about $3.2B (2019, Wikipedia). Distribution share about 8-12%, so $0.27-0.40B.
- Microsoft Dynamics: $9.0B FY25 in total. About $5.4B of that is ERP (Gartner 2024 via Cargoson). Wholesale share 12-18%, so $0.65-1.0B.
- SAP ERP: $8.6B. Wholesale, including Business One, is about $0.4-0.6B.
- Oracle: NetSuite was about $3.6-3.7B in FY25 ($1.0B in Q4, up 18%). Wholesale share 12-18%, plus Fusion/JDE/EBS in wholesale, gives $0.63-1.05B.
- Sage: £2,513m in FY25. X3, 200, 100/300 and Intacct in distribution come to about $0.2-0.35B.
- Acumatica: about $0.05-0.08B.
- Distribution specialists (Kerridge, DDI/Advantive, ECi, Vai S2K, TGI, Intact, Blue Link, Pronto, SYSPRO, Odoo): about $0.5-1.0B.
- Asia and LatAm (Kingdee, Yonyou, TOTVS, Japanese vendors, Tally): about $0.4-0.8",https://www.wiseguyreports.com/reports/distribution-erp-software-market https://www.wiseguyreports.com/reports/erp-software-for-wholesale-distribution-market https://www.appsruntheworld.com/top-10-distribution-software-vendors-and-market-forecast/ https://www.appsruntheworld.com/customers-database/category/distribution-erp https://www.cargoson.com/en/blog/how-big-is-the-erp-market https://www.itjungle.com/2024/11/06/slicing-and-dicing-the-future-of-the-cloud-erp-market/ https://investor.oracle.com/investor-news/news-details/2025/Oracle-Announces-Fiscal-2025-Fourth-Quarter-and-Fiscal-Full-Year-Financial-Results/default.aspx https://www.microsoft.com/en-us/investor/earnings/fy-2025-q4/productivity-and-business-processes-performance https://www.investegate.co.uk/announcement/rns/sage-group--sge/results-for-the-year-ended-30-september-2025/9242595 https://en.wikipedia.org/wiki/Epicor https://www.teardown.ai/companies/epicor https://en.wikipedia.org/wiki/Infor https://erp.today/epicor-sets-final-on-premises-release-dates-as-cloud-strategy-accelerates/ https://distributionstrategy.com/report/state-of-distributor-technology-2026/
erp-manufacturing,15000000000,23000000000,2025,0.4,0.55,6000000000,12650000000,"Two methods were used. Both land at about $15-23B for 2025, with a midpoint of about $18B.

(A) Analyst top-down. Gartner puts the ERP software market at $66B in 2024, up 11.3%; Statista puts it at $73B in 2025. Both figures come via Cargoson, because the Gartner pages return 403. These definitions include HCM. Manufacturing is the largest vertical at about 32%, giving roughly $21-23B. MarketResearchFuture gives a manufacturing segment range of $15-30B on a $70B ERP market in 2025. A Grand View figure of 19.75% of about $77B (about $15B) appears only in search snippets; the page returned 403. To get close to our definition, I removed HCM (about 25-30% of the Gartner ERP total) and added vendor services (about 10-15%). That gives about $16-21B. Apps Run The World's $146B ERP figure (licence + maintenance + SaaS) uses a much broader definition (accounting, banking cores and so on), so I did not use it for sizing.

(B) Vendor bottom-up, 2025, USD. Each line is ERP revenue times an estimated manufacturing share.
- SAP: about $4.3-9.5B. The low end is ARTW's ERP-only $9.6B × 45%. The high end is core ERP drawn from the 2025 20-F: about 70% of €10.5B software support plus the S/4 slice of €18.1B Cloud ERP Suite, × 40-50% manufacturing.
- Oracle: $2-3B (ARTW ERP $9.7B × 20-30%; JDE and Fusion/NetSuite).
- Microsoft: about $1.1-1.3B (Dynamics FY25 $7.83B per the 10-K, about 45% ERP, × 35%).
- Infor: about $1.1-1.3B (estimated $3.4-3.6B total; ARTW ERP $1.9B).
- Epicor: $0.7-0.8B (FY24 about $1.25B per ARTW, × 55-65%).
- IFS: $0.7-0.85B (€1.7B 2025 revenue per Wikipedia; IFS's own results page returned 429).
- QAD: $0.35-0.4B (FY21 10-K $308M, nearly all manufacturing).
- Plex: about $0.2-0.3B (estimate).
These named vendors total about $10.5-17.5B. A long tail (Sage X3, SYSPRO, Acumatica, Odoo, Aptean, ECi, Forterro, proALPHA, Kingdee/Yonyou and others) adds an assumed $3-6B, for a total of about $13.5-23.5B.

The manufacturing share of each vendor's revenue is my estimate:",https://www.cargoson.com/en/blog/how-big-is-the-erp-market https://www.marketresearchfuture.com/reports/erp-software-market-1412 https://manufacturingleadgeneration.com/manufacturing-erp-statistics/ https://www.appsruntheworld.com/top-10-erp-software-vendors-and-market-forecast/ https://www.appsruntheworld.com/top-10-manufacturing-software-vendors-and-market-forecast/ https://www.appsruntheworld.com/customers-database/category/manufacturing-erp https://www.sec.gov/Archives/edgar/data/1000184/000110465926020058/sap-20251231x20f.htm https://www.sec.gov/Archives/edgar/data/789019/000095017025100235/msft-20250630.htm https://www.sec.gov/Archives/edgar/data/1036188/000143774921008761/qada20210131_10k.htm https://www.appsruntheworld.com/epicor-expects-11-growth-in-fy24-by-going-steady-on-ai/ https://en.wikipedia.org/wiki/Epicor https://en.wikipedia.org/wiki/IFS_AB https://multiples.vc/private-comps/infor https://www.theregister.com/2025/03/20/sap_sees_little_progress_in/
field-service-maintenance,5000000000,7000000000,2025,0.35,0.5,1750000000,3500000000,"Scope: EAM plus CMMS spend on licences, subscriptions/SaaS, maintenance, hosting and vendor/partner services. This matches the earlier research's legacy set (Maximo, SAP PM, Infor/HxGN EAM, IFS, Oracle eAM). Field service management (dispatch/FSM suites) is excluded. APM/asset-intelligence add-ons are excluded where they can be separated.

(1) Gartner anchor, software revenue only. IFS reports its Gartner EAM figures as $452M = 20.3% share in 2023 and $550M = 19.4% in 2024. That puts Gartner's worldwide EAM software market at about $2.23B (2023) and $2.84B (2024). At low-double-digit growth, that is about $3.1-3.3B in 2025. Services must be added. GMI puts services at 37.6% of EAM spend in 2025 (solutions $3.78B, services $2.28B), which is about 0.6x software. That gives about $5.0-5.3B. Adding SMB CMMS that Gartner's EAM count may miss takes it to roughly $5.0-5.6B.

(2) Analyst totals including services, 2025. These cluster at $4.6-6.9B: Straits $4.64B, GMI $6.1B, Fortune $6.65B, MarketsandMarkets $6.83B (top-down plus bottom-up with expert interviews), Research Nester $6.94B. Grand View's $8.89B is an unopened outlier and was not used. Verdantix (methodology based on 68,700 public organisations) puts the broader industrial asset management market at $7.5B in 2024, about $8.6B in 2025, but that includes APM and AIP. Excluding those leaves roughly $5.5-6.5B for EAM plus CMMS. Straits sizes CMMS alone at about $1.13B in 2025 (the page says 'billion' for what are clearly millions), with the top 10 vendors holding only about 20%.

(3) Vendor sum, 2025 software revenue:
- IFS EAM: $550M (2024, Gartner).
- IBM Maximo: $400-550M (assumed). Not disclosed, but below IFS, which is ranked #1.
- SAP EAM/PM: $300-500M (assumed allocation). Not disclosed.
- Hexagon/Octave EAM: about $260-300M. Infor EAM was forecast at $184M in 2021 and has grown low double digits since. The Octave Form 10 has no EAM breakout.
- Brightly (Siemens): about $230-260M ($180M in 2022, in a market gr",https://mb.cision.com/Main/855/3985534/2811971.pdf https://avm-mag.com/ifs-ranked-1-for-eam-market-share-in-the-gartner-market-share-enterprise-software-worldwide-2024-report-for-fourth-consecutive-year https://www.verdantix.com/venture/report/market-size-and-forecast-industrial-asset-management-software-2024-2030-global https://www.marketsandmarkets.com/Market-Reports/enterprise-asset-management-market-54576143.html https://www.gminsights.com/industry-analysis/enterprise-asset-management-market https://www.fortunebusinessinsights.com/enterprise-asset-management-market-109190 https://straitsresearch.com/report/computerized-maintenance-management-system-market https://www.prnewswire.com/news-releases/hexagon-to-acquire-infors-eam-business-and-form-a-broader-strategic-relationship-with-infor-and-koch-301325799.html https://press.siemens.com/global/en/pressrelease/siemens-acquires-brightly-software-accelerate-growth-digital-building-operations https://adsknews.autodesk.com/en/pressrelease/autodesk-to-acquire-maintainx-advancing-unified-platform-in-operations/ https://www.sec.gov/Archives/edgar/data/2083632/000162828026007360/exhibit991-form10x12b.htm https://api.alertir.com/files/press/hexagon/202601293553-1.pdf https://www.theregister.com/2025/03/20/sap_sees_little_progress_in/ https://www.oxfordcorp.com/insights/industry-commentary/end-of-maximo-7-6-support-leaves-companies-facing-change-management-and-training-gaps-amid-mas-8-9-upgrades/
financial-close-gl,25000000000,40000000000,2025,0.12,0.28,3000000000,11200000000,"I built the range three ways. Scope is GL and core financials plus close and consolidation, covering enterprise, mid-market and SMB accounting. Internal staff are excluded.

(1) Analyst sizes. Apps Run The World (ARTW) counts ERP as license, support and maintenance, and SaaS. It puts the 2025 ERP market at $145.6B. ARTW's functional split, as reproduced by Cargoson, puts Finance Applications at $39.7B (27%). That is the HIGH anchor. It is broad: it likely includes AP/AR, treasury and some EPM, and it excludes services. Gartner sizes ERP at $66B for 2024. Its 2021 Magic Quadrant (MQ) for cloud core financials, opened as a PDF, says financial management software (FMS) is the second-largest ERP segment, after HCM. A TAdviser search snippet credits Gartner with saying FMS sales were nearly $15B in 2020. I could not open the page, so this is unverified. Gartner revised its ERP methodology in 2023 (+34%). Scaling $15B by that revision and later growth gives about $22-26B in 2024. That is the LOW anchor. The narrow 'financial close software' reports run from $0.9B to $8.8B with no stated method. They cover only the close-overlay slice, so I did not use them as a total.

(2) Vendor sum for 2025, finance share of each vendor's revenue. Shares are my assumptions where the vendor gives no split. Oracle: Fusion ERP about $4.4B run-rate and NetSuite about $4.3B (Q3 FY26 was $1.1B each), with a 50-60% finance share. Add finance-related on-prem apps support of $1.5-3B, out of $19.5B total license support. Oracle total: $6.3-7.8B. SAP: ARTW gives SAP ERP $9.6B; at 35-50% finance that is $3.4-4.8B. Intuit: QuickBooks Online Accounting about $4.1B (it rose $741M, or 22%, in FY25). Add about $1.5-2B of QuickBooks Desktop accounting. Intuit total: $5.6-6.1B. Sage: £2.51B, about $3.3B, at 70-85% accounting gives $2.3-2.8B. Xero: NZ$2.75B, about $1.6B, at 80-90% gives $1.3-1.45B. Microsoft: ARTW ERP $3.2B at 40-60% gives $1.3-1.9B. Workday: $9.55B at 15-22% financials gives $1.4-2.1B. Bl","https://www.appsruntheworld.com/top-10-erp-software-vendors-and-market-forecast/ https://www.cargoson.com/en/blog/how-big-is-the-erp-market https://b2bsalescafe.wordpress.com/wp-content/uploads/2021/11/gartner-magic-quadrant-for-cloud-core-financial-management-suites-for-midsize-large-and-global-enterprises-may-2021.pdf https://www.gartner.com/en/documents/6524002 (search summary only; page returned 403) https://tadviser.com/index.php/Article:ERP_systems_(global_market) (Gartner FMS ~$15B 2020 via search snippet; page not readable) https://investor.oracle.com/investor-news/news-details/2026/Oracle-Announces-Record-Q4-and-FY-2026-Results-Driven-by-Cloud-Infrastructure--Cloud-Applications/default.aspx https://www.sec.gov/Archives/edgar/data/0001341439/000119312526277521/orcl-20260531.htm (license support $19,523M FY26, via search summary) https://www.houseblend.io/articles/oracle-q4-fy2026-earnings-netsuite-ai-analysis (Q3 FY26 Fusion ERP and NetSuite $1.1B each, via search summary) https://news.sap.com/2026/01/sap-announces-q4-and-fy-2025-results/ (software support EUR10,525M, via search summary) https://www.sec.gov/Archives/edgar/data/896878/000089687825000035/intu-20250731.htm (QBO Accounting +$741M/22%, via search summary) https://www.investegate.co.uk/announcement/rns/sage-group--sge/results-for-the-year-ended-30-september-2025/9242595 (Sage GBP2,513m, via search summary) https://www.reseller.co.nz/article/4171029/xero-revenue-tops-2-8b-ai-push-accelerates.html (Xero NZ$2,753.1M, via search summary) https://s21.q4cdn.com/950027458/files/doc_earnings/2026/q4/Earnings-Release-Q4FY26-022426_FOR-UPLOAD.pdf (Workday $9.552B, via search summary) https://blacklinesystemsinc.gcs-web.com/news-releases/news-release-details/blackline-announces-fourth-quarter-and-full-year-2025-financial (BlackLine $700.4M, via search summary) https://www.onestream.com/news/onestream-announces-fourth-quarter-and-fiscal-year-2025-financial-results/ (OneStream $601.9M, via search summary) https://www.riministreet.com/press-releases/rimini-street-announces-fiscal-q4-25-and-2025-financial-and-operating-results/ (Rimini $421.5M, via search summary) https://www.custommarketinsights.com/report/financial-close-software-market/ (close-only market, not used as total) https://www.theregister.com/2025/02/12/gartner_sap_maintenance_2030/ (from earlier research: >60% of SAP customers on ECC6)"
gov-benefits,15000000000,28000000000,2025,0.5,0.75,7500000000,21000000000,"I built the range three ways. Method 3 (bottom-up agency budgets) does the most work, because in this category most spend reaches custom-built systems and integrator contracts, not packaged software that analysts count.

(1) Analyst market sizes. These undercount government benefits spend. Human services software is $3.35B in 2025 across all end users, with government at 42% (about $1.4B). DataIntelo describes a bottom-up plus top-down method. Pension administration software is $4.93B in 2025 (Mordor, which states its method: DOL and OECD data, filings and interviews). Government is 42% of that (about $2.1B), and it includes public-employee pension funds as well as social security. One report puts welfare management software at $2.45B, but its vendors are mostly HR and payroll firms (ADP, Workday), so it is off-topic and excluded. Social work case management reports give $12-15B. That figure is inflated and broad (NGOs, health). Packaged software sold to benefits agencies comes to about $3-6B a year. Government buys most of this work as integration and managed services, at roughly 2-4x the licence spend, which implies about $10-20B.

(2) Vendor revenue. Few vendors disclose this segment. Deloitte holds at least $5B in eligibility contracts across 25 states. Spread over multi-year terms (Tennessee $823M, Pennsylvania $541M, Georgia $528M), that is about $0.7-1B a year. Conduent's Government segment had $922M of 2025 revenue (EBT and Medicaid; I have the figure from a 10-K search snippet only). Sagitec's revenue is about $130-170M (third-party estimate). Merative, which owns Cúram, is estimated at $0.5-1B for the whole company. Dataprev billed Brazil's INSS R$527M (about $95M) in 2025. Accenture, IBM, TCS, Infosys, Fujitsu, NTT Data, CGI, Capgemini and Neusoft do not break this segment out. The identifiable vendors sum to only about $3-5B, which works as a floor, not an estimate.

(3) Bottom-up agency external IT spend for 2025.
- US: $5.5-6.5B.
  - Medicaid eligibili","https://www.macpac.gov/wp-content/uploads/2026/07/Issue-Brief-State-Medicaid-Enterprise-Systems-FINAL.pdf https://apportionment-public.max.gov/Spend%20Plans/FY2025%20SSA%20IT%20Spend%20Plan.pdf https://www.publictechnology.net/2026/07/24/society-and-welfare/dwp-doubles-digital-spend-to-2bn-in-fy26/ https://www.mordorintelligence.com/industry-reports/pension-administration-software-market https://dataintelo.com/report/human-services-software-market https://www.wiseguyreports.com/reports/welfare-management-software-market https://kffhealthnews.org/news/article/medicaid-deloitte-run-eligibility-systems-plagued-by-errors/ https://awardedtenders.au/articles/market-insights/services-australia-workforce-procurement/index.html https://www.appsruntheworld.com/apps-top-500-software-vendors/sagitec-solutions/ https://www.gao.gov/products/gao-25-107795 (search snippet: about 80% of federal IT spend on O&M) https://www.sec.gov/Archives/edgar/data/1677703/000167770326000024/cndt-20251231.htm (search snippet: Conduent Government segment $922M in 2025) https://convergenciadigital.com.br/governo/com-consignado-dataprev-tem-lucro-de-r-900-milhoes-e-crescimento-de-77-em-2025/ (search snippet: Dataprev INSS revenue R$526.8M in 2025) https://www.ourcommons.ca/Content/Committee/451/PACP/Reports/RP13619758/pacprp01/pacprp01-e.pdf (search snippet: ESDC BDM C$1.8B spent by Dec 2025, C$6.6B estimate to 2031) https://www.innovationaus.com/revealed-staggering-cost-to-keep-creaking-centrelink-tech-up/ (search snippet: ISIS about A$126M a year; page returned a 403 error) https://www.researchandmarkets.com/reports/5970919/social-work-case-management-software-market-report (search snippet: $12-15B, broad scope)"
gov-licensing-permits,1400000000,2600000000,2025,0.5,0.7,700000000,1820000000,"I built the range two ways.

(A) Analyst market sizes for government enterprise permitting and licensing software:
- Verified Market Reports: $1.2B in 2025, rising to $2.5B by 2034. It names triangulation and bottom-up methods.
- WiseGuy Reports: $2.40B in 2024 and $2.54B in 2025. It claims bottom-up plus top-down methods.
- DataIntelo: $4.8B in 2025 for all permit-management software. That figure counts construction and environmental buyers. Its 'government' application slice is 24.6%, about $1.2B. I treat $4.8B as an inflated upper bound and leave it out.
- So the analyst band is roughly $1.2B to $2.5B.

(B) Bottom-up from vendor revenue for 2025, counting only the permitting, licensing and land-management line. Most leaders are private, so most per-vendor numbers are my estimates anchored to the data points below.

North America, about $0.75B to $1.3B:
- Accela, $180M to $280M. Anchors: about 2,200 agencies (Apps Run the World). Berkshire's 2017 deal was in the $0.5B to $1B range (GovTech). SaaS ARR grew 31% in FY23. Latka puts 2024 revenue at about $144M, but I only saw that in a search snippet.
- Tyler EnerGov / Enterprise Permitting & Licensing, $120M to $200M. Tyler's 2025 revenue was $2.33B and it does not split permitting out. I assumed 5% to 9% sits in civic services and permitting.
- OpenGov permitting and licensing, $40M to $80M. OpenGov passed $100M total revenue around February 2024 (search snippet).
- CentralSquare community development (Naviline, TRAKiT, Community Plus), $30M to $60M.
- Granicus (Amanda, SmartGov), $40M to $80M.
- Infor Public Sector (Hansen), $30M to $60M.
- A long tail of $300M to $550M: Computronix POSSE, Clariti, CityView, Cloudpermit (about $9M per a Latka snippet), iWorQ, Citizenserve, GovPilot, CivicPlus, MyGov, GL Solutions, Thentia, System Automation, plus Salesforce, Microsoft and ServiceNow licences and integrator work on state licensing systems such as BreEZe.

UK, about $90M to $150M:
- Idox LPPP revenue was £57.3M in FY","https://www.verifiedmarketreports.com/product/enterprise-permitting-and-licensing-software-for-government-market/ https://www.wiseguyreports.com/reports/enterprise-permitting-licensing-software-for-government-market https://dataintelo.com/report/permitting-and-licensing-software-market https://www.investegate.co.uk/announcement/rns/idox--idox/fy25-results/9433493 https://www.idoxgroup.com/wp-content/uploads/Idox-plc-Interim-Results-2025-Final-Updated.pdf https://s201.q4cdn.com/385562537/files/doc_financials/2025/q4/26-7-Q4-earnings-PR.pdf https://www.sec.gov/Archives/edgar/data/860731/000086073126000016/tyl-20251231.htm https://www.appsruntheworld.com/apps-top-500-software-vendors/accela/ https://www.govtech.com/biz/private-equity-firm-acquires-accela-in-what-may-be-the-biggest-gov-tech-deal-ever.html https://www.govtech.com/biz/accela-takes-on-second-private-equity-investor-amid-growth https://sacra.com/c/opengov/ (search snippet only, not opened) https://getlatka.com/companies/accela (search snippet only, not opened) https://statescoop.com/cox-enterprises-acquire-opengov/ (search snippet only, not opened) https://getlatka.com/companies/cloudpermit.com (search snippet only, not opened) https://www.sharecafe.com.au/2025/08/21/objective-corporation-ocl-announces-strong-fy25-results-driven-by-arr-growth/ (search snippet only, not opened) https://www.nova-hub.com/novanews/nova-secures-mutli-million-dollar-project-to-implement-corenet-2-0/ (search snippet only, not opened) https://www.govtech.com/biz/Granicus-Acquires-Gov-Focused-Software-Company-Calytera.html"
gov-tax,9000000000,16000000000,2024,0.5,0.7,4500000000,11200000000,"I built the range three ways and they point to a similar band.

(1) Bottom-up from tax-agency IT budgets. This method carries the most weight.
- IRS: about $5.0B on IT in FY2024, including $1.5B on modernization (GAO-25-107611). TIGTA counts 8,456 IT employees against 9,574 contractors (June 2024), so roughly 70-75% of the $5.0B goes outside the agency.
- HMRC: IT and telecoms cost GBP 1.16B in 2024-25, against GBP 5.84B in running costs (NAO). Supplier contracts run about GBP 1.6B a year (HMRC FY25 annual report, via PublicTechnology).
- Netherlands Belastingdienst: ICT budget of about EUR 860M in 2023 (AG Connect), about EUR 204M a year on IT contractors, and around 4,500 internal IT staff (Computable).
- Germany KONSENS: EUR 1.25B planned for 2022-26, about EUR 250M a year.
- China Golden Tax IV: RMB 5.7B build cost, excluding operations.
- OECD Tax Administration 2024: ICT averages about 11% of operating expenditure across 51 administrations. That is a simple average. The largest agencies spend 20-35% (HMRC about 20%, IRS higher).

From these I estimate national agencies' ICT at about $16-21B. Adding US state revenue departments and local property and council tax systems gives about $18-26B of total ICT. Removing internal IT staff (60-75% of spend goes to outside suppliers) gives $11-19B. Removing generic IT that is not tax software (telecoms, end-user devices, office licences, about 15-25%) gives about $9-16B.

(2) Analyst reports. Dataintelo puts tax and revenue collection software at $13.78B in 2025, with government buyers at 34.5% ($4.76B). That covers software products only, without integrator services, so I treat it as a floor for the product layer. Dataintelo's ""tax administration software"" figure ($8.3B in 2024) mixes government and enterprise buyers. Neither report discloses a usable methodology, so both are low-weight.

(3) Vendor and supplier sum. Payments I could identify run about $6-7.5B a year from roughly 10 buyers and vendors:
- IRS outside IT s","https://www.gao.gov/products/gao-25-107611 https://www.tigta.gov/sites/default/files/reports/2025-08/20252S0007fr.pdf https://federalnewsnetwork.com/it-modernization/2025/09/irs-touts-major-progress-on-it-modernization-but-has-yet-to-decommission-legacy-systems/ https://www.oecd.org/content/dam/oecd/en/publications/reports/2024/11/tax-administration-2024_5c4606e4/2d5fba9c-en.pdf https://www.nao.org.uk/wp-content/uploads/2025/11/HM-Revenue-Customs-Overview-2024-25.pdf https://www.publictechnology.net/2025/07/21/economics-and-finance/hmrc-pegs-it-contract-spending-at-1-6bn-a-year-targets-move-away-from-legacy-service-integrators/ https://www.theregister.com/2025/02/10/legacy_costs_hmrc/ https://www.theregister.com/public-sector/2026/09/28/hmrc-vowed-to-break-up-with-capgemini-then-paid-it-another-42b/5299136 https://www.agconnect.nl/business/beheer/ict-budget-van-de-belastingdienst-stijgt-met-miljoenen-ofwel-1-procent https://www.computable.nl/2025/10/17/belastingdienst-rondt-nieuwe-it-inhuurronde-van-1-miljard-af/ https://dataintelo.com/report/global-tax-revenue-collection-software-market https://dataintelo.com/report/tax-administration-software-market https://www.sohu.com/a/885813043_122014422 https://www.berlin.de/rechnungshof/presse/pressemitteilungen/pressemitteilung.1364566.php (search summary only, not opened) https://www.owler.com/company/gentax (search summary only, not opened) https://www.millenniumpost.in/business/govt-selects-infosys-as-rs-4242-crore-income-tax-filing-project-developer-336648 (from earlier research) https://files.gao.gov/reports/GAO-25-107795/index.html (from earlier research)"
insurance-claims,5000000000,10000000000,2025,0.4,0.65,2000000000,6500000000,"The range covers 2025 external spend on claims software for insurers, TPAs and self-insured organisations: licences, subscriptions, maintenance, hosting, and vendor or integrator services. It leaves out internal IT staff and health-payer claims adjudication (Facets, QNXT and similar), which is a separate market. The low end ($5B) is core claims systems only. The high end ($10B) adds claims point solutions: estimating, fraud and AI triage.

(1) Top-down from vendor and analyst figures:
- Gartner, cited in Sapiens' FY2024 20-F: all insurance IT spend about $260B in 2025, of which software is $71.2B. That software figure includes horizontal tools.
- Duck Creek FY2022 10-K: P&C core-system software TAM of $15B globally ($6B US). It states its method: DWP tiers from S&P, AM Best and Swiss Re, multiplied by price per unit of DWP.
- Sapiens: TAM of about $60B for all core insurance software plus related IT services.
- If claims is about 30 to 35% of a policy/billing/claims core suite, P&C claims core is roughly $4.5-6B at vendor pricing. Life, annuity and group claims plus TPA and self-insured claims add about $1-2B.
- TAM overstates realised external spend, because in-house mainframe cores are largely run by internal staff, so I discounted it.

(2) Bottom-up from vendor revenue, with claims shares estimated by me:
- Guidewire FY2025 (to Jul 2025): $1,202M total, of which 35-45% is claims, so $0.42-0.54B. ClaimCenter is its most widely licensed product (270+ of about 500 customers).
- Sapiens 2024: $542M, 15-25% claims.
- Majesco FY2025: $300M+, 15-25% claims.
- FINEOS FY2025: EUR 138.4M, of which 60-80% is claims and absence.
- Duck Creek: about $350-420M, extrapolated from $303M in FY2022. It has been private since 2023. 20-30% claims.
- Insurity, DXC Assure Claims, SAP, TCS BaNCS, EIS, Origami, Riskonnect/Ventiv, Snapsheet, Five Sigma and regional vendors: about $0.4-0.9B in total.
- Named core-vendor software comes to about $1.2-1.9B. Third-party integrator and applica",https://www.sec.gov/Archives/edgar/data/1528396/000152839625000221/gwre-20250731.htm https://www.sec.gov/Archives/edgar/data/885740/000101376225003193/ea0235334-20f_sapiens.htm https://www.sec.gov/Archives/edgar/data/1160951/000095017022020470/dct-20220831.htm https://www.majesco.com/press/majesco-delivers-record-fy25/ https://www.theglobeandmail.com/investing/markets/markets-news/Tipranks/1312652/fineos-posts-cash-flow-positive-fy25-as-north-american-push-and-ai-investments-pay-off/ https://www.globenewswire.com/news-release/2026/02/18/3240081/0/en/verisk-reports-fourth-quarter-and-full-year-2025-financial-results.html https://stockanalysis.com/stocks/ccc/revenue/ https://uk.investing.com/news/transcripts/earnings-call-transcript-guidewire-q2-2025-sees-20-revenue-growth-93CH-3965905 https://datos-insights.com/blog/modern-claims-systems-transforming-life-annuity-benefits-insurance/ https://datos-insights.com/reports/property-casualty-claims-management-systems/ https://www.gurufocus.com/news/1916056/guidewire-a-guide-to-30-upside https://marketintelo.com/report/insurance-claims-management-software-market https://www.verifiedmarketreports.com/product/insurance-claims-management-software-market/ https://www.businessresearchinsights.com/market-reports/insurance-claims-management-solution-market-118664
insurance-policy-admin,4500000000,8500000000,"2025 (vendor revenues from FY2024 to FY2026 filings, used as 2025 run-rate)",0.3,0.45,1350000000,3825000000,"I built the range three ways.

(1) Analyst market sizes. These run from about $3.2B to $8.6B, and few of them state a usable methodology.
- TBRC (via Research and Markets) puts all-lines PAS software at $3.6B for 2025. That is revenue-based but excludes services.
- MarketIntelo puts insurance core systems software at $13.2B for 2025, with policy admin at 48.3%. That gives about $6.4B, with only a vague primary/secondary method.
- Life PAS alone ranges from $3.22B (Precedence, software only) to $8.55B (The Insight Partners, likely inflated).
- The Everest Group P&C tech ecosystem figure of $16-18B covers all P&C tech, not PAS, so I used it only as a ceiling.

(2) Sum of disclosed core-suite vendor revenue, about $4.8B before scoping:
- Guidewire FY26: $1,475M
- DXC Insurance Software & Services FY26: $1,279M (includes BPS)
- Sapiens 2024: $542M
- Majesco: $300M+ for FY25, about $500M pro forma with Vitech
- Duck Creek: $303M in FY22, probably $350-450M now
- FINEOS 2025: EUR138M, about $155M
- Insurity: about $300M (estimate)
- EIS: about $114-290M (third-party estimates)

These suites also cover claims, billing and BPS. Scoped to policy admin at about 55-65%, they give about $2.6-3.1B. Undisclosed packaged vendors add roughly $1.5-3B: TCS BaNCS, Infosys McCamish VPAS, Oracle OIPA, Zinnia, eBaoTech, Accenture ALIP, SS&C/FIS, Equisoft, msg life, adesso, Keylane, Sopra and Japanese/Chinese SI platforms. Third-party application maintenance and implementation work on home-grown and legacy PAS adds more.

(3) Sanity check against total budgets. Gartner puts global insurer IT spend at $227.7B in 2025, so $4.5-8.5B is about 2-4% of that. This is plausible for the single largest core system.

Low end: the vendor sum scoped to PAS plus a thin long tail, which matches TBRC. High end: MarketIntelo's PAS-derived figure plus vendor services on legacy and home-grown cores.

Legacy share uses the earlier research's definition of legacy: pre-2005 mainframe or AS/400 cores (the DXC S","https://www.researchandmarkets.com/reports/6215655/insurance-policy-administration-systems-software https://marketintelo.com/report/insurance-core-systems-software-market https://www.precedenceresearch.com/life-insurance-policy-administration-systems-market https://www.everestgrp.com/press-releases/everest-group-announces-top-50-property-casualty-insurance-technology-providers-2026 https://www.stocktitan.net/sec-filings/GWRE/8-k-guidewire-software-inc-reports-material-event-83aa7cd262a0.html https://www.sec.gov/Archives/edgar/data/0001688568/000168856826000020/dxcfy26q4pressrelease.htm https://www.prnewswire.com/news-releases/sapiens-reports-fourth-quarter-2024-financial-results-302378798.html https://www.majesco.com/press/majesco-delivers-record-fy25/ https://www.sec.gov/Archives/edgar/data/1160951/000095017022020470/dct-20220831.htm https://www.celent.com/en/insights/910074031 https://www.majesco.com/blog/state-of-core-solutions-transition/ https://trendxinsights.com/blogs/p-and-c-core-insurance-market-2026/ https://www.gartner.com/en/documents/6755034 (403; figure from search snippet) https://stockanalysis.com/quote/asx/FCL/revenue/ (FINEOS, search snippet) https://getlatka.com/companies/eisgroup.com (EIS estimate, search snippet)"
lab-information,1600000000,2700000000,2025,0.55,0.75,880000000,2025000000,"Scope: clinical laboratory information systems (hospital, reference and clinic labs, including anatomic pathology and blood bank). The figures cover licences, subscriptions, maintenance, hosting and vendor implementation services. Pharma, research and environmental LIMS are excluded.

(1) Analyst market sizes for clinical LIS, 2025 or nearest year:
- TechSci: $1.95B
- Expert Market Research: $2.29B (services about 58%, software about 42%)
- Mordor: $2.65B for 2026, which implies about $2.3-2.4B for 2025 at its 13% CAGR. Services 60%.
- MarketsandMarkets: $2.4B for 2023 at a 10.8% CAGR, about $2.9B for 2025. It is the only one that states a method (top-down plus bottom-up, triangulated with vendor filings).
- Most others: $2.0-2.9B.
I dropped the outliers (Mordor's other figure of $3.94B, OG Analysis $4.5B) and the LIMS reports ($2.1-2.6B, a different scope). Analyst core: about $2.0-2.9B.

(2) Vendor bottom-up. Only Roper's filings give hard numbers. The Roper FY2012 10-K shows Sunquest added $69.4M in its first 4.3 months, and pro forma sales imply about $170M (2011) and about $205M (2012) of annual revenue. Roper's FY2025 10-K confirms that Clinisys still sits in Roper's Application Software segment and absorbed Orchard Software (July 2025) and Promium (2023). Clinisys revenue is not broken out. The earlier research says Clinisys was sold to private equity. That is wrong.

Clinisys estimate: about 2,270 staff (Revelio, 2026). At roughly $200-240K of revenue per employee, and building up from Sunquest plus CliniSys UK (bought for GBP 170M in 2016) plus Orchard and Horizon, Clinisys is about $400-550M.

The Clinisys history page cites Signify Research (LIS World 2025) for a ~24% global LIS share. That share implies a $1.7-2.3B market.

Summing estimated vendor revenue gives about $1.4-2.2B:
- Clinisys: $400-550M
- Oracle Health lab (PathNet/Millennium Lab, CoPath): $200-350M (estimate, not disclosed)
- Epic Beaker: $150-300M (estimate, bundled with the EHR)
- SCC So",https://www.mordorintelligence.com/industry-reports/laboratory-information-system-lis-market https://www.marketsandmarkets.com/Market-Reports/laboratory-information-system-market-232312738.html https://www.expertmarketresearch.com/reports/laboratory-information-system-market https://www.sec.gov/Archives/edgar/data/882835/000088283513000008/roper10-k_2012.htm https://www.sec.gov/Archives/edgar/data/882835/000088283526000009/rop-20251231.htm https://www.reveliolabs.com/companies/clinisys/employees https://www.totalspecificsolutions.com/insights?nid=48 https://www.signifyresearch.net/market-intelligence/laboratory-information-systems-world-2025/ https://www.clinisys.com/us/en/history/ https://www.captodayonline.com/2020/ProductGuides/11-20_CAPTODAY_LIS.pdf
land-registry,1000000000,1800000000,2025,0.45,0.65,450000000,1170000000,"I built the range three ways. (1) Analyst sizing, top-down. ""Land management software"" is put at $2.14B in 2025 (TBRC, which says it counts subscription, usage and licence revenue), $2.17B in 2026 (Business Research Insights) and $2.33-2.68B in 2025 (Verified Market Reports, Market Research Intellect). BRI puts government at about 57% of demand, which gives $1.2-1.5B. That definition also covers permitting, GIS and survey, and the business share is oil, gas and utility lease management. My estimate is that registry and land-records software is about 0.8-1.5B of it. (2) Buyer-side anchors from filed accounts, built up into a global figure. HM Land Registry reported £29.5M of 'IT and professional services' opex in 2024-25 (£36.6M in 2025-26), plus £42.2M of assets-under-construction additions (the Digital Transformation and Local Land Charges programmes). That is about $60-95M of external IT a year. Kadaster NL had €339M of total costs, including €56.9M of contractor hire and €21.9M of outsourced work. Its automation costs are a separate, undisclosed line inside other operating costs. Both are among the largest registries. My assumption is about 40 developed-market registries (UK x3, EU, AU x8, NZ, CA provinces, JP/KR/SG/HK) averaging $8-18M each, which gives $0.3-0.7B. For US counties: 3,031 county governments. A Hillsborough County NH hosted Fidlar contract is $1.293M over 5 years, about $259k a year for a large county. A reported Erie County PA AS/400 maintenance cost is about $40k a year. Taking an average of $40-120k per county gives $0.12-0.36B. Rest of world: India's central DILRMP was ₹875 crore over 2021-26, about $20M a year, and states spend several times that. Add China, Indonesia, Vietnam, LatAm and World Bank-funded programmes, which I put at $0.3-0.7B with low confidence. Total: about $0.8-1.8B. (3) Summing vendor revenue was only partly possible. The main US recorder vendors are private or do not break out the segment. Third-party estimates (not filing",https://www.thebusinessresearchcompany.com/report/land-management-software-global-market-report https://www.businessresearchinsights.com/market-reports/land-management-software-market-110516 https://www.verifiedmarketreports.com/product/land-management-software-market/ https://www.marketresearchintellect.com/product/global-land-management-software-market-size-and-forecast/ https://www.gov.uk/government/publications/hm-land-registry-annual-report-and-accounts-2024-to-2025/financial-statements https://www.gov.uk/government/publications/hm-land-registry-annual-report-and-accounts-2025-to-2026/annual-report-and-accounts-2025-to-2026-html https://committees.parliament.uk/publications/45581/documents/225553/default/ https://www.kadaster.nl/documents/1953498/2083673/Kadaster+Jaarverslag+2024+Fundament+voor+veerkracht+.pdf/d358b3e2-a23b-67d0-aa36-37f24d53ece7?t=1744881658113 https://citizenportal.ai/articles/9708775/new-hampshire/hillsborough-county/board-awards-1293m-five-year-land-records-contract-to-fidlar-technologies https://www.owler.com/company/kofile https://www.konaequity.com/company/fidlar-technologies-4019730776/ https://www.businessworld.in/article/dilrmp-3-0-gets-rs-565-5-cr-outlay-for-integrated-land-records-623186 https://www.census.gov/content/dam/Census/library/publications/2025/econ/govtorg2225.pdf https://www.governmentnews.com.au/digitally-disrupted-land-registry/ https://www.businesswire.com/news/home/20250904627243/en/Fulton-County-Georgia-to-Modernize-Land-Records-Management-with-Tyler-Technologies
loan-origination-servicing,7000000000,11000000000,2025,0.5,0.7,3500000000,7700000000,"I built the range two ways.

(1) Analyst market sizes, 2025. Loan origination software estimates run from $4.1B (QY Research, in its headline) to $6.6B (Research and Markets / TBRC: $6.58B, with most estimates clustered near $6B). Loan servicing software estimates run from $3.6B (IMARC) to $4.3B (TBRC: $4.28B), with other firms at $3.8B to $4.7B. Added together, the two give $7.7B to $11.3B. None of the reports I opened states a methodology. IMARC also claims 70% of servicing spend is already cloud, which conflicts with MSP's mainframe dominance. So I treat these figures as inflated and as upper-bound anchors.

(2) Vendor segment revenues from filings, 2025 or the latest year:
- ICE Mortgage Technology (FY2025 10-K): origination technology (mostly Encompass) $738M, servicing software (MSP) $871M. I excluded closing solutions ($223M, MERS-heavy) and data and analytics ($269M).
- nCino FY2026: $594.8M.
- MeridianLink lending software solutions (FY2024): $249.3M.
- Blend (FY2025): $123.5M.
- Nucleus Software FY26: Rs 876 crore, about $100M. I assume about 85-90% is lending.
- Finastra lending: about $600-800M. This is my estimate. Finastra now covers only lending and payments, after selling its TCM and universal banking units, and Reuters reports about $650M EBITDA for those two. I assumed roughly 40% margins and about half of revenue from lending.
- Sagent: about $120M, a ZoomInfo estimate and low confidence.

These named vendors sum to about $3.5B. They leave out the lending modules in the FIS, Fiserv, Jack Henry and CSI cores, plus FIS ACBS, Temenos, Oracle FLEXCUBE, Infosys Finacle, Dark Matter, Abrigo, Mambu, LoanPro, Lentra, Newgen, Linedata and in-region APAC/EU vendors. If the named set is about 35-50% of global vendor spend, the total is $7-10B. That matches the low-to-middle part of the analyst range, so the final range is $7B to $11B.

Legacy share: within the roughly $3.5B named-vendor sum, the strictly legacy cores are MSP, Loan IQ and the rest of Finastra",https://www.sec.gov/Archives/edgar/data/1571949/000157194926000004/ice-20251231.htm https://www.housingwire.com/articles/ice-mortgage-q4-2025-results/ https://www.ncino.com/news/ncino-fourth-quarter-fiscal-year-2026-results https://www.meridianlink.com/press-release/meridianlink-reports-fourth-quarter-and-fiscal-year-2024-results/ https://www.sec.gov/Archives/edgar/data/1855747/000185574726000011/exhibit991_q42025xpressrel.htm https://www.businessupturn.com/business/nucleus-software-reports-rs-876-03-crore-revenue-for-fy-2025-26/ https://finimize.com/content/vista-starts-weighing-a-finastra-deal https://www.imarcgroup.com/loan-servicing-software-market https://www.thebusinessresearchcompany.com/report/loan-servicing-software-global-market-report https://www.researchandmarkets.com/report/global-loan-origination-software-market https://www.qyresearch.com/industry-news/14365/loan-origination-software https://www.zoominfo.com/c/sagent-technology-inc/53658754 https://www.sec.gov/Archives/edgar/data/1627014/000155837023002252/bki-20221231x10k.htm
mainframe-cobol-general,13000000000,20000000000,2025,0.85,0.95,11050000000,19000000000,"I built the range mainly from vendor revenue, because the analyst reports are unusable here. The low end covers software licences, MLC and maintenance only. The high end adds outsourced mainframe hosting and managed services from vendors. All figures are 2025.

VENDOR SUM (low to high):
(1) IBM, $8.0-9.5B. The FY2025 10-K gives Transaction Processing revenue of $8,603M ($8,408M in 2024). The 10-K describes it as CICS, plus storage, analytics and integration software running on IBM operating systems, plus AI assistants and security software for IBM Z. I assume 80-90% of that is mainframe, because some of it is IBM i. I then add $0.8-1.2B for z/OS and other Z software. z/OS is booked inside IBM Z revenue, not Software. The basis is IBM's 2019 Operating Systems Software line of $1,686M, which covered z/OS, IBM i and AIX. I also add a little for Z tools booked in Data and Automation. IBM Z hardware is excluded. I backed it out of the 10-K growth rates at about $3.5B in 2024 and $5.3B in 2025.
(2) Broadcom (ex-CA) mainframe software, $2.0-2.6B. Broadcom does not disclose it. Mainframe was 51% of CA's FY2018 revenue, about $2.1-2.2B on roughly $4.2B. I did not open the CA total. Broadcom has raised prices since.
(3) BMC mainframe, including Compuware, about $1.4-1.6B. This is IDC's Stephen Elliot estimate of $1.5B, two-thirds of $2.3B.
(4) Rocket Software, including Micro Focus COBOL, $0.7-1.0B. ARR is about $1.1B per a search snippet I did not verify. Part of it is IBM i and MultiValue, not mainframe.
(5) Unisys ClearPath Forward, $0.43B. This is the FY2025 10-K License and Support line of $428.1M.
(6) Software AG Adabas & Natural, $0.2-0.3B. This is an estimate, not disclosed.
(7) Long tail, $0.5-1.0B. This covers Precisely, Fujitsu, Beta Systems, SEA, CSI and similar vendors.
Software-only total: about $13-16B.

HOSTING AND SERVICES ADD-ON (high end): Futurum estimates Kyndryl's mainframe business at more than $4B a year. That estimate dates from when Kyndryl's revenue",https://www.sec.gov/Archives/edgar/data/51143/000005114326000010/ibm-20251231_d2.htm https://www.sec.gov/Archives/edgar/data/51143/000155837020001334/ibm-20191231xex13907c3.htm https://www.sec.gov/Archives/edgar/data/746838/000074683826000006/uis-20251231.htm https://www.fool.com/investing/2018/07/12/broadcom-bets-189-billion-on-mainframe-software.aspx https://www.sec.gov/Archives/edgar/data/0000356028/000035602818000064/ca-20180331x10k.htm https://www.networkworld.com/article/3554902/bmc-breaks-into-two-mainframe-and-helix-businesses-to-operate-independently.html https://en.wikipedia.org/wiki/Rocket_Software https://futurumgroup.com/insights/kyndryl-and-microsoft-collaborate-to-drive-mainframe-innovation/ https://www.marketsandmarkets.com/PressReleases/mainframe-modernization.asp https://www.verifiedmarketreports.com/product/mainframe-software-market/ https://www.businessresearchinsights.com/market-reports/mainframe-software-market-122295
medical-billing-rcm,13000000000,22000000000,2025,0.2,0.4,2600000000,8800000000,"I scoped this as provider spend on RCM and billing software: licences, subscriptions/SaaS, per-claim clearinghouse fees, maintenance, hosting, and the vendor's own implementation and support. Outsourced billing and coding (BPO such as R1, Ensemble, TruBridge services) is excluded, and so is internal staff. The range combines two methods and checks both against a ceiling.

(1) Bottom-up from vendor revenue, 2025, USD:
- Epic: $6.7B total revenue (Forbes via Wikipedia). I assume Resolute, Prelude/Cadence, Claims and Coding are 25-35% of it, so 1.7-2.3B.
- Oracle Health (Cerner): about $5.6B in Oracle FY25 (Bloomberg via Yahoo). Revenue-cycle share assumed at 12-20%, so 0.7-1.1B.
- Optum, ex-Change Healthcare: in FY22 (10-K) Software and Analytics was $1.61B and Network Solutions $0.87B. I take the provider RCM and claims part as 1.5-2.2B.
- Waystar: $1.099B (FY25 8-K), all RCM.
- Solventum Health Information Systems (coding, CDI, 360 Encompass): $1.36B (FY25 8-K). I count 0.9-1.36B.
- Experian Health: about 8% of $7.52B group revenue (FY25), so about 0.6B.
- MEDITECH: about $0.49B total; finance modules 0.12-0.17B.
- TruBridge and Altera software portions: 0.2-0.35B.
- Ambulatory practice management and billing (athenahealth at about $1.7B total, NextGen $653M in FY23, eCW, Veradigm, ModMed, Tebra, AdvancedMD and others): 1.9-3.3B.
- Long tail of US point solutions (FinThrive, Availity, SSI, Inovalon, Cedar, AKASA, Infinx and others): 1.2-2.2B.
That gives a US subtotal of about $10-15B. I gross it up on the assumption that the US is 70-85% of global RCM software spend. Outside the US, billing sits mostly inside HIS cores (SAP IS-H, Dedalus, CGM, TrakCare, Japanese receipt systems, Indonesian SIMRS) because single payers keep billing simpler. Result: about $12-21B global.

(2) Analyst reports, as quoted:
- Straits: medical billing software $16.95B (2025).
- TBRC: medical billing software $22.15B.
- DataM: RCM 'software solutions' $40B (2024), inside a $102B total.
- TB","https://www.sec.gov/Archives/edgar/data/1990354/000199035426000010/way021726-8xkex991.htm https://www.sec.gov/Archives/edgar/data/1964738/000196473826000005/q42025-8kerexx991.htm https://www.sec.gov/Archives/edgar/data/1756497/000175649722000007/chng-20220331x10k.htm https://www.sec.gov/Archives/edgar/data/1169445/000116944526000006/tbrg-20251231.htm https://www.experianplc.com/newsroom/press-releases/2025/full-year-results-fy25 https://en.wikipedia.org/wiki/Epic_Systems https://finance.yahoo.com/news/oracle-28-billion-cerner-health-130029084.html https://www.marketsandmarkets.com/Market-Reports/revenue-cycle-management-market-153900104.html https://www.fortunebusinessinsights.com/industry-reports/revenue-cycle-management-market-100275 https://www.prnewswire.com/news-releases/revenue-cycle-management-market-to-reach-us-291-19-billion-by-2033-as-cloud-based-solutions-and-ai-powered-automation-redefine-healthcare-finance--datam-intelligence-302578291.html https://www.thebusinessresearchcompany.com/report/revenue-cycle-management-software-global-market-report https://straitsresearch.com/report/medical-billing-software-market https://www.techtarget.com/revcyclemanagement/feature/The-state-of-revenue-cycle-management-software https://www.gartner.com/en/documents/6476239 (403 when opened; $309.1B figure from search snippet only) https://www.sec.gov/Archives/edgar/data/708818/000095017023023499/nxgn-20230331.htm (search snippet only: NextGen FY23 revenue $653.2M) https://www.zippia.com/medical-information-technology-careers-30915/revenue/ (search snippet only: MEDITECH about $494M, an estimate) https://healthsystemcio.com/2026/05/14/acute-care-ehr-market-share-2026/ (from earlier research: KLAS hospital shares)"
mortgage-servicing,1800000000,3500000000,2025,0.75,0.9,1350000000,3150000000,"I built the range two ways.

(1) Vendor revenue, bottom-up, FY2025.
- ICE Mortgage Technology servicing software revenue was $871M in FY2025, up from $848M in 2024. This is MSP plus default, loss-mitigation and API modules sold around MSP. Source: ICE FY2025 earnings release, which I opened.
- Sagent (LoanServ/Dara) is private. Third-party estimates run about $120M to $250M. I saw these only in search snippets and could not verify them.
- FICS has about 65 to 74 staff, so I estimate $15M to $30M.
- Valon's software licensing is small before 2026. Its reported revenue of about $100M in 2024 is mostly fees from its own servicing business.
- Other dedicated US servicing tools: $50M to $150M.
- US dedicated servicing software total: about $1.1B to $1.4B.
- Outside the US I estimate $0.3B to $0.8B in dedicated servicing software and BPaaS software components:
  - UK: Phoebus (about £14M turnover, unverified), Target Group (about $40M to $60M including BPO), Stater (EU BPaaS, mostly services).
  - Canada and Australia vendors.
  - Nucleus FinnOne: total revenue was ₹876 crore (about $100M) across all lending products, so I take a 10% to 20% mortgage-servicing slice.
- I add $0.3B to $1.3B for the share of core-banking loan modules that service mortgages. That covers Jack Henry/Fiserv/FIS cores at US community banks and credit unions, plus Temenos/Finacle/Silverlake loan modules at EU and Asian banks.
- Bottom-up total: about $1.7B to $3.5B.

(2) Analyst reports.
- TBRC (The Business Research Company): $5.57B for 2025. It states only 'revenues of organizations', with no stated method.
- WiseGuy: $7.64B for 2025. It also claims cloud was $4B in 2024, which conflicts with the fact that the largest platform (MSP) runs on a mainframe. I judge it inflated.
- IMARC: $3.6B for ALL loan-servicing software in 2025 (mortgage plus consumer, auto and commercial), with North America at 40.2%, or about $1.45B. That fits ICE's $871M plus Sagent and others in the US.
- Because IMARC's fig","https://ir.theice.com/press/news-details/2026/Intercontinental-Exchange-Reports-Strong-Full-Year-2025-Results/default.aspx https://www.sec.gov/Archives/edgar/data/1571949/000157194926000004/ice-20251231.htm https://www.housingwire.com/articles/ice-mortgage-q4-2025-results/ https://www.sec.gov/Archives/edgar/data/1627014/000155837023002252/bki-20221231x10k.htm https://www.thebusinessresearchcompany.com/report/mortgage-servicing-software-global-market-report https://www.wiseguyreports.com/reports/mortgage-servicing-software-market https://www.imarcgroup.com/loan-servicing-software-market https://www.businessupturn.com/business/nucleus-software-reports-rs-876-03-crore-revenue-for-fy-2025-26/ (search snippet only, not opened) https://www.konaequity.com/company/sagent-lending-technologies-4656758400/ (search snippet only; fetch returned 429) https://open.endole.co.uk/insight/company/02441885-phoebus-software-limited (search snippet only; fetch returned 403) https://www.owler.com/company/fics (search snippet only, estimate) https://getlatka.com/companies/valon.com (search snippet only, estimate) https://sagent.com/about/"
payroll-hr,40000000000,60000000000,2025,0.15,0.25,6000000000,15000000000,"I built the range two ways.

(1) Analyst market sizes, preferring firms that publish a vendor-revenue method:
- IDC, Worldwide HCM and Payroll Applications Software Market Shares 2024: $41.0B in 2024, up 14.8% from $35.7B. Workday was largest at $5.2B (12.6% share), then ADP, SAP and UKG. The Americas were about 65%. Public cloud (own IP) was 86.4%.
- Gartner, Market Share Analysis: HCM Software, Worldwide, 2024: $36.3B, +13%.
- Apps Run The World: $58.7B in 2024. It surveys vendors but includes Microsoft LinkedIn and Viva, so it is inflated for this job.
- Retail-style reports (Grand View $20.5B, Fortune $43.4B, ResearchAndMarkets $40B ""HR payroll"") have no stated method and are ignored.
- Rolling IDC and Gartner forward by one year at 11-14% gives about $41-47B for 2025 strict software (licence, subscription, maintenance).

(2) Sum of the main vendors' latest fiscal-year segment revenue from filings. I excluded interest on client funds and PEO revenue, because PEO is mostly wage and benefits pass-through.
- ADP Employer Services (FY Jun-2026): $14.83B, about $13.6B after removing most of the $1.35B client-fund interest.
- Paychex Management Solutions (FY May-2026, includes Paycor): $4.87B.
- Workday HCM: about $5.9B. This is FY Jan-2026 total revenue of $9.55B times about 62% HCM. The 62% is implied by IDC crediting Workday with $5.2B against $8.4B total in FY25.
- UKG: about $5B (stated by the company, private).
- Paycom recurring revenue (2025): $1.94B.
- Paylocity recurring revenue (FY Jun-2026): $1.65B.
- Dayforce revenue excluding float (2025 guidance): about $1.76B.
- SAP HCM (SuccessFactors plus on-prem HCM maintenance): $3-4B, my estimate because it is undisclosed.
- Oracle HCM (Fusion plus PeopleSoft plus EBS HR): $3-4B, my estimate because it is undisclosed.
- Deel, Gusto and Rippling: about $3B combined.

The named vendors sum to about $44B. Adding a long tail (Infor, Cornerstone, Intuit/Sage/Xero payroll, Personio, HiBob, iCIMS, regional APAC and EU ve","https://www.sec.gov/Archives/edgar/data/0000008670/000000867026000025/q4fy26exhibit99.htm (opened: ADP FY2026 ES $14,831.4M, PEO $7,128.1M incl $4,607.3M zero-margin pass-throughs, client funds interest $1,354.8M) https://www.sec.gov/Archives/edgar/data/1327811/000132781126000010/wday-01312026x991.htm (opened: Workday FY2026 revenue $9.552B, subscription $8.833B; no HCM/Financials split) https://www.sec.gov/Archives/edgar/data/0000723531/000119312526280314/payx-ex99_1.htm (opened: Paychex FY2026 revenue $6.512B, Management Solutions $4.868B, PEO & Insurance $1.433B, interest $210.9M) https://www.sec.gov/Archives/edgar/data/0001591698/000159169826000066/pcty-20260804xex991.htm (opened: Paylocity FY2026 revenue $1.771B, recurring $1.651B, float $120M) https://www.stocktitan.net/news/PAYC/paycom-software-inc-reports-fourth-quarter-and-year-end-2025-lnqukzhiptoe.html (opened: Paycom 2025 revenue $2,051.7M, recurring $1,938.7M, float $113.0M) https://www.sec.gov/Archives/edgar/data/1725057/000119312525256360/day-ex99_1.htm (opened: Dayforce Q3 2025; FY2025 revenue guidance $1,935-1,955M, ex-float $1,749-1,769M per search summary) https://brandonhall.com/ukgs-bold-vision-building-the-workforce-operating-platform-for-the-global-workforce/ (opened: UKG about $5B annual revenue, Nov 2025) https://www.appsruntheworld.com/top-10-hcm-software-vendors-and-market-forecast/ (opened: HCM market $58.7B 2024, top 10 = 45.6%, vendor-survey methodology, includes Microsoft LinkedIn/Viva) https://my.idc.com/getdoc.jsp?containerId=US53468226 (403 on open; figures from search abstract: $41.0B 2024, +14.8%, Workday $5.2B/12.6%, public cloud 86.4%) https://www.gartner.com/en/documents/6863566 (403 on open; figures from search abstract: HCM software $36.3B 2024, +13%) https://www.sec.gov/Archives/edgar/data/8670/000000867025000037/adp-20250630.htm (from earlier research: ADP client counts, Workforce Now 90k+) https://www.deel.com/blog/new-investment-valuation/ (from earlier research: Deel $1B+ ARR) https://techcrunch.com/2025/05/09/rippling-raises-450m-at-a-16-8b-valuation-reveals-yc-is-a-customer (from earlier research: Rippling about $570M ARR) https://en.wikipedia.org/wiki/Gusto,_Inc. (from earlier research: Gusto $1B+ revenue)"
pension-provident-fund-admin,3000000000,5500000000,2025,0.45,0.65,1350000000,3575000000,"Scope: pension, provident fund and superannuation administration software. That covers licences, SaaS, maintenance, hosting, implementation and application services. It excludes full TPA/BPO administration fees (Capita, Equiniti, Mercer, Alight, Link/MUFG) and internal IT staff.

(1) Analyst sizes. Mordor Intelligence gives US$4.93bn for 2025 (US$5.33bn for 2026). It states a method (DOL/OECD desk research, primary interviews, top-down and bottom-up) and a scope (end-to-end plan admin software, excluding generic HR/payroll and pure consulting). It splits deployment 59.85% cloud and 40.15% on-prem, with North America at 33.85%. GMI gives US$3.6bn for 2023, 71% software and 29% services, which rolls forward at 8% to about US$4.2bn in 2025. SNS Insider gives US$5.54bn for 2025 (64.3% cloud, North America 39.6%). Search snippets showed others at US$3.2bn (DataIntelo) to US$6.8bn (Precision); those pages were not opened. MRFR's US$16.1bn (search snippet, not opened) is dropped as an outlier. At the other extreme, Apps Run the World counts only US$289m for 2024. That figure covers licence/subscription revenue of HCM-classified vendors (Milliman 15.5%, Oracle, Alight, Sagitec, Vitech, Equiniti, LRS and others, with the top 10 at 79.9%). It is a strict floor that leaves out Bravura, FIS, SS&C, GBST and services.

(2) Vendor sum. Bravura FY25 underlying revenue was about A$257-259m (about US$167m; EMEA A$186m, APAC A$73m, per the ASX 4E search snippet and a TipRanks 1H25 report of A$127.5m), and most of it is super, pension and wealth admin. FIS Omni/Relius (650 clients, 68m participants) is not disclosed; my estimate is US$300-500m. SS&C TRAC retirement is not disclosed; my estimate is about US$200-400m for the software and SaaS part. Vitech (1,400+ staff, bought by Majesco in January 2026, revenue not disclosed) comes to about US$100-200m for pension and benefits. Sagitec (about 1,300-1,400 staff; revenue estimates of US$128-168m are third-party) comes to about US$80-120m ",https://www.mordorintelligence.com/industry-reports/pension-administration-software-market https://www.snsinsider.com/reports/pension-administration-software-market-6772 https://www.gminsights.com/industry-analysis/pension-administration-software-market https://www.appsruntheworld.com/top-10-hcm-software-vendors-in-pension-administration-market-segment/ https://www.tipranks.com/news/company-announcements/bravura-solutions-reports-improved-1h25-results-reinstates-dividends-and-upgrades-fy25-guidance https://announcements.asx.com.au/asxpdf/20250813/pdf/06mtfvmzdnc0dv.pdf https://www.majesco.com/press/majesco-to-acquire-vitech/ https://www.professionalpensions.com/news/4410379/capita-readies-digital-tool-launch-posts-rise-pensions-revenue https://www.professionalpensions.com/news/3072421/equiniti-posts-75-drop-pension-solutions-revenue-overall-business-grows https://www.wealthmanagement.com/rpa-news/fis-new-cloud-based-record-keeping-system-could-unlock-the-potential-of-401-k-plans
port-terminal-operating-system,450000000,900000000,2024,0.6,0.8,270000000,720000000,"Triangulated three ways. The range is commercial TOS spend: licences, subscriptions, maintenance, hosting, and vendor or SI implementation services. It excludes the internal staff behind the in-house cores (PSA CITOS, Hutchison nGen, DP World and Chinese operator in-house systems). It also excludes cranes and automation hardware.

(1) Vendor revenue sum, 2024. Only the Navis and CyberLogitec figures come from opened filings or releases. Navis had sales of EUR 107M in 2020, about $122M (Cargotec release). Its revenue is now inside Kaleris, which is put at about $170-178M for 2024 by business databases (search snippets only). That figure includes yard and carrier software, so I assume about $120-160M for the Navis TOS family. CyberLogitec's 2024 H1 IR deck (Yusu Holdings) shows terminal at 13-14% of standalone revenue of about KRW 84-100B. That is about $8-12M a year from OPUS Terminal. The other figures are snippets or database estimates:
- Tideworks: $25-73M; I used $30-60M.
- Total Soft Bank: KRW 20.7B in 2024, about $15M.
- RBS: about $14M.
- INFORM terminal modules, Hogia, Solvo, COSMOS, GullsEye and other small vendors: $30-80M combined.
- Chinese domestic TOS vendors serving state operators: $30-80M.
- SI and partner implementation and integration services around N4 and others: $50-150M.
The sum is about $0.35-0.65B.

(2) Specialist analyst sizing. Thetius, a maritime-tech analyst firm, sizes the market from its vendor intelligence platform of about 20 TOS products from 17 vendors. It put 2022 at $521.2M with a 2% CAGR, which implies about $540M in 2024. Business Research Insights gives $0.6B for 2026.

(3) Generic market-research reports are much higher: $2.1B, $2.85B and $5.08B for 2024, and $2.3B for 2025. I treat these as inflated. They report software as 62% of the market, which would mean at least $1.3-3.6B of software licences. That is roughly 10-25 times the revenue of the market leader, Navis, which holds an estimated 20-30% share. They likely fold in ","https://www.globenewswire.com/news-release/2021/03/26/2199876/0/en/Cargotec-sells-Navis-business-to-technology-investment-firm-Accel-KKR-for-an-enterprise-value-of-EUR-380-million.html https://www.kalmarglobal.com/4901bd/contentassets/b40e7800fa5a4bbdbf5863491691ffda/cargotec-corporation-financial-statements-review-2020.pdf https://file.alphasquare.co.kr/media/pdfs/company-ir/20240830%EC%9C%A0%EC%88%98%ED%99%80%EB%94%A9%EC%8A%A4_%ED%95%9C%EA%B5%AD%EA%B1%B0%EB%9E%98%EC%86%8C_%EC%A3%BC%EA%B4%80_%EC%98%A8%EB%9D%BC%EC%9D%B8_IR_%ED%96%89%EC%82%AC_%EC%B0%B8%EA%B0%80.pdf https://web.archive.org/web/2024/https://thetius.com/terminal-operating-system-tos-market-overview/ https://www.businessresearchinsights.com/market-reports/terminal-operating-systems-tos-market-118487 https://growthmarketreports.com/report/terminal-operating-systems-market https://growthmarketreports.com/report/terminal-operating-system-market https://marketintelo.com/report/terminal-operating-systems-market https://www.owler.com/company/kaleris (search snippet only, Kaleris ~$170-178M) https://www.datanyze.com/companies/tideworks-technology/50544987 (search snippet only) https://www.catch.co.kr/Comp/CompSummary/743283 (snippet only, TSB 2024 KRW 20.7B; page 403) https://www.zoominfo.com/c/realtime-business-solutions/354571967 (search snippet only, RBS ~$14.2M)"
procurement-ap,14000000000,20000000000,2024-2025 (analyst bases are 2024 for Apps Run The World and 2025 for GMI and Mordor; vendor filings cover FY2024 and FY2025),0.25,0.45,3500000000,9000000000,"The estimate is built from three components and checked against vendor revenue.

(A) Dedicated procurement and source-to-pay suites:
- Apps Run The World (vendor-revenue methodology, the most conservative): $6.6B in 2024.
- GMI: $8.08B in 2025.
- Range used: $6.6-8.1B.

(B) Standalone AP automation not already counted in A:
- Analyst estimates vary widely. Grand View puts it at $3.4B for 2024 (search snippet only). Mordor puts it at $6.17B for 2025, and that figure includes services. Both overlap with Coupa, Basware and Ariba invoicing, which are already in A.
- A bottom-up count of AP specialists gives about $2.2-2.5B: BILL core revenue $1.30B in FY25 (this also includes Divvy spend cards and AR), AvidXchange $439M in 2024, Tipalti $200M ARR, plus Esker, Medius, Stampli and others at roughly $0.3B.
- Range used: $2.5-4B.

(C) Purchasing and AP modules inside ERP and accounting suites (SAP ECC/S4 MM+FI-AP, Oracle EBS/Fusion, JDE, PeopleSoft, mid-market ERP). This is where the legacy cores live.
- Gartner puts the 2024 ERP software market at $66B. That includes HCM and other modules.
- I allocated 8-12% of it to purchasing and payables, giving about $5.3-7.9B. This share is my assumption. No analyst source breaks it out.

Total: about $14.4-20B.

Vendor cross-check (A+B only):
- SAP procurement is about $1.9B (29.1% share in Apps Run The World).
- Coupa: more than $1B in billings, FYE Jan 2024.
- Jaggaer: about $300M. Basware: about EUR 160M (2022 run-rate, roughly 82% cloud).
- GEP, Oracle procurement, Ivalua and Zycus: several hundred million each, mostly estimates.
- The AP specialists listed above add about $2.2-2.5B.
- Apps Run The World says its top 10 hold 59% of procurement. So the named vendors plus the long tail land at about $9-11B, which is consistent with A+B.

Legacy share, by component:
- C is 40-60% legacy. Gartner (via The Register) says 61% of 35,000 SAP ECC customers had not licensed S/4HANA by Q4 2024. SAP 2024 software licences plus support were ","https://www.appsruntheworld.com/top-10-procurement-software-vendors-and-market-forecast/ https://www.gminsights.com/industry-analysis/procurement-software-market https://www.mordorintelligence.com/industry-reports/ap-automation-market https://www.gartner.com/en/documents/6654134 (403 when opened; $66B ERP 2024 figure from search snippet) https://www.grandviewresearch.com/industry-analysis/accounts-payable-automation-market-report (403 when opened; $3.41B 2024 figure from search snippet) https://www.thomabravo.com/press-releases/coupa-delivers-over-1-billion-in-billings-unlocks-175-billion-in-bottom-line-impact-for-global-customers https://www.sec.gov/Archives/edgar/data/1858257/000095017024121798/avdx-ex99_1.htm https://www.sec.gov/Archives/edgar/data/1786352/000162828026058238/bill-20260630.htm https://www.businesswire.com/news/home/20250827388148/en/BILL-Reports-Fourth-Quarter-and-Fiscal-Year-2025-Financial-Results-and-Announces-$300-Million-Share-Repurchase-Program (403 when opened; FY25 $1,462.6M total / $1,300.8M core from search snippet) https://www.digitalcommerce360.com/2024/08/16/procurement-software-developer-jaggaer-new-owner/ https://www.arr.club/tipalti/tipalti-arr-hits-200m https://mb.cision.com/Main/2247/3603891/1606463.pdf https://www.prnewswire.com/news-releases/sap-announces-q4-and-fy-2024-results-302361469.html https://news.sap.com/2025/01/sap-announces-q4-and-fy-2024-results/ https://investor.oracle.com/investor-news/news-details/2025/Oracle-Announces-Fiscal-2025-Fourth-Quarter-and-Fiscal-Full-Year-Financial-Results/default.aspx https://www.sec.gov/Archives/edgar/data/1341439/000095017025087926/orcl-20250531.htm https://www.theregister.com/2025/03/20/sap_sees_little_progress_in/ https://www.sec.gov/Archives/edgar/data/1000184/000110465920049620/a20-16491_1ex99d1.htm"
retail-pos-merch,9000000000,16000000000,2025,0.35,0.55,3150000000,8800000000,"I built the range three ways. It covers 2025 spend on retail store POS plus merchandising software: licences, SaaS, maintenance and vendor services. Hardware and payment-processing revenue are left out.

(1) Analyst market sizes, taken top-down. IMARC puts all-vertical POS software at $13.6B for 2025 and names retail as the largest end-user segment. At roughly 35-45% retail, that is about $5-6B for retail POS software. Retail-only POS software reports give $14.7B (Virtue) and $16.3-16.6B (Market Research Intellect). Neither states a methodology, so I treat them as inflated ceilings. Merchandising, category, planning and inventory software adds roughly $2-5B: Spherical Insights puts category management at $2.0B (about 40% of it merchandising), and TechSci puts retail inventory software at $1.7B. Top-down total: about $8-12B, with an outer ceiling near $20B if you take the retail-POS reports as given.

(2) Gartner cross-check. Gartner's 1Q25 forecast gives $205B of enterprise IT spending in retail for 2025. This figure comes from the search snippet of the Gartner document page, which returned 403 when opened. An unverified secondary snippet says about 28% of retail IT spend goes to software, which gives about $57B. If POS plus merchandising is 15-25% of that, the result is about $9-14B.

(3) Bottom-up from vendor filings. Revenue figures are from filings and results. The splits that strip out hardware are my estimates.
- NCR Voyix Retail segment: $1.842B in FY2025, with software ARR of $783M company-wide. Excluding hardware, about $1.2-1.4B.
- Toshiba TEC Retail Solutions: JPY 333.6B (about $2.2B) for the year to March 2025, holding about 2.82M installed POS units. Software and maintenance at 35-45% gives about $0.8-1.0B.
- Diebold Nixdorf Retail: $1.008B in 2025. Software and services at about 45% gives about $0.45B.
- Oracle Retail, including Xstore and RMS: not disclosed. Estimated at $0.8-1.2B.
- SAP retail (IS-Retail/S/4 Retail): not disclosed. Estimated at $0.4-",https://www.imarcgroup.com/pos-software-market https://virtuemarketresearch.com/report/retail-pos-software-market https://www.marketresearchintellect.com/product/global-retail-pos-software-market-size-forecast/ https://www.sphericalinsights.com/reports/retail-category-management-software-market https://www.techsciresearch.com/report/retail-inventory-management-software-market/28322.html https://www.gartner.com/en/documents/6464339 https://investor.ncrvoyix.com/news-releases/news-release-details/ncr-voyix-reports-fourth-quarter-and-full-year-2025-results https://www.investing.com/news/company-news/ncr-voyix-q4-2025-slides-strong-quarter-masks-2026-revenue-headwinds-93CH-4528213 https://www.sec.gov/Archives/edgar/data/70866/000007086626000006/ncr-20251231.htm https://www.toshibatec.com/file/FY2024_Consolidated_Business_Results.pdf https://tiinside.com.br/en/24/03/2026/diebold-nixdorf-registra-us-38-bilhoes-de-receita-total-em-2025/ https://en.wikipedia.org/wiki/Blue_Yonder https://en.wikipedia.org/wiki/GK_Software https://www.sec.gov/Archives/edgar/data/0001823306/000182330626000025/mdafy26q4.htm https://www.sec.gov/Archives/edgar/data/1594805/000159480526000006/exhibit991pressreleaseq420.htm https://datos-insights.com/press-release/supplier-changes-shake-up-pos-software-market/ https://datos-insights.com/blog/from-flexibility-to-managing-complexity-where-is-pos-software-going https://retailtechinnovationhub.com/home/2026/9/1/aptos-report-retailers-heavily-underestimating-financial-value-of-modernising-their-pos-systems https://www.digitaltransactions.net/more-than-20-years-on-cloud-based-pos-adoption-not-complete/ https://www.ihlservices.com/product/global-retail-it-spend-2026/ https://www.ihlservices.com/news/ihl-research-findings/
student-information,5000000000,9000000000,2025,0.25,0.4,1250000000,3600000000,"I triangulated three ways.

(1) Analyst market sizes. They vary widely, and none I opened publishes a real methodology.
- MarketsandMarkets: $8.36B in 2026, which backs out to about $7.4B in 2025 at its 12.9% CAGR. This is the most conservative figure.
- Mordor Intelligence: $15.44B in 2025. Software is 67.8% and services 32.2%. It puts cloud at 72%.
- Straits: $15.27B.
- Fortune Business Insights: $17.88B. It gives Oracle a 14% share and Ellucian 12%, which implies about $2.5B of student-system revenue for Oracle alone. That is implausible.
- Other search snippets show $10.5B to $30.5B. Scopes often add LMS, admissions/CRM, finance and engagement.
I treat everything above about $9B as inflated.

(2) Bottom-up sum of vendor revenue, approximate for 2025.

Higher ed:
- Ellucian: about $0.8-1.0B total. This is inferred from about $300M EBITDA at the 2021 buyout (Phil Hill) and a Zippia estimate of $820M. The student-related share is about 55-65%, so about $0.45-0.6B.
- Oracle PeopleSoft Campus Solutions and Student Cloud: about $0.2-0.35B (my maintenance estimate). PeopleSoft holds 10% of North American higher-ed SIS installs (ListEdTech).
- Workday Student: about $0.15-0.25B (140+ customers).
- Anthology SIS/ERP: about $0.08-0.12B. Anthology's FY25 revenue was $450M, of which Blackboard was $240M. Ellucian bid $70M for this unit.
- Jenzabar: about $0.1-0.15B.
- Tribal SIS: £73.9M, about $0.1B (FY25 RNS, from filings).
- TechnologyOne student, Populi, SAP SLcM, HISinOne, Ladok and regional APAC/LatAm vendors: about $0.5-1.0B.
Higher-ed subtotal: about $1.6-2.6B, plus $0.4-0.8B of implementation-partner services.

K-12:
- PowerSchool: 2024 guidance $786-792M (filings). The SIS-attributable share is about 40-50%, so $0.32-0.45B.
- Infinite Campus: about $0.15-0.3B (Latka estimate, unverified).
- Skyward, Edupoint, Aeries, Follett Aspen, FACTS, Veracross and Blackbaud K-12: about $0.4-0.6B.
- UK MIS: about $0.2B. Arbor reported £28.2M (FY Aug 2024) and Bromcom £38.2M.
- ",https://www.mordorintelligence.com/industry-reports/student-information-system-market https://www.fortunebusinessinsights.com/student-information-system-market-102436 https://straitsresearch.com/report/student-information-system-market https://www.marketsandmarketsblog.com/student-information-system-market-trends-leading-players-business-overview-revenue-key-drivers-2031.html https://stockanalysis.com/stocks/pwsc/revenue/ https://www.sec.gov/Archives/edgar/data/1835681/000183568124000068/exhibit991-q124earningsrel.htm https://www.sec.gov/Archives/edgar/data/1835681/000183568124000016/pwsc-20231231.htm https://onedtech.philhillaa.com/p/ellucian-and-the-wave-of-edtech-buyouts https://onedtech.philhillaa.com/p/the-dance-of-pe-elephants-two-huge-edtech-related-deals-this-week https://www.zippia.com/ellucian-careers-22370/revenue/ https://www.investegate.co.uk/announcement/rns/tribal-group--trb/preliminary-results-year-ended-31-december-2025/9492571 https://listedtech.com/blog/north-american-sis-highered-market-share-january-2025-update/ https://onedtech.philhillaa.com/p/anthologys-chapter-11-bankruptcy-by-the-numbers https://getlatka.com/companies/infinite-campus https://find-and-update.company-information.service.gov.uk/company/07790198/filing-history https://www.whichmis.com/bromcom-reports-21-increase-in-revenue/ https://www.tribalgroup.com/hubfs/Tribal%20Group%20plc%20AR24_Low%20Res_V1.pdf
telecom-bss,22000000000,35000000000,2025,0.6,0.75,13200000000,26250000000,"I triangulated the range two ways. Spend means external CSP spend on BSS software, SaaS, maintenance and vendor/SI services. Internal staff are excluded.

(1) Analyst sizing. The anchor is Analysys Mason, because it publishes segment definitions and its figures count vendor revenue. Its 2022 total for OSS+BSS is $59.5bn, rising to $80bn by 2028 at a 5.0% CAGR, which implies about $67-69bn in 2025. Its monetisation platforms segment (billing, charging, policy, mediation, partner/interconnect) is $18.3bn for 2025 in its Jan 2024 forecast chart (16.4, 17.0, 17.7, 18.3, 18.9, 19.4 and 19.9bn for 2022-28). Its customer engagement segment (CRM, sales/order, CVM) reaches $16.5bn by 2027, which back-casts to about $15bn in 2025. Monetisation platforms plus customer engagement gives a BSS total of about $33bn. That fits AM's figure of $20.3bn for BSS professional services alone in 2022. IMARC's $72bn OSS+BSS figure for 2025 is close to AM's total, and half of it is about $35bn. That sets the high end. Market.us gives $22.7bn for billing and revenue management in 2024. Its 20% CAGR looks inflated, so I used it only as a cross-check on the low end. Mordor sizes 'Digital BSS' at $7.75bn for 2025, but that covers next-gen BSS only.

(2) Vendor revenue sum for 2025, BSS-attributable portion only:
- Amdocs: $4.53bn FY2025, nearly all telco software and services. About $3.0-4.0bn is BSS-like after removing network/OSS and media.
- CSG: $1.22bn, of which 69% is from cable/broadband and telco customers, so about $0.85-1.0bn.
- Netcracker: about $2.5-3bn estimated (NEC does not disclose it). Assuming 40-50% is BSS gives $1.0-1.5bn.
- Ericsson BSS: undisclosed inside Cloud Software and Services. I estimate $1.0-1.5bn.
- Oracle Communications BRM/BSS: undisclosed. I estimate $0.5-1.0bn.
- Huawei CBS/BSS: undisclosed. I estimate $1-2bn.
- AsiaInfo carrier core systems: RMB 4.78bn, about $0.66bn.
- Whale Cloud, ZTE, Nokia, Comviva, Tecnotree, Qvantel/Optiva, Cerillion, Salesforce Comms Cl",https://www.analysysmason.com/research/content/articles/oss-bss-forecast-rma09/ https://www.analysysmason.com/research/content/articles/spending-oss-bss-rma09/ https://www.analysysmason.com/contentassets/e408d6ec05f54419bb54bf45f230ab95/analysys_mason_csp_spending_oss_bss_nov2023_rma09.pdf https://www.analysysmason.com/contentassets/fee2d2f39e15462c8f998e4e6cd1976b/analysys_mason_monetisation_platforms_forecast_samples_jan2024_rma03.pdf https://www.analysysmason.com/research/content/reports/customer-engagement-forecast-2022-rma11/ https://www.analysysmason.com/research/content/articles/saas-forecast-growth-rma11/ https://www.analysysmason.com/research/content/articles/oss-bss-forecast-article-rma08/ https://www.imarcgroup.com/oss-bss-market https://market.us/report/telecom-billing-and-revenue-management-market/ https://www.mordorintelligence.com/industry-reports/digital-business-support-system-market https://www.amdocs.com/news-press/amdocs-limited-reports-fourth-quarter-fiscal-2025-results https://ir.csgi.com/press-releases/press-release-details/2026/CSG-Systems-International-Reports-Fourth-Quarter-and-Full-Year-2025-Results/default.aspx https://www.telecomtv.com/content/digital-platforms-services/nec-s-netcracker-swallows-csg-as-2-9bn-deal-closes-55474/ https://www.asiainfo.com/en_us/content_5095.html
trade-finance,1200000000,2600000000,2025,0.55,0.8,660000000,2080000000,"I triangulated three ways. The range is 2025 USD for external spend only: licences, maintenance, SaaS, hosting and vendor implementation services for bank-side trade finance processing.

(1) Analyst market sizes. Two clusters, opened pages: (a) Narrow 'trade finance software' reports: The Insight Partners $2.14B (2023, 10.8% CAGR, so about $2.6B in 2025); Dataintelo $2.8B (2025; 62% software and 38% services; 58.7% on-prem; banks plus FIs about 70%; it says the top 5 vendors hold about 48%). (b) Broad reports: SkyQuest $8.86B (2025), Verified Market Reports $8.56B, Market Reports World $8.26B (2024), WiseGuy 'automation' $4.71B. The broad cluster lists supply-chain-finance and AP platforms (Taulia, C2FO, Tradeshift, Coupa) and even banks (JPMorgan, HSBC) as 'players', so it measures a different and inflated scope. I discarded it. All methodology statements are boilerplate ('top-down and bottom-up triangulation'). The narrow cluster's $2.1B to $2.8B is treated as the ceiling, because it also counts corporate users (about 21-30%).

(2) Vendor revenue sum. No main vendor discloses trade-specific revenue, so these are estimates. Finastra Trade Innovation: 200+ banks, inside $1.85-1.9B group revenue; I estimate $120-200M. Surecomp: $57-75M (aggregator estimates). China Systems/Eximbills: about $50M (aggregator, 119 staff). CGI Trade360: 322 bank locations including HSBC; estimate $60-120M. Oracle Banking Trade Finance: $60-120M. Intellect iGTB trade slice: $30-60M (group about INR 2,500 cr). Plus TCS BaNCS, Infosys Finacle trade, Comarch, Newgen, Persistent and smaller vendors: $100-250M. Plus overlays and networks (Traydstream, Komgo, Conpend, TradeSun): $30-80M. Plus third-party SI work on trade implementations: $200-500M. Total about $0.7-1.4B.

(3) Top-down from bank economics. BCG puts the trade finance revenue pool at $39B in 2024, 9.2% of the $422B corporate banking pool. Celent projects corporate banking IT spend at $158B in 2027, with applications at $41.7B and ","https://dataintelo.com/report/trade-finance-software-market https://www.theinsightpartners.com/reports/trade-finance-software-market https://www.skyquestt.com/report/trade-finance-software-market https://www.verifiedmarketreports.com/product/trade-finance-software-market/ https://www.marketreportsworld.com/market-reports/trade-finance-software-market-14717968 https://www.wiseguyreports.com/reports/trade-finance-automation-software-market https://media-publications.bcg.com/Capital-Markets-Investment-Banking-Update-2024-2025.pdf https://www.celent.com/en/insights/328428301 https://gfmag.com/award/winner-insights/finastra-anastasia-mcalpine-revamping-trade-finance/ https://www.cgi.com/sites/default/files/2025-04/cgi-trade360-short-overview-brochure-2025.pdf https://www.cioapplicationseurope.com/surecomp https://en.wikipedia.org/wiki/Finastra (search snippet only: $1.9B group revenue) https://tracxn.com/d/companies/china-systems/__ic3c-F1Bz1VIpjybPaNlt0Injals481CVIOvHgl6YRA (search snippet only: about $51.7M revenue, 119 staff) https://www.intellectdesign.com/media/intellect-q4fy25-revenues-grew-19-yoy-to-inr-749-crores-pat-grew-58-to-inr-135-crores/ (search snippet only)"
utility-billing-cis,3000000000,6000000000,2025,0.5,0.7,1500000000,4200000000,"Three methods, each checked against the others. (1) Analyst market sizes, which disagree. CIS-specific reports put 2025 at US$1.79B (MarketsandMarkets, solutions plus services) and US$2.26B (Research and Markets: US$2.07B in 2024, software plus services). Neither gives a methodology. The wider 'utility billing software' reports run US$6.0-6.2B for 2025 (Research and Markets US$6.03B; Mordor US$6.23B), but they include telecom and oil and gas billing. Mordor puts the CIS function at 42.93% of its total, which is about US$2.7B. Apps Run The World is the only source that states its method (vendor revenue surveys). It sizes all utility-vertical application software at US$9.0B in 2024, with SAP holding 6.2%. CIS and billing is one of several functions in that figure, so a share of 25-35% gives about US$2.2-3.2B of software only. (2) Bottom-up sum of vendor revenue for 2025, software and vendor services only. Kraken: contracted annual revenue over US$500M (Sep 2025, includes Octopus). Hansen Energy & Utilities segment: A$221.2M, about US$145M (FY25). Gentrack Utilities segment: NZ$193.4M, about US$114M (FY25, Veovo excluded). NISC: about US$400M total, of which CIS is an estimated US$100-200M. The rest are estimates because the vendors do not report segments. SAP IS-U/S4 Utilities: about 1,200 IS-U installs (search snippet), estimated US$0.6-1.0B in maintenance and subscription. Oracle Utilities customer products (CC&B/C2M/CCS, 400+ utilities): US$0.5-0.8B. Harris/Constellation utility CIS: US$0.2-0.4B. Tyler utility billing: US$0.1-0.2B. A long tail (Open Smartflex, Itineris, SEW, VertexOne, Minsait, Fluentgrid, German Stadtwerke vendors, and Japanese, Chinese and Indian SI-built CIS) adds US$0.5-1.0B. The total is about US$2.7-4.4B of software and vendor services. Third-party SI implementation and AMS (Accenture, Cognizant, IBM, Deloitte, Infosys, TCS, Utegration) on top of that brings the range to about US$3-6B. (3) A per-account sanity check. About 0.8B accounts in th","https://finance.yahoo.com/news/utility-customer-information-system-cis-145800140.html https://www.globenewswire.com/news-release/2025/03/24/3047662/28124/en/Utility-Billing-Software-Market-Analysis-Report-2025-Featuring-Banyon-Data-Systems-Oracle-Cogsdale-Enghouse-Networks-Continental-Utility-Solutions-More.html https://www.globenewswire.com/news-release/2025/04/03/3055281/0/en/The-Rise-of-Customer-Information-System-CIS-Market-A-3-26-billion-Industry-Dominated-by-Tech-Giants-SAP-Oracle-Minsait-Hansen-MarketsandMarkets.html https://www.mordorintelligence.com/industry-reports/utility-billing-software https://www.appsruntheworld.com/top-10-utilities-software-vendors-and-market-forecast/ https://www.appsruntheworld.com/customers-database/category/utilities-customer-care-and-billing https://www.kraken.tech/press-releases/octopus-energy-group-to-spin-out-kraken-at-valuation-of-usd8-65bn https://gentrack.com/fy25-annual-results-investor-briefing/ https://www.reseller.co.nz/article/4094953/gentrack-profits-soar-thank-to-boost-in-recurring-revenue.html (search snippet: Gentrack FY25 Utilities NZ$193.4M, Veovo NZ$36.8M, group NZ$230.2M) https://announcements.asx.com.au/asxpdf/20250820/pdf/06n28hykmg31b6.pdf (search snippet: Hansen FY25 revenue A$392.5M, Energy & Utilities A$221.2M, Comms & Media A$171.3M; the PDF itself could not be parsed) https://geo.sig.ai/brands/oracle-utilities (unsourced claim of US$2B+ Oracle Utilities revenue and CC&B at 400+ utilities; treated as weak) https://www.niscannualreport.coop/ (no revenue on page; the ~US$400M NISC figure comes from a search snippet) https://www.readycontacts.com/target-account-profiling/sap-for-utilities-isu/ (search snippet: ~1,200 IS-U installations; not opened) https://www.cio.com/article/4000543/nearly-half-of-sap-ecc-customers-may-stick-with-legacy-erp-beyond-2027.html"
warehouse-management,3300000000,4600000000,2025,0.3,0.45,990000000,2070000000,"I used three methods.

(1) Analyst market sizes for 2025, low to high: Grand View $3.4B (search snippet; the page returned 403), Fortune $3.88B, Mordor $4.04B, MarketsandMarkets $4.57B (top-down plus bottom-up triangulation), Persistence $4.7B and Straits $4.85B. Gartner states its methodology and is the most conservative. It says WMS software 'exceeded $3B in 2024' (Gartner 2025 MQ via Made4net) and in 2022 forecast 'over $4B by 2026' at a 13%+ five-year CAGR (Gartner 2022 MQ reprint). That puts 2021 at about $2.2B and 2025 at about $3.4–3.6B. I read Gartner's figure as software (licence, subscription, maintenance) only, without vendor professional services, so vendor services would add to it. Mordor's '80% services' split looks unreliable and I did not use it.

(2) Bottom-up sum of WMS revenue for the main vendors, around 2025, including the vendors' own services:
- Manhattan: about 50% of $1,081M = ~$540M (FY25 8-K; WMS share from a Tech Fund interview note)
- Blue Yonder: ~$300–350M. Gartner gave WMS software of $160M for 2021 (reprint) and $223M for 2023 (snippet only), plus services, out of $1.42B total FY25 revenue.
- Oracle: ~$300–350M. Gartner gave $280M WMS software for 2023 (snippet only).
- SAP EWM plus LE-WM: ~$400–600M, my estimate. SAP does not disclose it. Gartner counts about 7,000 WMS customers, of which 2,250+ are EWM.
- Infios/Körber: ~$300–350M of its $500M+ total, which includes MercuryGate TMS
- Infor: ~$150M. Gartner put Infor's SCE at $189M in 2021.
- Tecsys: ~US$127M (C$176.5M, FY25)
- EPG: ~$100M (WMS $84M in 2021)
- Generix: ~$60M (53% of $83.5M in 2021)
- Reply, Mecalux, Made4net, Mantis, Softeon and other Magic Quadrant vendors: ~$150–250M

That comes to about $2.6–2.9B. A long tail adds $0.6–1.2B: Chinese and Japanese vendors, Hardis Reflex, PSI, ERP-embedded WMS and SMB SaaS such as Deposco, Logiwa, Extensiv and Unicommerce. Total: about $3.3–3.9B.

(3) Cross-check: Manhattan's ~$540M WMS revenue at a ~20% market share implies about $",https://dam.infor.com/api/public/content/d8957bc1ac164bf1843965deeaa7e26a?v=d2e94df6 https://made4net.com/knowledge-center/2025-gartner-wms-magic-quadrant-insights/ https://www.marketsandmarkets.com/Market-Reports/warehouse-management-system-market-41614951.html https://www.mordorintelligence.com/industry-reports/warehouse-management-system-market https://www.sec.gov/Archives/edgar/data/1056696/000119312526024382/manh-ex99_1.htm https://www.techinvestments.io/p/manhattan-associates-problems-and https://channellife.com.au/story/blue-yonder-grows-fy25-revenue-boosts-ai-supply-chain https://en.wikipedia.org/wiki/Blue_Yonder https://www.tecsys.com/blog/press-release/tecsys-reports-financial-results-for-the-fourth-quarter-and-full-year-of-fiscal-2025 https://www.infios.com/en/about-us/our-story http://logisticsviewpoints.com/2023/07/26/the-warehouse-management-systems-wms-market-continues-to-grow-beyond-a-reasonable-doubt/ https://www.fortunebusinessinsights.com/industry-reports/warehouse-management-system-wms-market-101788 (search snippet only) https://solutionsreview.com/enterprise-resource-planning/key-takeaways-2024-magic-quadrant-for-warehouse-management-systems/ (403; Blue Yonder $223M and Oracle $280M 2023 WMS software figures are search snippets only)
wealth-portfolio-accounting,6000000000,9500000000,2025,0.33,0.5,1980000000,4750000000,"I built the range two ways.

(1) Analyst market sizes, all for 2025. These have narrow but overlapping scopes and little stated methodology:
- Wealth management platform: USD 3.73B (Fortune Business Insights, no software/services split). Other publishers give USD 3.7B to 16B.
- Investment accounting software: USD 4.98B (Reportprime, secondary research only).
- Portfolio management software: USD 3.7B to 10B (Grand View, MRFR, Wiseguy and others, per search snippets; the Grand View page returned 403).
Wealth platforms and institutional investment accounting are adjacent slices. Combining them with partial overlap gives about USD 6B to 10B. Clearwater's FY2025 10-K claims a USD 23B TAM, which also covers front office, insurers and corporates. I treated that as an inflated ceiling, not the job spend.

(2) Sum of the main vendors' in-scope 2025 revenue from filings:
- SS&C (Advent Axys/APX, Black Diamond, Geneva): about USD 0.9B to 1.3B. Total 2025 revenue was USD 6.27B, of which USD 1.06B was license/maintenance. Wealth Management was 12% of the 2018 pro forma mix. I excluded GlobeOp fund-admin BPO.
- SimCorp: Deutsche Boerse Software Solutions net revenue of EUR 745M in FY2025 (ARR EUR 680M), about USD 0.84B. This includes Axioma.
- Avaloq: about CHF 680M, roughly USD 0.8B. This is a secondary figure, since NEC does not break it out.
- Clearwater Analytics: USD 731M, including Enfusion front office.
- SEI Private Banks: investment processing and software servicing fees of USD 433M. I excluded asset-management fees and Investment Managers fund-admin services.
- FIS Investment Accounting Manager (InvestOne): estimated USD 0.3B to 0.5B, an undisclosed slice of Capital Market Solutions.
- Envestnet Wealth Solutions: subscription revenue of USD 325M (FY2023). I excluded asset-based platform fees.
- Addepar: about USD 0.28B to 0.3B (Sacra estimate).
- Temenos wealth: estimated USD 0.1B to 0.16B, as 10% to 15% of USD 1.07B.
- Orion, InvestCloud, Broadridge wealth, BNY Eagle, ",https://www.fortunebusinessinsights.com/wealth-management-platform-market-106079 https://www.reportprime.com/investment-accounting-software-r11325 https://www.sec.gov/Archives/edgar/data/1402436/000119312526076745/ssnc-20251231.htm https://s29.q4cdn.com/602562954/files/doc_presentation/2019/06/06/investor-slides_May-2019_Q1-2019-update.pdf https://www.deutsche-boerse.com/resource/blob/4893824/0b5395e78c08a72201538c345c390aa5/data/presentation-aic-2026feb12-Q4-FY2025-de.pdf https://ir.seic.com/press-releases/detail/1020/sei-reports-fourth-quarter-2025-financial-results https://www.sec.gov/Archives/edgar/data/1866368/000186636826000011/cwan-20251231.htm https://www.sec.gov/Archives/edgar/data/1337619/000133761924000003/q4earningssupplement.htm https://valindex.ch/en/industry/fintech-wealthtech/ https://sacra.com/c/addepar/ https://www.temenos.com/press_release/temenos-announces-strong-preliminary-q4-and-fy25-results/ https://www.investor.fisglobal.com/static-files/78c9c3ff-4eed-45a9-b46d-0da941162468
