category,buyer,region,system_from,system_to,start_year,end_year,duration_months,cost_usd,outcome,source
agriculture-commodity,Archer-Daniels-Midland (ADM),US,Legacy ERP and IT systems across ADM's global operations (vendor not named in filings),"New worldwide ERP systems and IT platform upgrades, deployed in phases",2014,"ongoing (FY2024 10-K: no ERP deployments in 2024, upgrades to continue 'in phases over the next several years')",,,ongoing,https://www.sec.gov/Archives/edgar/data/7084/000000708415000005/adm-20141231x10k.htm (FY2014 10-K: corporate costs up due to 'enterprise resource planning project') ; https://www.sec.gov/Archives/edgar/data/7084/000000708425000011/adm-20241231.htm (FY2024 10-K)
agriculture-commodity,"CHS Inc. (US farmer-owned cooperative, grain and agronomy)",US,Key IT systems that CHS describes as 'legacy in nature',New enterprise-wide ERP system,2015,ongoing (FY2025 10-K expects implementation to continue 'for the next several years'),,,ongoing,https://www.sec.gov/Archives/edgar/data/823277/000082327715000024/chscp10k83115.htm (FY2015: multi-year ERP starts) ; https://www.sec.gov/Archives/edgar/data/823277/000082327719000036/chscp10k83119.htm (FY2018 material weaknesses linked to new ERP) ; https://www.sec.gov/Archives/edgar/data/823277/000082327725000038/chscp-20250831.htm (FY2025: changes in timeline and scope)
agriculture-commodity,"The Andersons, Inc. (grain merchandising and terminals)",US,Outdated system infrastructure (per the FY2011 10-K risk factor),New ERP system,2012,2020 (last 10-K that discusses the ERP project; completion never formally announced. FY2025 10-K describes a new systems roadmap),,,completed_late_or_over,https://www.sec.gov/Archives/edgar/data/0000821026/000119312512082031/d273427d10k.htm (began early 2012) ; https://www.sec.gov/Archives/edgar/data/0000821026/000082102617000008/ande2016123110-k.htm (FY2016: 'will be more expensive and take longer to fully implement than originally planned') ; https://www.sec.gov/Archives/edgar/data/821026/000082102626000010/ande-20251231.htm
agriculture-commodity,"USDA (AMS, FSA, FNS, FAS) and USAID: federal commodity purchasing and food aid",US,PCIMS (Processed Commodity Inventory Management System) and related legacy commodity systems,"WBSCM (Web Based Supply Chain Management), a COTS SAP ERP",2006,2011,60,,completed_late_or_over,"https://www.fsa.usda.gov/Internet/FSA_File/wbscm_update_0703.pdf (SRA team in 2006 replacing aging PCIMS) ; https://www.fsa.usda.gov/Internet/FSA_File/wbscm_external_1005t.txt (full go-live planned 30 Jun 2010. Programmers 'underestimated the complexity', so it went live with limited functionality) ; https://www.fsa.usda.gov/Internet/FSA_File/wbscm_external_1011t.txt (phased groups through Apr 2011; PCIMS kept running to close out transactions)"
agriculture-commodity,CBH Group (Co-operative Bulk Handling),AU,"Many in-house legacy systems for grain acquisition, pooling, trading and marketing","Eka CTRM (Eka.Agriculture platform, now Quoreka)",2010,2013,31,,completed_on_time,"https://www.1888pressrelease.com/australia-s-cbh-group-selects-eka-commodity-trading-software-pr-255054.html (selection 9 Nov 2010; 'replace many in-house legacy systems') ; https://quoreka.com/news/cbh-group-one-of-the-largest-grain-companies-in-australia-goes-live-with-eka (go-live announced by CEO Andy Crane; secondary listing dates it 12 Jun 2013). No schedule baseline was published, so 'on time' means no delay was reported."
agriculture-commodity,"Loc Troi Group (rice and agri-services, Upcom: LTG)",VN,Pre-existing fragmented systems with VAS accounting (not named),SAP S/4HANA with IFRS reporting (implementer Citek),2020,2021,8,,completed_on_time,https://nhipcaudautu.vn/doanh-nghiep/tap-doan-loc-troi-cong-bo-van-hanh-he-thong-quan-tri-erp-sap-s4hana-theo-chuan-muc-bao-cao-tai-chinh-quoc-te-ifrs-3338935/ (went live 4 Jan 2021 at HQ and 41 sites. The chairman says the project ran on schedule. Contract signed 7 May 2020 per https://baodauthau.vn/tap-doan-loc-troi-khoi-dong-trien-khai-erp-sap-s-4hana-post89122.html)
agriculture-commodity,Olam Agri,SG,Legacy on-premise ERP estate (not named in release),RISE with SAP S/4HANA Cloud Private Edition on AWS (partner Mindsprint),2024,ongoing,,,ongoing,https://news.sap.com/sea/2024/09/olam-agri-accelerates-ai-journey-with-rise-with-sap-on-aws/ (16 Sep 2024; no go-live date disclosed)
agriculture-commodity,Perum BULOG (Indonesian state food logistics agency: rice procurement and stocks),ID,Pre-ERP legacy and manual processes (not named),"Enterprise ERP (SISI, Semen Indonesia's IT subsidiary, did planning and supervision)",2018,2022,48,,completed_on_time,"https://sisi.id/stories/press-release/sisi-dukung-peningkatan-pengelolaan-bisnis-perum-bulog/ (27 Nov 2018 engagement) ; https://journal.ilmudata.co.id/index.php/RIGGS/article/view/1809 (BULOG has used ERP since 2022). No schedule baseline was published, so the outcome classification is weak."
agriculture-commodity,Mitr Phol Group (sugar),TH,Legacy on-premise SAP ERP (15+ year SAP relationship),"RISE with SAP (S/4HANA cloud ERP, clean core) plus SAP BTP and Integration Suite",2023,ongoing,,,ongoing,https://news.sap.com/sea/2023/12/mitr-phol-group-selects-rise-with-sap-to-future-proof-business/ (5 Dec 2023)
agriculture-commodity,"ADM Agriculture Ltd (UK grain, seed and fertiliser trading)",UK,Legacy trading platform that forced staff into workarounds,"Bespoke commodities trading platform (.NET Core, Angular, SQL Server, built by Audacia) integrated with NetSuite and Red Tractor",not disclosed,"not disclosed (live; 10.5M t/yr, 107,000 invoices/yr, rolled out to 16 countries)",,,completed_on_time,"https://audacia.co.uk/projects/adm-agriculture (vendor case study; no dates or schedule baseline, so the outcome classification is weak)"
agriculture-commodity,Albrecht & Dill Trading GmbH (Hamburg cocoa trader),EU,"Older third-party CTRM whose largest client had left, putting support at risk (it had replaced an MS-DOS product)",Agiboo Agiblocks CTRM,2018,2021,,,completed_on_time,"https://www.agiboo.com/albrecht-dill-trading-supports-agiblocks/ (28 Jun 2021 case study: first contact Sep 2017, joined just over three years before publication; vendor source, no delays reported)"
airline-pss,Southwest Airlines,US,Southwest legacy domestic reservation system (multiple reservation systems),"Amadeus Altéa PSS (international from July 2014, domestic from Dec 2016)",2014,2017,34,,completed_on_time,https://investors.southwest.com/news-events/press-releases/detail/604/southwest-airlines-completes-transition-to-amadeus-alta
airline-pss,Alaska Airlines / Hawaiian Airlines (Alaska Air Group),US,Hawaiian Airlines PSS on Amadeus,"Sabre PSS (Alaska's), single multi-brand platform; HA code retired",2024,2026,19,,completed_on_time,https://deeparrival.com/news/hawaiian-airlines-ha-code-retired-sabre-migration/ https://www.staradvertiser.com/2026/04/23/hawaii-news/alaska-hawaiian-shift-to-shared-passenger-service-system/
airline-pss,Air Canada,CA,Legacy IBM mainframe reservation system,Polaris reservation system from ITA Software (launch customer),2006,2009,36,61000000,cancelled_or_rolled_back,https://www.flightglobal.com/air-canada-puts-brakes-on-reservations-project/88534.article
airline-pss,Virgin Atlantic,UK,Previous Virgin Atlantic PSS (HP SHARES-hosted per press reports),AIR4 PSS built on Delta Air Lines' in-house PSS platform,2015,2017,24,,completed_on_time,https://www.futuretravelexperience.com/2017/04/virgin-atlantics-pss-migration-nears-completion/
airline-pss,ITA Airways,EU,Sabre PSS (inherited Alitalia setup),"Amadeus Altéa PSS, Digital Experience, NDC, revenue management",2022,2023,11,,completed_on_time,https://amadeus.com/en/newsroom/press-releases/ita-airways-selects-amadeus-technology-power-growth-strategy https://www.md80.it/2023/03/08/ita-airways-passa-alla-tecnologia-amadeus-di-ultima-generazione/ https://www.missionline.it/ita-airways-lascia-sabre-e-sceglie-la-tecnologia-di-amadeus/
airline-pss,Malaysia Airlines Berhad,MY,SITA PSS platform (in use about 10 years),"Amadeus Altéa PSS (reservations, inventory, DCS)",2016,2017,13,,completed_on_time,https://theedgemalaysia.com/article/malaysia-airlines-picks-amadeus-new-passenger-service-system https://airlinehubbuzz.com/malaysia-airlines-migrates-amadeus-reservation-system/
airline-pss,Air India,IN,SITA PSS (legacy product; contract ending June 2022),Amadeus Altéa PSS suite,2021,2022,15,,completed_on_time,https://simpleflying.com/air-india-amadeus-passenger-service-system/
airline-pss,Garuda Indonesia,ID,ARGA in-house reservation system (from 1990s),Amadeus Altéa Suite,2012,2013,14,,completed_on_time,https://www.asiatraveltips.com/news12/254-AmadeusAltea.shtml https://travmedia.com/showPRPreview/garuda-indonesia-implements-new-passenger-services-system
airline-pss,Vietnam Airlines,VN,Sabre-hosted PSS,Amadeus Altéa PSS plus Altéa NDC and Outpayce XPP,2023,2024,8,,completed_on_time,https://asianaviation.com/posts/amadeus-signs-pss-deal-with-vietnam-airlines https://www.vietnamairlines.com/us/en/vietnam-airlines/press-room/press-release/2024/0612-EN-Vietnam-Airlines-successfully-implemented-Amadeus-Altea-PSS
airline-pss,Bangkok Airways,TH,Previous Bangkok Airways PSS (vendor not named in sources),"Amadeus Altéa PSS (reservations, inventory, ticketing, DCS)",2018,2019,9,,completed_on_time,https://amadeus.com/en/newsroom/press-releases/bangkok-airways-partners-with-amadeus-to-make-everyday-journey-exceptional https://investor.bangkokair.com/en/newsroom/corporate-news/125576/bangkok-airways-to-shift-its-passenger-service-system-pss-to-amadeus-alt%C3%A9a-suite-to-enhance-passenger-experience
airline-pss,Virgin Australia,AU,Navitaire New Skies (Virgin Blue) and Amadeus Altéa (V Australia),SabreSonic CSS (Unify Program),2012,2013,11,37000000,completed_on_time,https://www.itnews.com.au/news/virgin-prepares-to-drop-navitaire-for-sabre-290637 https://www.itnews.com.au/news/virgin-australia-expands-sabre-software-deal-406796
airline-pss,All Nippon Airways (ANA),JP,In-house domestic PSS operating since 1988,Amadeus Altéa PSS (integrated domestic and international),2023,2026,40,,completed_on_time,https://www.anahd.co.jp/group/en/pr/202302/20230214-2.html https://www.anahd.co.jp/group/en/pr/202512/20251218.html
capital-markets-trading-clearing,ASX Limited,AU,"CHESS (Clearing House Electronic Subregister System, live since 1994)",DLT-based CHESS replacement (Digital Asset),2016,2022,78,165000000,cancelled_or_rolled_back,https://www.asic.gov.au/about-asic/news-centre/find-a-media-release/2026-releases/26-143mr-asx-ordered-to-pay-205-million-penalty-for-misleading-conduct-relating-to-chess-replacement-project
capital-markets-trading-clearing,ASX Limited,AU,CHESS clearing component,"TCS BaNCS Market Infrastructure on AWS (CHESS Release 1, clearing)",2023,2026,29,82000000,completed_on_time,https://www.asx.com.au/markets/clearing-and-settlement-services/chess-project/release-1-clearing
capital-markets-trading-clearing,Multi Commodity Exchange of India (MCX),IN,"63 moons (Financial Technologies) trading, clearing and settlement platform (since 2003)",TCS Commodity Derivatives Platform (CDP),2021,2023,32,,completed_late_or_over,https://www.moneylife.in/article/sebi-slaps-rs25-lakh-penalty-on-mcx-for-delay-in-disclosures-linked-to-63-moons-contract/77238.html
capital-markets-trading-clearing,Ho Chi Minh City Stock Exchange (HOSE),VN,Legacy HOSE trading system,KRX trading system (Korea Exchange),2012,2025,150,34700000,completed_late_or_over,https://vietnamnews.vn/economy/1717047/krx-system-officially-goes-live.html
capital-markets-trading-clearing,Options Clearing Corporation (OCC),US,"ENCORE core clearing, risk and data platform","Ovation (cloud-based near real-time clearing platform, Renaissance Initiative)",2019,,,,ongoing,https://www.fow.com/insights/3701031-the-occs-mike-hansen-and-karen-glad-from-encore-to-ovation
capital-markets-trading-clearing,Charles Schwab,US,TD Ameritrade brokerage and clearing platform (TD Ameritrade Clearing),Schwab brokerage platform (Charles Schwab & Co.),2020,2023,35,2200000000,completed_on_time,https://www.wealthmanagement.com/wealth-management-industry-trends/schwab-s-td-ameritrade-integration-won-t-be-complete-until-2023
capital-markets-trading-clearing,London Stock Exchange,UK,"TradElect (Accenture-built, live 2007)",Millennium Exchange (MillenniumIT),2009,2011,16,,completed_late_or_over,https://www.thetradenews.com/delayed-lse-millennium-exchange-migration-is-successful/
capital-markets-trading-clearing,Eurosystem (ECB and 4CB) with European CSDs,EU,"National CSD settlement engines (e.g. Monte Titoli, Euroclear ESES, Clearstream)",TARGET2-Securities (T2S),2008,2017,104,442000000,completed_late_or_over,https://www.ecb.europa.eu/press/intro/publications/html/t2s2014.en.html
capital-markets-trading-clearing,Singapore Exchange (SGX / CDP),SG,Legacy CDP securities settlement and depository system,"Millennium PostTrade securities settlement and depository system (T+2, DvP)",2016,2018,24,,completed_on_time,https://www.thetradenews.com/sgx-unveils-new-securities-settlement-system/
capital-markets-trading-clearing,Stock Exchange of Thailand and TFEX,TH,"Legacy SET/TFEX trading, market data and surveillance systems",Nasdaq-based new trading system (with market data and surveillance),2021,2023,28,,completed_on_time,https://www.set.or.th/en/market/information/trading-procedure/new-trading
capital-markets-trading-clearing,Bursa Malaysia,MY,NSC trading engine (NYSE Euronext),BTS2 on NASDAQ OMX X-Stream INET,2012,2013,12,,completed_on_time,https://theedgemalaysia.com/article/bursa-fast-track-launch-bts2
capital-markets-trading-clearing,Indonesia Stock Exchange (BEI/IDX),ID,"JATS (Jakarta Automated Trading System, in operation since 1995, now JATS-NextG)",Next-generation JATS (multi matching engine),2024,,,,ongoing,https://www.antaranews.com/berita/4354027/bei-bangun-jats-generasi-baru-ditargetkan-rilis-2026
card-payments-processing,JPMorgan Chase (Apple Card portfolio from Goldman Sachs),US,Goldman Sachs Apple Card issuing and servicing platform,Chase card issuing platform (Mastercard network retained),2026,2027-2028 (expected; up to 24 months),24,,ongoing,https://techcrunch.com/2026/01/07/jpmorgan-chase-becomes-the-new-issuer-of-the-apple-card/
card-payments-processing,"US Treasury Bureau of the Fiscal Service (Direct Express federal benefits prepaid card, ~3.4M cardholders)",US,Comerica Bank Direct Express program platform (since 2008),Fifth Third Bank Direct Express platform,2025,2027 (expected; Comerica agreed a 3-year transition extension in Nov 2024),,,ongoing,https://ir.53.com/news/news-details/2025/Fifth-Third-to-Manage-Direct-Express-Federal-Benefits-Program/default.aspx ; https://www.prnewswire.com/news-releases/comerica-bank-statement-on-direct-express-program-transition-302313277.html
card-payments-processing,Citibank (Costco co-brand card portfolio),US,American Express Costco co-brand card platform,Citi Costco Visa card platform,2015,2016,15,,completed_late_or_over,https://fortune.com/2016/06/22/costco-visa-american-express-2 (launch slipped from 1 Apr to 20 Jun 2016; card delivery and activation failures and hour-long service waits)
card-payments-processing,Virgin Money (UK credit card book acquired from MBNA),UK,MBNA (Bank of America) card processing,TSYS consumer credit processing (TS2),2014,2015,12,,completed_on_time,"https://www.fstech.co.uk/fst/Virgin_Money_TSYS_Payments.php ; https://www.seismi.net/clients/virgin-money-credit (platform live Nov 2014, 675,000+ cards migrated Mar 2015)"
card-payments-processing,Avida (Santander Nordic sales-finance and card portfolio),EU,Santander Consumer Nordic card platform,Enfuce cloud issuer processing,2025,2025,7,,completed_on_time,"https://ffnews.com/newsarticle/paytech/enfuce-and-avida-achieve-record-breaking-nordic-card-migration/ (556,039 credit cards + 94,009 instalment plans, Feb-Oct 2025, zero downtime)"
card-payments-processing,"Circle K (Nordic consumer card programme, SE/NO/DK)",EU,Legacy closed-loop card infrastructure (vendor not named),Enfuce cloud-native card platform,2026,not stated,,,ongoing,https://www.embeddedfinancereview.com/circle-k-migrates-400-000-nordic-consumer-cards-to-enfuce/
card-payments-processing,Axis Bank (Citibank India consumer business),IN,Citibank India card and banking platforms,Axis Bank card systems,2023,2024,16,,completed_on_time,https://www.axis.bank.in/docs/default-source/default-document-library/credit-cards/faqs-for-citi-axis-migration-credit-cards.pdf (all card relationships migrated by 15 Jul 2024; business transferred 1 Mar 2023)
card-payments-processing,UOB Malaysia (Citigroup Malaysia consumer business),MY,Citibank Malaysia card and banking platforms,UOB Malaysia systems,2022,2023 (system cutover 14-16 Jul 2023; replacement cards slipped to Q1 2024),9,,completed_late_or_over,https://ringgitplus.com/en/blog/bank-news/uob-shares-schedule-for-migration-of-citi-accounts-taking-place-between-14-to-16-july.html ; https://ringgitplus.com/en/blog/credit-card-news/uob-delays-delivery-of-replacement-credit-cards-for-citi-branded-cards-to-1q24.html
card-payments-processing,UOB Indonesia (Citigroup Indonesia consumer business incl. credit cards),ID,Citibank Indonesia card and banking platforms,UOB Indonesia systems,2022,2023,,,completed_on_time,https://www.banking-gateway.com/news/citigroup-indonesia-consumer-business-uob/ (acquisition and integration completed 20 Nov 2023)
card-payments-processing,UnionBank of the Philippines (Citi Philippines consumer business),PH,Citibank Philippines card and banking platforms,UnionBank core and card systems (newly built),2022,2024,20,,completed_late_or_over,"https://www.theasianbanker.com/updates-and-articles/unionbanks-citi-acquisition-grows-retail-assets-to-7.1-billion-in-2022 (planned for end-2023, within 18 months); completion 25 Mar 2024 per https://manilastandard.net/business/314427594/unionbank-set-to-finish-migration-of-citi-branded-accounts-on-march-25.html (headline seen in search; page not retrievable)"
card-payments-processing,National Australia Bank (Citi Australia consumer business and white-label cards),AU,Citi Australia card platform,New NAB card platform under the MyCard brand,2022,2025,41,,completed_late_or_over,"https://www.nab.com.au/customer-notices/citi-move-to-nab (cards moved 24 Nov 2025) ; https://www.capitalbrief.com/article/lessons-on-bank-ma-from-nabs-12b-citi-integration-5b401162-14df-4a5e-8291-1270c13426c2/ (2-3 year plan, A$375M total integration cost estimate)"
card-payments-processing,BIDV (Bank for Investment and Development of Vietnam),VN,Euronet Cadencie card core,OpenWay Way4 (FPT-OpenWay JV),2024,2025,18,,completed_on_time,"https://fpt-is.com/en/bidv-successfully-completes-migration-to-modern-way4-card-core-system/ (kicked off 10 May 2024, finished Nov 2025, three phases: switch, CMS, 2,000+ ATMs/CRMs and prepaid)"
construction-project-accounting,Kier Group plc,UK,Legacy group finance and operational systems (not named in source),Oracle ERP (group-wide),2014,2018,48,117000000,completed_late_or_over,https://www.constructionnews.co.uk/tech/progress-at-what-cost-24-10-2019/
construction-project-accounting,Balfour Beatty plc (UK construction),UK,Three versions of COINS plus two versions of Oracle 11i (about 400 general ledgers),Oracle E-Business Suite R12,2009,2015,,,completed_late_or_over,https://www.constructionnews.co.uk/tech/progress-at-what-cost-24-10-2019/
construction-project-accounting,Interserve plc,UK,Business-unit legacy finance systems (not named in source),Microsoft group-wide ERP,unknown,2017,,,cancelled_or_rolled_back,https://www.constructionnews.co.uk/tech/progress-at-what-cost-24-10-2019/
construction-project-accounting,"Worth & Company (mechanical contractor, Pennsylvania)",US,Legacy ERP (not named in source),"Oracle E-Business Suite plus Oracle Cloud Services (via EDREi Solutions, then Monument Data Solutions)",2015,2018,38,4500000,cancelled_or_rolled_back,https://www.theregister.com/2019/02/21/biz_sues_oracle/
construction-project-accounting,"De Martin & Gasparini (concrete placement contractor, Boral division)",AU,In-house legacy project accounting system in use since the 1980s,Jobpac by Viewpoint (now Trimble),2006,2006,6,,completed_on_time,https://cdn.featuredcustomers.com/CustomerCaseStudy.document/viewpoint-cs-jobpac-demartin-2018-final.pdf
construction-project-accounting,Coteccons Construction JSC,VN,Excel and standalone departmental software,FPT IS construction ERP on SAP S/4HANA,2021,2021,4,,completed_on_time,https://vnexpress.net/coteccons-dua-vao-van-hanh-he-thong-erp-chuyen-nganh-cua-fpt-is-4381244.html
construction-project-accounting,Kajima Malaysia,MY,Prior finance system (not disclosed),"SAP S/4HANA Public Cloud (FICO, MM, SD with project cost tracking)",unknown,2026,,,completed_on_time,https://www.tdiapj.com/kajima-malaysia-successfully-goes-live-with-sap-s-4hana-public-cloud/
construction-project-accounting,PT Wijaya Karya Beton Tbk (WIKA group),ID,Prior finance and HR systems (not specified),"SAP ERP (FI, CO, FM, HCM) via PT Soltius Indonesia",2023,2023,6,,completed_on_time,https://www.wika-beton.co.id/en/berita/luncurkan-erp-sap-wika-beton-gelar-sap-go-live/
cooperative-rural-microfinance-banking,The Co-operative Bank plc (UK),UK,"In-house core banking built in the 1970s, with product-silo add-ons",Infosys Finacle (Enterprise Platform replatforming); cancelled,2008,2013,60,470000000,cancelled_or_rolled_back,https://assets.ctfassets.net/5ywmq66472jr/3LpckmtCnuWiuuuEM2qAsw/9bc99b1cd941261bca5d674724873deb/kelly-review.pdf (Kelly Review ch.7: Finacle selected Q3 2008; first estimate GBP184M; GBP349M spent when full cost reached about GBP950M; re-scoped to GBP663M; cancelled Q2 2013; added almost GBP300M (about USD470M) to the capital shortfall)
cooperative-rural-microfinance-banking,Credit Agricole regional banks (39 Caisses regionales),EU,"Five separate IT platforms run by GIEs (AMT, Atlantica, Comete, Exa, Synergie)",NICE single unified information system (CA Technologies / CA Services),2009,2013,54,665000000,completed_on_time,"https://www.cio-online.com/actualites/lire-le-credit-agricole-lance-son-nouveau-si-unifie-4103.html (EUR500M budget, 39 caisses, five legacy GIE platforms); last regional migration Nov 2013 per lemondeinformatique/moneyvox search results"
cooperative-rural-microfinance-banking,"German Volksbanken and Raiffeisenbanken (341 banks via Atruvia, formerly Fiducia & GAD IT)",EU,Two legacy cooperative-bank IT platforms from the Fiducia and GAD merger,Atruvia agree21 (single platform),2017,2020,36,,completed_on_time,https://atruvia.de/pressemitteilungen/17-02-2020-nach-drei-jahren-serienmigration-nutzen-jetzt-alle-volks-und-raiffeisenbanken-ein-gemeinsames-it-verfahren
cooperative-rural-microfinance-banking,Pennsylvania State Employees Credit Union (PSECU),US,Jack Henry Symitar (per trade-press search results),Corelation KeyStone,2017,2018,14,,completed_on_time,"https://financialit.net/news/infrastructure/corelation-signs-psecu-keystone-platform (signed Jul 2017, $5B, 429K members); https://creditunions.com/features/4-tipping-points-for-a-core-conversion/ (two-year conversion process, live on KeyStone)"
cooperative-rural-microfinance-banking,"PeoplesBank (mutual bank, Holyoke MA, $4.3B assets)",US,Legacy 1980s-era core (vendor not named),Nymbus Core,2024,2025,,,completed_on_time,"https://finance.yahoo.com/news/peoplesbank-becomes-largest-u-community-130000140.html (live 22 Jun 2025, 24 hours ahead of schedule)"
cooperative-rural-microfinance-banking,"State Employees' Credit Union (North Carolina, $59B, 2.9M members)",US,Collection of legacy in-house systems,Corelation KeyStone,2026,,,,ongoing,"https://www.cubroadcast.com/news/industry-reports-corelation-lands-a-transformational-win-with-secu (signed May 2026, multi-year plan)"
cooperative-rural-microfinance-banking,"Primary Agricultural Credit Societies (79,630 PACS sanctioned, via NABARD and Ministry of Cooperation)",IN,Manual ledgers and disparate state-level PACS software,"Common national ERP for PACS linked to DCCBs, StCBs and NABARD",2022,2027,60,345000000,ongoing,"https://www.cooperation.gov.in/sites/default/files/2026-01/USQ%20322%20English.pdf (outlay Rs2,925.39 crore; 60,424 PACS onboarded on ERP as of Dec 2025)"
cooperative-rural-microfinance-banking,"Bank for Agriculture and Agricultural Cooperatives (BAAC), Thailand",TH,Previous BAAC core (not named),FIS Profile (via distributor TNFIS),not disclosed,2013,,,completed_on_time,"https://www.yahoo.com/entertainment/2013-02-28-bank-for-agriculture-and-agricultural-co-operative.html (FIS release 28 Feb 2013: 29M accounts converted, 1,104 branches)"
cooperative-rural-microfinance-banking,"Bank Kerjasama Rakyat Malaysia (Bank Rakyat, cooperative bank)",MY,"Silverlake Symmetri core (per appsruntheworld, secondary)",CoBRa core (Silicon IT Solutions COBRA),not disclosed,2020,,,completed_on_time,"https://www.bernama.com/en/news.php/?id=1880269 (cutover 9-12 Oct 2020); post-go-live customer complaints reported by malaysiapost.com.my, Nov 2020"
cooperative-rural-microfinance-banking,MoveBank (Queensland mutual bank),AU,Ultradata core,Constantinople hosted cloud core (AWS),2025,2026,18,,completed_on_time,https://www.cxnpl.com/case-studies/movebank (18 months to launch; full retail migration)
cooperative-rural-microfinance-banking,"PT BPR Sinar Garuda Prima (SIGAP), Magelang",ID,Previous BPR core (not named),"Teradata CBS (PT Teradata Megah, Indonesian BPR vendor)",2025,2026,10,,completed_on_time,https://teradata.co.id/index.php/implementasi-core-banking-sistem-di-bpr-sinar-garuda-prima-sigap/ (migration from Aug 2025; live in all offices 17 Jun 2026)
cooperative-rural-microfinance-banking,Philippine rural banks in the BSP Rural Bank Strengthening Program,PH,Legacy on-premise rural-bank core systems,SaaS cloud core banking (BSP-funded subscription),2026,,42,,ongoing,"https://fintechnews.ph/73196/cloud/bsp-rural-banks-cloud-core-banking/ (BSP Memorandum M-2026-042, 12 Aug 2026: implementation of up to 6 months plus a 36-month subscription)"
core-banking,Commonwealth Bank of Australia,AU,"In-house legacy deposit, transaction and home-loan systems dating from the 1960s (40-45 years old)",SAP core banking (NetWeaver) with Accenture as integrator,2008,2012,54,1030000000,completed_late_or_over,https://www.itnews.com.au/news/commbank-declares-core-bank-overhaul-complete-321165 (complete Oct 2012 after 'five years and over $1 billion'); https://www.itnews.com.au/news/commonwealth-bank-to-invest-580-million-on-it-refresh-109632 (announced 30 Apr 2008 at A$580M over four years)
core-banking,TSB Bank plc,UK,"Lloyds Banking Group platform (carve-out, hosted by LBG)",Proteo4UK (Banco Sabadell / SABIS),2015,2018,33,,completed_late_or_over,"https://www.fca.org.uk/publication/final-notices/tsb-bank-plc-2022.pdf (2015-2018 programme; Main Migration Event 20-22 April 2018; about 5.2M customers; FCA penalty GBP29.75M, plus PRA, GBP48.65M in total)"
core-banking,The Co-operative Bank (UK),UK,"Core banking system built in the 1970s, plus Britannia Building Society systems after the 2009 merger",Infosys Finacle (Enterprise Platform replatforming),2008,2013,57,545000000,cancelled_or_rolled_back,"https://assets.ctfassets.net/5ywmq66472jr/3LpckmtCnuWiuuuEM2qAsw/9bc99b1cd941261bca5d674724873deb/kelly-review.pdf (Kelly Review, Apr 2014: Finacle selected Q3 2008, paused Q2 2012, cancelled 2013; GBP349M already spent against an estimate of about GBP950M to finish)"
core-banking,Zions Bancorporation,US,"Legacy core loan and deposit systems across affiliate banks (Zions Bank, California Bank & Trust, Vectra)",TCS BaNCS (FutureCore project),2013,2024,132,296000000,completed_late_or_over,"https://www.sec.gov/Archives/edgar/data/109380/000010938024000119/exh991earningsrelease20240.htm (deposit conversion July 2024 marks 'substantive completion'); https://www.sec.gov/Archives/edgar/data/109380/000010938023000155/zions-20230630.htm ($296M capitalized, net of depreciation, across three phases); https://www.sec.gov/Archives/edgar/data/109380/000010938014000042/exhibit_991.htm (FutureCore in the Feb 2014 investor deck)"
core-banking,Deutsche Bank / Postbank (Project Unity),EU,"Postbank legacy IT platform (Postbank Systems, run by TCS from 2020)",Deutsche Bank's German retail IT platform,2020,2023,,,completed_late_or_over,"https://www.cio.de/article/3696908/it-umzug-von-postbank-kunden-abgeschlossen.html (fourth and final wave 3 July 2023; about 19M contracts of about 12M Postbank customers); https://www.itpro.com/business/digital-transformation/deutsche-bank-wraps-up-postbank-it-integration-after-bug-laden-migrations (outages during the waves); https://www.bafin.de/SharedDocs/Veroeffentlichungen/EN/Verbrauchermitteilung/weitere/2023/meldung_2023_10_02_Deutsche_Bank_Postbank_en.html (BaFin special representative, 29 Sep 2023). The 2020 start year rests on secondary reporting."
core-banking,Deutsche Bank (Private Bank Germany),EU,Fragmented legacy retail cores (15 systems to be consolidated to two),Thought Machine Vault Core (10-year global licence),2026,2027+,,,ongoing,"https://www.thoughtmachine.net/press-releases/deutsche-bank (announced 27 Aug 2026; testing by end-2026, phased product migration from 2027)"
core-banking,Flagstar Bank,US,Two cores: Fiserv DNA and an FIS core,Fiserv Finxact (Flagstar S2 Platform),2026,2028,,,ongoing,https://www.bankingdive.com/news/flagstar-bank-fiserv-finxact-cloud-native-core-tech-modernization/828477/ (picked from 12 candidates in Aug 2026; migrations in summer 2027 and summer 2028; $40-45M annual savings expected)
core-banking,Kasikornbank,TH,"Safeii (COBOL, about 30 years in service)",FIS Profile real-time core (deposits),2010,2015,54,,completed_on_time,"https://www.blognone.com/node/72423 (Sep 2015 interview: core work ran 4-5 years inside the 10-year KT programme, which cost about THB30bn; cutover July 2015 on plan); https://www.retailbankerinternational.com/news/thailands-kasikornbank-taps-fis-for-real-time-core-banking-060814-4335488/ (FIS Profile deal, Aug 2014)"
core-banking,State Bank of India (and associate banks),IN,Branch-level decentralised banking systems,TCS BaNCS centralised core banking,2002,2008,72,,completed_on_time,"https://itsankur.wordpress.com/2009/10/07/state-bank-of-india-indias-largest-bank/ (summarises the TowerGroup case study: first 3,300 branches done two months ahead of schedule, all 14,600+ branches and about 140M accounts by 2008)"
core-banking,National Australia Bank (NextGen),AU,"About 100 legacy systems, some with 30-40-year-old undocumented code",Oracle Banking Platform (NextGen; UBank migrated 2012; personal-lending originations national by Sep 2016),2008,2016,96,,completed_late_or_over,https://www.itnews.com.au/news/nabs-better-late-than-never-tech-refresh-335247 (announced 2008 with a 5-year target; by 2013 legacy migration was running 4-5 years late); https://www.itnews.com.au/news/nab-nears-finish-line-in-core-banking-overhaul-437786 (2016 status)
courts-justice,Judicial Council of California / Administrative Office of the Courts,US,Mixed local superior-court case management systems (interim CCMS V2/V3 at 7 courts),"California Court Case Management System (CCMS V4), statewide for 58 superior courts",2003,2012,108,407000000,cancelled_or_rolled_back,https://information.auditor.ca.gov/reports/summary/2010-102 ; https://www.pcworld.com/article/469476/california_scraps_massive_courts_software_project.html (estimate grew from $260M in 2004 to $1.9B in 2010; $407M spent by June 2010; Judicial Council halted V4 deployment in March 2012)
courts-justice,"Lord Chancellor's Department (now HMCTS), magistrates' courts of England and Wales",UK,Fragmented legacy magistrates' court systems,Libra (ICL/Fujitsu infrastructure PFI plus STL core case management application),1998,2003,,477000000,completed_late_or_over,https://www.nao.org.uk/reports/new-it-systems-for-magistrates-courts-the-libra-project/ (£146M bid in 1998 rose to £318M by 2002; core application missed its July 2001 deadline; more than 10 years in development by Jan 2003. Cost converted at about $1.50/£)
courts-justice,HM Courts & Tribunals Service,UK,Libra (magistrates') and Xhibit (Crown Court) legacy systems,Common Platform and the HMCTS reform programme (44 projects),2016,2025,102,1650000000,completed_late_or_over,https://www.publictechnology.net/2025/03/25/public-order-justice-and-rights/hmcts-wraps-up-quiet-revolution-of-3bn-digital-reform-programme/ ; https://www.nao.org.uk/reports/progress-on-the-courts-and-tribunals-reform-programme/ (originally a 4-year programme ending about 2022; finished 2025; £1.3B implementation budget converted at about $1.27/£; Common Platform pushed to March 2025)
courts-justice,"Clerk of the Circuit Court of Cook County, Illinois",US,Mainframe case management system more than 40 years old,Tyler Technologies Odyssey Case Manager,2017,2022,68,48000000,completed_late_or_over,"https://www.injusticewatch.org/judges/court-administration/2025/costs-triple-delays-mount-in-tyler-technologies-contracts/ ($36.5M contract in April 2017, $48M authorized through 2027; traffic division went live Dec 2022, 18 months late; county paid $59M more to keep data on the mainframe)"
courts-justice,Court Services Victoria (Magistrates' and Children's Courts),AU,"Courtlink mainframe and other case management systems, some 30 years old",Journal Technologies eCourt case management system,2019,ongoing,,61500000,ongoing,"https://www.itnews.com.au/news/court-services-victoria-picks-journal-technologies-for-89m-project-528588 ; https://courts.vic.gov.au/projects/case-management-system-project (A$89.2M contract signed July 2019, rollout planned mid-2021; civil and child protection live, criminal portal launched 2026; converted at about US$0.69/A$)"
courts-justice,NSW Attorney General's Department / Department of Justice,AU,"Separate legacy registry systems in the Supreme, District and Local Courts","JusticeLink (KAZ Group / Telstra, later Fujitsu)",2001,2010,108,50000000,completed_late_or_over,"https://www.itnews.com.au/news/nsw-sees-value-in-slow-costly-it-projects-240450 ; https://www.itnews.com.au/news/justicelink-to-unify-nsw-courts-98567 (A$30.6M budget for 2006 completion grew to A$54.5M by June 2010, about 4 years late; converted at about US$0.92/A$)"
courts-justice,German Länder justice administrations (16 states) via the GeFa project,EU,"JUDICA, EUREKA, EUREKA-Fach, forumSTAR, web.sta, MESTA, GO§A","GeFa (Gemeinsames Fachverfahren), one shared court and prosecution case system",2017,2030 (target),,,ongoing,https://www.bmjv.de/DE/themen/digitales/digitalisierung_justiz/digitalisierungsinitiative/laendervorhaben/_doc/artikel_vorhaben_02_gefa.html (work began 2017; first civil pilot in Baden-Württemberg Q4 2024; staged rollout to all Länder by 2030)
courts-justice,Administrative Office of the US Courts (federal judiciary),US,"CM/ECF (Case Management/Electronic Case Files), in use nearly three decades","New judiciary-wide case management system (agile build, pathfinder pilots)",2025,ongoing,,,ongoing,https://www.uscourts.gov/data-news/judiciary-news/2026/03/10/judges-outline-accelerated-modernization-case-management-system (development underway in 2025; 6 pathfinder courts testing in 2026; accelerated because of 'acute and persistent risk' to CM/ECF; district courts first)
courts-justice,Hawaii State Judiciary,US,"HAJIS and DC Crim (IBM mainframe, Adabas/Natural/COBOL-CICS), JUSTIS (AS/400)",JIMS (Judiciary Information Management System) on the Court Contexte COTS base,2003,ongoing,,,ongoing,https://www.courts.state.hi.us/docs/financial_svcs/Solicitations/RFPs/technical_consulting/Org_Case_Mgmt_Sys.pdf (effort began 1999; contract 2003; traffic live Nov 2005; original vendor contract terminated 2007; appellate 2010; district criminal Aug 2012; circuit criminal (HAJIS) requirements only starting Jan 2015)
courts-justice,"Government of India, Department of Justice and eCommittee of the Supreme Court (NIC as builder)",IN,"eCourts Case Information System (CIS) from Phases I and II, plus paper case records","eCourts Phase III unified cloud platform (digitised records, cloud, 1,150 virtual courts, AI and OCR)",2023,2027 (planned),48,870000000,ongoing,"https://www.livelaw.in/top-stories/union-cabinet-approves-ecourts-phase-iii-for-4-years-237727 (Union Cabinet approved Sept 2023: Rs 7,210 crore over 4 years, incl. Rs 1,205 crore for cloud; converted at about Rs 83/$)"
ehr-hospital,US Department of Veterans Affairs (EHR Modernization),US,VistA / CPRS (in-house MUMPS),Oracle Health (Cerner Millennium) federal EHR,2018,,,49800000000,ongoing,https://www.gao.gov/products/gao-25-106874 (IDA 2022 life-cycle estimate of $49.8B: $32.7B implementation plus $17.1B sustainment. Deployments paused April 2023 to December 2024. Oracle contract ends May 2028.)
ehr-hospital,US Department of Defense (Military Health System),US,"DoD legacy inpatient, outpatient and dental EHR systems",MHS GENESIS (Oracle Health / Cerner via Leidos Partnership for Defense Health),2015,2024,104,5500000000,completed_late_or_over,https://www.gao.gov/assets/870/868847.pdf (contract July 2015; deployment completed March 2024) and https://www.gao.gov/assets/gao-22-104521-highlights.pdf ($5.5B contract award; last wave planned for December 2023; GAO found the cost estimate unreliable)
ehr-hospital,NHS England (Department of Health) National Programme for IT,UK,Trust-level legacy PAS and clinical systems,"Centrally procured care records systems (CSC Lorenzo, BT/Cerner, Fujitsu)",2002,2011,108,15700000000,cancelled_or_rolled_back,"https://www.theregister.com/2013/08/22/nhs_national_programme_for_it_10_billion_pounds/ (approved 2002, scrapped September 2011, about GBP 10.1bn total, converted at about 1.55 USD/GBP)"
ehr-hospital,Capital Region of Denmark and Region Zealand (Sundhedsplatformen),EU,Several outdated hospital IT systems (dictation plus secretary-transcribed records),Epic (Sundhedsplatformen),2013,2017,47,420000000,completed_late_or_over,"https://cdn.rigsrevisionen.dk/rigsrevisionen/Media/7/7/17-2017.pdf (Rigsrevisionen report 17/2017: about DKK 2.8bn, converted at about 6.7 DKK/USD. Epic contract December 2013, first rollout May 2016. Hospital activity kept falling 18+ months after rollout and the benefits were not realised.)"
ehr-hospital,Helsinki region and HUS (Oy Apotti Ab),EU,"Separate legacy patient and client systems in specialised care, primary care and social care",Epic (Apotti),2012,2022,126,440000000,completed_late_or_over,https://www.apotti.fi/en/apotti/frequently-asked-questions/ (program started 2012; EUR 407M investment cost; first go-live at HUS Peijas end of 2018; program phase ended autumn 2022)
ehr-hospital,"Queensland Health (integrated electronic medical record, ieMR)",AU,Paper charts plus the HBCIS patient administration system,Cerner Millennium ieMR,2011,,,650000000,ongoing,"https://www.qao.qld.gov.au/sites/default/files/reports/digitising-public-hospitals_0.pdf (QAO Report 10: 2018-19: 2016 business case A$612.9M for 25 hospitals plus a forecast A$256.8M extra, about A$870M, converted at about 0.75)"
ehr-hospital,Queensland Health (HBCIS replacement),AU,HBCIS patient administration system (about 1990; vendor support ended 2015),"New PAS (restricted tender to five multinationals, October 2018)",2013,2019,,,cancelled_or_rolled_back,https://www.itnews.com.au/news/qld-health-risks-patient-admin-system-failure-after-halting-overhaul-534656 (procurement halted in 2019 after conflict-of-interest allegations; expected cost above A$200M)
ehr-hospital,"Singapore MOH / Synapxe (NGEMR) for NUHS, NHG and SingHealth",SG,Cluster EMRs built since 1998 (about 90 legacy systems at NHG and NUHS; Altera Sunrise at SingHealth),Epic (Next Generation EMR),2018,2028,,1100000000,ongoing,https://www.moh.gov.sg/newsroom/projected-expenditure-for-new-next-generation-electronic-medical-record-system-and-impact-on-healthcare-costs/ (S$1.5B over 10 years; NUHS and NHG done July 2024; SingHealth late 2026 to 2028) and https://www.synapxe.sg/blog/national-programmes/first-healthcare-cluster-to-onboard-the-next-generation-electronic-medical-record-ngemr (NUHS go-live 26 Feb 2022)
ehr-hospital,Mayo Clinic (Plummer Project),US,Cerner and GE Healthcare EHR and revenue-cycle systems,Epic,2015,2018,45,1500000000,completed_on_time,"https://www.hcinnovationgroup.com/finance-revenue-cycle/news/13028904/mayo-clinic-kicks-off-15b-epic-ehr-rollout ($1.5B; Epic chosen 2015; Arizona and Florida go-lives scheduled for October 2018, the final go-lives)"
ehr-hospital,NSW Health (Single Digital Patient Record),AU,"9 EMR systems, 6 patient administration systems and 5 pathology LIS (incl. Cerner)",Epic on AWS (SDPR),2023,2028,,640000000,ongoing,"https://www.itnews.com.au/news/nsw-969m-single-digital-patient-record-at-risk-of-cost-overruns-622072 (A$969M, converted at about 0.66; the NSW Audit Office warned integration costs were left out; full deployment by 2028)"
ehr-hospital,Ministry of Health Malaysia (national hospital EMR),MY,"Mostly paper, plus THIS (Cerner), iSoft, Fisicien, Profdoc and in-house PMS in 35 of 145 hospitals","Off-the-shelf, subscription cloud EMR (vendors not named)",2019,,,360000000,ongoing,"https://theedgemalaysia.com/article/electronic-medical-record-system-cost-putrajaya-rm15b (2019: up to RM1.5bn, converted at about 4.15, over 3-5 years) and https://codeblue.galencentre.org/2025/02/moh-to-deploy-off-the-shelf-cloud-emr-systems-across-public-health-facilities/ (2025: only 14% of hospitals had EMR; target 2028)"
ehr-hospital,Klinikum Stuttgart,EU,SAP IS-H and Cerner/Oracle i.s.h.med,Avelios Medical cloud hospital platform,2026,,,,ongoing,https://www.klinikum-stuttgart.de/aktuell-im-klinikum/presse/presseinformationen/detail/klinikum-stuttgart-setzt-auf-avelios-als-krankenhausplattform-der-zukunft (decision 5 Aug 2026 to replace the whole SAP IS-H and i.s.h.med landscape)
erp-distribution,FoxMeyer Drug (5th-largest US drug wholesaler),US,"In-house legacy order and warehouse system (handled about 420,000 orders/day)","SAP R/3 plus an automated warehouse (Andersen Consulting integrator), Delta III project",1993,1996,35,100000000,completed_late_or_over,https://cdn.website-editor.net/25dd89c80efb48d88c2c233155dfc479/files/uploaded/Foxmeyer%2520Case%2520study.pdf
erp-distribution,W.W. Grainger,US,Legacy branch and distribution-center systems (not named in source),SAP R/3,unknown (go-live spring 1999),2000,,,completed_late_or_over,https://www.computerworld.com/article/1368550/erp-woes-cut-grainger-profits.html
erp-distribution,Ingram Micro (Australia rollout of global program),AU,In-house legacy system developed in the late 1980s,SAP ERP (Accenture as integrator in Australia),2008,2011,,,completed_late_or_over,https://www.computerworld.com/article/1446221/sap-project-woes-impact-ingram-micro-s-profits.html ; https://www.sec.gov/Archives/edgar/data/1018003/000119312511284311/d247441dex991.htm
erp-distribution,ScanSource,US,Legacy distribution ERP,"Microsoft Dynamics AX (Avanade integrator), abandoned. SAP was later chosen in Dec 2013 (Europe live Feb 2015).",2008,2013,59,28200000,cancelled_or_rolled_back,https://www.sec.gov/Archives/edgar/data/0000918965/000091896513000026/scsc630201310k.htm
erp-distribution,Avnet (Electronics Marketing Americas),US,Legacy EM Americas ERP,New ERP (vendor not named in the filing),unknown (go-live Q4 FY2016),2016,,,completed_late_or_over,https://www.sec.gov/Archives/edgar/data/0000008858/000000885816000033/avt-20160810ex99152699c.htm
erp-distribution,Travis Perkins (builders merchant),UK,"45-year-old in-house green-screen merchant ERP (mainframe, 1980s heritage)","Infor CloudSuite M3 (24,000 users), halted. Oracle Fusion Financials was chosen in 2021 for finance only.",2016,2019,41,138000000,cancelled_or_rolled_back,https://www.theregister.com/off-prem/2021/10/06/travis-perkins-opts-for-oracle-after-infor-erp-disaster/1380223
erp-distribution,"Sligro Food Group (foodservice wholesaler, Antwerp site)",EU,Sligro's existing in-house wholesale platform (used in the Netherlands),SAP-based ERP (went live in Antwerp Nov 2022; the rollout was halted and Belgium moved back to an adapted version of the existing platform in 2023),unknown (go-live Nov 2022),2023,,,cancelled_or_rolled_back,https://sligrofoodgroup.nl/sites/default/files/inline-files/Press%20release%20annual%20figures%202023_0.pdf
erp-distribution,Metcash (Project Horizon),AU,Legacy food and liquor wholesale ERPs (nine ERP systems group-wide),Microsoft Dynamics 365 Finance and Supply Chain Management (KPMG and Microsoft),2021,ongoing (first deployment planned Q4 CY2026),63,,ongoing,https://www.itnews.com.au/news/metcash-signs-up-to-new-microsoft-supply-chain-platform-587792 ; https://www.itnews.com.au/news/metcash-hardens-existing-erp-as-it-rejigs-modernisation-path-597349 ; https://www.metcash.com/wp-content/uploads/2026/06/Metcash-Limited-FY26-Results.pdf
erp-distribution,Wesco International,US,Mix of legacy backend systems across Wesco and Anixter businesses,"Modernised backend, ecommerce and supply-chain platforms ($500M enterprise transformation)",2021,ongoing,,500000000,ongoing,https://www.digitalcommerce360.com/2025/02/12/wesco-500-million-digital-transformation-plans/
erp-distribution,"Zuellig Pharma (pharma distributor, 13 Asian markets)",SG,On-premise SAP ERP (ECC),SAP S/4HANA on Microsoft Azure (T-Systems),2018,2018,10,,completed_on_time,https://www.t-systems.com/id/en/success-stories/cloud-and-infrastructure/zuellig-pharma-public-cloud-for-sap-hana
erp-manufacturing,Bridgestone Americas (North American tire operations),US,Legacy order-to-cash and invoicing systems (not named in sources),"SAP order-to-cash, implemented by IBM",2010,2012,24,78000000,completed_late_or_over,https://upperedge.com/erp-program-management/bridgestone-vs-ibm-judge-says-lets-get-it-on/ ; https://spectrum.ieee.org/these-lawsuits-expose-it-failures-many-fathers ; https://www.tirereview.com/ibm-responds-to-bridgestone-s-suit/
erp-manufacturing,MillerCoors,US,Legacy brewery systems (not named in sources),"SAP ERP, implemented by HCL",2013,2016,30,62600000,completed_late_or_over,https://www.computerworld.com/article/1667962/millercoors-seeks-100m-in-damages-from-it-contractor.html ; https://www.techtarget.com/searcherp/news/252454237/MillerCoors-ERP-lawsuit-begins-harshly-ends-softly
erp-manufacturing,"Revlon (Oxford, North Carolina plant and US operations)",US,Pre-SAP legacy systems (not named in the 10-K),SAP ERP,not disclosed,2018,,,completed_late_or_over,https://www.sec.gov/Archives/edgar/data/890547/000089054719000003/rcpc201810-k.htm
erp-manufacturing,The Clorox Company,US,About 20-year-old legacy ERP,SAP S/4HANA Cloud,2021,2025,48,580000000,completed_late_or_over,https://www.ciodive.com/news/clorox-erp-overhaul-sales-dip-first-quarter-earnings/804663/
erp-manufacturing,Lamb Weston (North America),US,Decades-old legacy ERP,SAP,2024,2026 (planned completion),,,ongoing,https://www.supplychaindive.com/news/lamb-weston-erp-enterprise-resource-planning-transition/704963/ ; https://www.sec.gov/Archives/edgar/data/1679273/000167927324000036/lw-20240526.htm
erp-manufacturing,Haribo (16 factories in 10 countries),EU,"Regional legacy ERPs, some dating from the 1980s",SAP S/4HANA,2018,2018,,,completed_late_or_over,https://www.panorama-consulting.com/haribo-erp-failure/
erp-manufacturing,Spectris plc / Malvern Panalytical,UK,Legacy ERP (not named),New global ERP (vendor not named),not disclosed,2024,,,completed_late_or_over,https://www.investegate.co.uk/announcement/rns/spectris--sxs/trading-update/8266570
erp-manufacturing,Steel Authority of India Ltd (SAIL),IN,Plant-level legacy IT systems,SAP ERP,2009,not complete as of the 2025 CAG audit,,,ongoing,https://www.tribuneindia.com/news/business/cag-report-on-inventory-management-in-sail-tabled-in-parliament/
erp-manufacturing,Bega Cheese (Project One),AU,"Infor System21 (IBM i) and Infor Baan, both late-1990s",Infor M3 Food & Beverage (SaaS),2016,2019,38,,completed_late_or_over,https://www.itnews.com.au/news/bega-cheese-chases-single-erp-437008 ; https://begagroup.com.au/bega-cheese-limited-1h-fy2020-result/
erp-manufacturing,Crane Group Ltd,AU,Legacy systems (not named),PeopleSoft EnterpriseOne (JD Edwards),2001,2004,42,49000000,completed_late_or_over,https://www.computerworld.com/article/1708514/australian-firm-wrestles-with-erp-delays-11-5m-overrun.html
field-service-maintenance,"US Air Force (Expeditionary Combat Support System, ECSS)",US,"200+ legacy logistics, supply and maintenance systems",Oracle COTS ERP (ECSS),2005,2012,94,1100000000,cancelled_or_rolled_back,https://en.wikipedia.org/wiki/Expeditionary_Combat_Support_System ; https://hsgac.senate.gov/subcommittees/investigations/library/files/report_-air-forces-expeditionary-combat-support-system-ecss-program
field-service-maintenance,US Marine Corps (Global Combat Support System-Marine Corps),US,"MIMMS / PC-MIMMS (maintenance management), SASSY, ATLASS (about 40 years in service)",Oracle E-Business Suite (GCSS-MC),2003,2013,120,1100000000,completed_late_or_over,https://www.pcworld.com/article/469601/watchdog_agency_report_shows_beleaguered_state_of_us_military_software_projects.html ; https://www.logtool.com/toolbox/gcss-mc-global-combat-support-system-marine-corps
field-service-maintenance,"City of San Diego (Public Utilities, Transportation & Storm Water) - I AM San Diego",US,"SWIM, EMPAC and PSTools legacy maintenance management systems",SAP ERP Enterprise Asset Management (Deloitte as SI),2013,2018,57,40000000,completed_late_or_over,https://www.sandiego.gov/sites/default/files/legacy/fm/annual/pdf/fy14/vol3/v3publicutilities.pdf ; https://docs.sandiego.gov/councilcomm_agendas_attach/2016/Infra_160316_3.pdf ; https://www.sandiego.gov/sites/default/files/fy19ab_v2infrastructure.pdf
field-service-maintenance,Dutch Ministry of Defence (SPEER programme),EU,"Many legacy materiel-logistics and maintenance systems, some over 40 years old",SAP ERP for materiel and finance (ERP M&F),2005,2013,108,1200000000,completed_late_or_over,https://zoek.officielebekendmakingen.nl/blg-269100.pdf ; https://www.computable.nl/artikel/nieuws/erp/4976173/250449/rekenkamer-speer-kost-defensie-900-miljoen.html
field-service-maintenance,Danish Defence (DeMars),EU,"70 legacy central and local defence IT systems, including materiel management","SAP R/3 (DeMars), IBM as integrator",1997,2002,66,139000000,completed_late_or_over,https://www.version2.dk/artikel/tidslinje-faa-overblikket-over-forsvarets-erp-kaos-her ; https://www.rigsrevisionen.dk/revisionssager-arkiv/2005/nov/beretning-om-forsvarets-anskaffelse-og-ibrugtagning-af-it-systemet-demars
field-service-maintenance,Network Rail (ORBIS asset information programme),UK,Paper and Victorian-era asset records plus disparate legacy asset databases,"Ellipse-centred asset data store, RINM network model and mobile field apps (Fieldreach-based)",2011,2019,90,500000000,completed_on_time,https://www.railengineer.co.uk/orbis-an-unsung-but-unqualified-success/ ; https://www.orr.gov.uk/sites/default/files/om/amcl-irr-ais-phase2.pdf
field-service-maintenance,"Australian Department of Defence (ERP Program, Tranche 1 replaces MILIS)",AU,MILIS (Military Integrated Logistics Information System) and hundreds of separate Defence ICT applications,SAP S/4HANA,2016,2030 (planned),,2350000000,ongoing,https://www.anao.gov.au/work/performance-audit/defence-administration-enabling-services-enterprise-resource-planning-program-tranche-1 ; https://www.canberratimes.com.au/story/8762823/defence-erp-overhaul-blows-out-to-35b-in-latest-it-bungle/
field-service-maintenance,"Indian Air Force (e-Maintenance Management System, e-MMS)",IN,Paper-based maintenance records kept for 89 years,"e-MMS (Wipro as system integrator), 170 sites, 70,000 users",2013,2023,120,150000000,completed_late_or_over,https://www.ssbcrack.com/2016/05/15-things-to-know-about-iafs-e-mms-project.html ; https://www.republicworld.com/india/iaf-digitises-its-89-years-old-paper-based-maintenance-management-process-articleshow
field-service-maintenance,"Land Transport Authority Singapore (Rail Enterprise Asset Management System, REAMS)",SG,Siloed Downtown Line maintenance management system and asset records,REAMS (Siemens Mobility and ST Engineering Electronics),2018,,,13710000,ongoing,https://www.railway-technology.com/news/singapore-awards-contract-develop-rail-asset-management-system/ ; https://www.mobility.siemens.com/global/en/portfolio/references/reams-singapore.html
financial-close-gl,Birmingham City Council,UK,"SAP R/3 (finance, procurement, HR and payroll)",Oracle Fusion Cloud ERP,2018,"2028 (forecast, FY2027/28)",,183000000,ongoing,https://www.theregister.com/2026/01/29/birmingham_oracle_latest/
financial-close-gl,West Sussex County Council,UK,SAP (legacy on-prem ERP),Oracle Fusion Cloud ERP,2019,2026 (planned October 2026; original go-live 2021),,52000000,ongoing,https://www.theregister.com/software/2026/03/16/west-sussex-county-council-pushes-back-oracle-rollout-again/5224574
financial-close-gl,US Air Force (DEAMS program),US,"General Accounting and Finance System-Reengineered (GAFS-R), legacy mainframe general ledger","DEAMS on Oracle E-Business Suite (11i, upgraded to R12 in 2019)",2005,2031 (planned; Increment 1 fully deployed 2020),,3400000000,ongoing,https://www.gao.gov/assets/720/719328.pdf
financial-close-gl,"US Coast Guard (DHS FSM-Trio program, shared with TSA and CWMD)",US,"Core Accounting System (CAS), a heavily customized Oracle Federal Financials","Financial Systems Modernization Solution (FSMS): off-the-shelf Oracle Federal Financials, OBIEE/OBIA and MarkView",2013,2025,150,510000000,completed_late_or_over,https://www.gao.gov/assets/820/817833.pdf
financial-close-gl,"Health Service Executive (Ireland), plus Tusla and 64 other health agencies",EU,"Multiple legacy finance and procurement systems inherited from the regional health boards (SAP, Oracle and Agresso)",Integrated Financial Management System (IFMS) on SAP S/4HANA,2015,2026+ (HSE rollout planned for end-2025; further funding needed from 2026),,186000000,ongoing,https://www.rte.ie/news/business/2024/0930/1472781-cost-of-new-hse-financial-management-system-not-known/
financial-close-gl,"Government of Ireland, Shared Services Office (Financial Management Shared Services)",EU,Separate financial management and reporting systems in each government department,Single shared financial management system (FMSS),2016,2029 (planned; original target 2025),,124000000,ongoing,https://www.rte.ie/news/business/2026/0930/1593521-c-ag-on-financial-management-shared-services/
financial-close-gl,Australian Department of Defence (ERP Program),AU,"ROMAN (Resource and Output Management and Accounting Network) financial system, MILIS and other legacy applications",SAP S/4HANA (IBM as integrator),2016,2030 (planned; original end 2025),,2280000000,ongoing,https://www.itnews.com.au/news/defences-erp-bill-with-ibm-hits-575m-619785
financial-close-gl,Accountant General's Department of Malaysia (federal government),MY,"GFMAS (SAP 4.7, cash-basis), eSPKB and eTerimaan",iGFMAS (1GFMAS) on SAP ECC6 with dual cash and accrual ledgers,2013,2018,60,,completed_late_or_over,https://www.anm.gov.my/en/accounting/accounting-system/igfmas ; https://strathprints.strath.ac.uk/58312/1/Smith_Binti_Puasa_BAFA2016_Critical_factors_of_accounting_information_systems_AIS_effectiveness.pdf
financial-close-gl,Ministry of Finance of Indonesia (all ministry and agency work units),ID,"Seven separate desktop applications: SAIBA (accrual accounting), SAS, SIMAK-BMN, Persediaan, GPP, RKAKL and SILABI","SAKTI (Sistem Aplikasi Keuangan Tingkat Instansi), a single web-based database",2015,2022,84,,completed_on_time,https://sumut.antaranews.com/berita/513188/aplikasi-sakti-satu-aplikasi-keuangan-untuk-negeri
financial-close-gl,"County of Marin, California",US,"Aging county financial management, payroll and HR systems",SAP ERP (Deloitte as integrator),2005,2010,62,,cancelled_or_rolled_back,https://www.washingtontechnology.com/2010/08/california-county-dumps-sap/343198/ ; https://www.computerworld.com/article/1532538/judge-dismisses-one-marin-county-suit-versus-deloitte.html
gov-benefits,UK Department for Work and Pensions (Universal Credit),UK,"Six legacy means-tested benefit systems (JSA, ESA, Housing Benefit, tax credits, Income Support and others) on DWP and HMRC legacy platforms",Universal Credit digital service (in-house cloud platform),2010,2028-29 (planned),,3720000000,ongoing,"https://www.nao.org.uk/wp-content/uploads/2024/02/progress-in-implementing-universal-credit-report.pdf (NAO Feb 2024: implementation cost estimate GBP 2,928M; completion at least six years later than the 2018 plan, with ESA migration delayed to 2028)"
gov-benefits,UK Department for Work and Pensions (VME re-platforming),UK,"ICL/Fujitsu VME mainframe running 11 core COBOL benefit applications (about 25M lines, including State Pension and Income Support)","VME-R open-systems platform with an Oracle database (OneAdvanced, Rocket Visual COBOL)",2016,2021,60,,completed_on_time,https://www.oneadvanced.com/resources/dwp-completes-large-scale-modernisation-project-for-nations-benefit-systems/ (finished Feb 2021 with no service disruption; no delay or cost disclosed)
gov-benefits,Services Australia (Welfare Payment Infrastructure Transformation),AU,Centrelink ISIS on Model 204 mainframe,SAP-based WPIT platform and new entitlement components,2015,2022,84,1000000000,completed_late_or_over,"https://www.governmentnews.com.au/service-australia-ict-overhaul-lagging/ and https://www.itnews.com.au/news/centrelink-it-system-risks-largely-managed-during-wpit-overhaul-553896 (A$1.5B; only 13% of ISIS decommissioned by June 2020, and almost half not expected to be done by the 2022 program end)"
gov-benefits,Services Australia (Entitlements Calculation Engine),AU,ISIS hard-coded Model 204 entitlement rules,"Entitlements Calculation Engine (Infosys, built on Pega)",2019,2023,48,127000000,cancelled_or_rolled_back,https://www.itnews.com.au/news/gov-writes-off-centrelink-calculation-engine-project-after-191m-spent-598412 (A$191M written off in July 2023; it only ever ran in shadow mode)
gov-benefits,US Social Security Administration (Disability Case Processing System),US,Separate legacy case processing systems at the state Disability Determination Services (DDSs),DCPS common disability case processing system,2008,2015,91,356000000,cancelled_or_rolled_back,"https://oig-files.ssa.gov/audits/full/A-14-18-50742.pdf (DCPS Beta discontinued May 2015 after $356M; a restarted DCPS reached 31 DDSs by 2019, with another $178M estimated through FY2022)"
gov-benefits,Pennsylvania Department of Labor and Industry (UC modernization),US,Legacy unemployment compensation mainframe benefit system,IBM-built UC Modernization System,2006,2013,84,170000000,cancelled_or_rolled_back,https://spectrum.ieee.org/pennsylvania-wont-renew-ibms-contract-for-botched-project (original contract $106.9M; $170M spent; 42 months late; contract not renewed)
gov-benefits,Indiana Family and Social Services Administration (welfare eligibility modernization),US,"State eligibility system and county caseworker model for Medicaid, SNAP and TANF","IBM-led privatized, call-center-based eligibility system",2006,2009,36,,cancelled_or_rolled_back,https://themarkup.org/coronavirus/2020/07/16/unemployment-benefits-website-failures-deloitte-ibm (a 10-year $1.3B IBM contract cancelled after three years over wrongful benefit denials; amount spent not given)
gov-benefits,Florida Department of Economic Opportunity (CONNECT),US,Legacy unemployment claims mainframe system,CONNECT reemployment assistance system (Deloitte),2011,2013,,77900000,completed_late_or_over,https://themarkup.org/coronavirus/2020/07/16/unemployment-benefits-website-failures-deloitte-ibm and https://www.govtech.com/news/Audit-Floridas-Unemployment-System-Waylaid-by-Bad-Design.html (rose from $63M to $77.9M; went live Oct 2013 with more fatal or severe defects than the contract allowed; 14 of 31 issues from the 2015 audit still open)
gov-benefits,Bundesagentur fuer Arbeit / Jobcenter (ALLEGRO),EU,A2LL Arbeitslosengeld II benefit software (in use since 2005),"ALLEGRO (Java, service-based, built in-house by BA IT-Systemhaus)",2008,2015,84,120000000,completed_late_or_over,"https://www.heise.de/newsticker/meldung/Hartz-IV-Software-Allegro-soll-A2LL-abloesen-189165.html (EUR 90M budget, rollout planned for 2013) and https://de.wikipedia.org/wiki/ALLEGRO (A2LL replaced in stages Aug 2014 to June 2015; cases re-keyed by hand)"
gov-benefits,Central Provident Fund Board (BEACON),SG,"COBOL mainframe applications (76 business applications, 16M lines)","Java on the mainframe (COBOL-Java co-existence), with a new digital services front end on cloud",2014,2024,120,,completed_on_time,https://www.accenture.com/sg-en/case-studies/public-service/social-security-securing-life-goals (16M lines of COBOL moved to Java; digital transformation from 2018). The 2014 start and 10-year span come from an ISSA good-practice summary seen in search results; the ISSA page itself was blocked. No overrun reported.
gov-benefits,Employees' Provident Fund Organisation (CITES 2.01),IN,Field Office application software on 120+ decentralized regional databases,"CITES 2.01 single national centralized database (C-DAC, per search summary)",2023,2026,42,,completed_late_or_over,https://www.businesstoday.in/personal-finance/news/story/epfo-hopes-to-complete-modernisation-efforts-under-cites-210-by-march-31-469590-2025-03-27 (deadline 31 March 2025) and https://www.businesstoday.in/personal-finance/news/story/epfo-2-01-to-go-live-this-week-new-website-promises-faster-claims-single-portal-quicker-interest-credit-541741-2026-07-08 (live July 2026)
gov-licensing-permits,California Department of Consumer Affairs (37 boards and bureaus),US,Legacy DCA licensing and enforcement systems (Consumer Affairs System / Applicant Tracking System),BreEZe (Accenture-built licensing and enforcement platform),2009,2016,76,96000000,completed_late_or_over,https://information.auditor.ca.gov/reports/summary/2014-116
gov-licensing-permits,San Francisco Department of Building Inspection and Planning Department,US,DBI legacy Permit Tracking System (PTS),Accela Civic Platform (with 21 Tech),2011,2015,49,7700000,cancelled_or_rolled_back,https://www.govtech.com/dc/articles/San-Francisco-Online-Permit-Tracking-Riddled-With-Bugs.html
gov-licensing-permits,New York City Department of Buildings,US,"Buildings Information System (BIS), a 30-year-old mainframe","DOB NOW (phased modules, first launched July 2016)",2016,ongoing,,,ongoing,https://comptroller.nyc.gov/wp-content/uploads/documents/Watch-List-DOB-2019.pdf ; https://citymeetings.nyc/meetings/new-york-city-council/2025-03-25-1000-am-committee-on-housing-and-buildings/chapter/dob-now-system-priorities-and-implementation-process/
gov-licensing-permits,"City of Des Moines, Iowa",US,"Tidemark (implemented 2001, end of life and unsupported)",Tyler Technologies EnerGov,2018,2021,34,,completed_late_or_over,https://cms2.revize.com/revize/desmoines/document_center/City%20Clerk/Work%20Sessions/2022/EnerGov%20Project%20Update%20-%20City%20Council%20Quarterly%20Work%20Session%201-31-22%20Final.pdf
gov-licensing-permits,Department for Infrastructure Northern Ireland and 10 councils,UK,Original NI Planning Portal. Its contract expired Sept 2014 and was extended 6.25 years to Dec 2022 for GBP 14.2M.,New NI Planning Portal (TerraQuest consortium with Planning Portal and DEF Software),2020,2023,37,54700000,completed_late_or_over,https://www.niauditoffice.gov.uk/publications/html-document/major-it-projects-northern-ireland ; https://www.infrastructure-ni.gov.uk/news/contract-awarded-new-northern-ireland-planning-it-system
gov-licensing-permits,NSW Department of Planning and Environment (with all 128 NSW councils),AU,Paper and council-by-council development application lodgement and tracking,NSW Planning Portal (ePlanning),2013,2023,120,101000000,completed_late_or_over,https://www.audit.nsw.gov.au/report-highlight/report-highlights-nsw-planning-portal
gov-licensing-permits,"Netherlands Ministry of the Interior (BZK) with VNG, IPO and UvW",EU,Omgevingsloket online (OLO) and separate permit and plan systems,Digitaal Stelsel Omgevingswet landelijke voorziening (DSO-LV),2017,2024,90,192000000,completed_late_or_over,https://www.tweedekamer.nl/downloads/document?id=2023D21886
gov-licensing-permits,"Building and Construction Authority and Urban Redevelopment Authority, Singapore (with GovTech and about 8 other agencies)",SG,CORENET 2.0 e-submission,CORENET X (BIM-based coordinated regulatory submission),2023,ongoing,,,ongoing,https://www.ura.gov.sg/guidelines/circulars/dc26-08/
gov-licensing-permits,"Ministry of Investment / BKPM, Indonesia",ID,OSS 1.1 (Online Single Submission),"OSS-RBA (risk-based approach), now being rebuilt as OSS-RBA 2.0",2021,2021,6,,completed_late_or_over,https://dpmptsp.jambiprov.go.id/berita/showmore/62/Sistem-OSS-RBA-Resmi-Diluncurkan-Pada-Senin-9-Agustus-2021 ; https://smartlegal.id/perizinan/2021/06/28/h-5-oss-terbaru-berlaku-7-perbedaan-oss-versi-1-1-dan-oss-rba/ ; https://news.ddtc.co.id/berita/nasional/1804521/pp-perizinan-direvisi-bkpm-kembangkan-oss-rba-20
gov-tax,Internal Revenue Service (IRS),US,Individual Master File (1960s COBOL/Assembly mainframe),"CADE 1 (Customer Account Data Engine), built by IRS with IBM, Northrop Grumman and others",2000,2009,108,,cancelled_or_rolled_back,https://www.everycrsreport.com/reports/IF12525.html ; https://en.wikipedia.org/wiki/Customer_Account_Data_Engine
gov-tax,Internal Revenue Service (IRS),US,Individual Master File (1960s COBOL/Assembly mainframe),"CADE 2 relational taxpayer account database, then CADE 2 TS and IMF retirement (target FY2028)",2010,ongoing,,,ongoing,https://www.everycrsreport.com/reports/IF12525.html
gov-tax,California Franchise Tax Board,US,Legacy return filing and payment processing systems,"Enterprise Data to Revenue (EDR), CGI benefits-funded build",2011,2016,66,,completed_on_time,https://insider.govtech.com/california/news/ftbs-new-tax-system-nets-extra-1-billion-california.html ; https://www.cgi.com/sites/default/files/brochures/state-of-california-and-cgi.pdf
gov-tax,North Carolina Department of Revenue,US,"Integrated Tax Administration System (ITAS, in use 25+ years) plus PSRM (2013)",Modernized integrated tax system (vendor via RFP; contract award planned July 2025),2023,ongoing,,,ongoing,https://webservices.ncleg.gov/ViewDocSiteFile/83416
gov-tax,Australian Taxation Office (ATO),AU,National Taxpayer System (1975) and ATO Integrated System (1994) mainframes,"Integrated Core Processing (ICP), Accenture Change Program",2003,2010,78,650000000,completed_late_or_over,https://www.igt.gov.au/wp-content/uploads/2021/07/150_change-program.pdf
gov-tax,HM Revenue and Customs (HMRC),UK,Legacy tax systems (124 of 545 services still legacy in March 2024),Making Tax Digital platform and migrated tax records,2016,ongoing,,1650000000,ongoing,https://www.nao.org.uk/press-releases/progress-with-making-tax-digital/
gov-tax,HM Revenue and Customs (HMRC),UK,Enterprise Tax Management Platform (ETMP) on SAP ECC 6.0,"SAP S/4HANA Cloud (RISE) on UK sovereign cloud, contract to 2035",2026,2035,,370000000,ongoing,https://www.theregister.com/2026/01/22/sap_275_million_award_from/
gov-tax,German federal and state tax administrations (KONSENS),EU,Legacy state tax procedures (after the failed FISCUS project); 193 non-KONSENS applications run in parallel,KONSENS unified tax software,2007,ongoing,,2160000000,ongoing,"https://www.computerwoche.de/a/it-projekt-der-finanzverwaltung-geraet-zum-desaster,3550295"
gov-tax,SKAT (Danish Tax Agency),EU,Fragmented public debt collection systems,"EFI (Et Faelles Inddrivelsessystem), built by KMD and CSC",2005,2015,120,175000000,cancelled_or_rolled_back,https://www.dr.dk/nyheder/penge/regningen-lukke-skats-gaelds-system-vokser-kasseret-system-koster-over-en-milliard ; https://www.dr.dk/nyheder/penge/skandalen-om-skats-it-system-efter-11-aars-fiasko-koster-det-millioner-lukke-efi-ned
gov-tax,Directorate General of Taxes Indonesia (DJP),ID,SIDJP core tax system (in use since 2002),"Coretax (CTAS), LG CNS and Qualysoft COTS platform",2020,2025,49,75000000,completed_late_or_over,https://en.sedaily.com/technology/2026/09/14/lg-cns-wins-plaque-from-indonesias-tax-agency-for-coretax ; https://www.suarasurabaya.net/ekonomibisnis/2025/direktorat-jenderal-pajak-minta-maaf-atas-kendala-implementasi-coretax/ ; https://nasional.kontan.co.id/news/mengenal-perusahaan-asing-di-balik-coretax-seharga-rp-13-triliun
gov-tax,"Income Tax Department, India (CBDT)",IN,Legacy e-filing portal and CPC 1.0,Integrated E-filing and CPC 2.0 (Infosys),2019,2021,29,597000000,completed_late_or_over,https://m.thewire.in/article/economy/finance-minister-sets-deadline-for-infosys-to-resolve-income-tax-portal-glitches
insurance-claims,FEMA Federal Insurance and Mitigation Administration (National Flood Insurance Program),US,Legacy NFIP mainframe policy and claims system (BureauNet era),NextGen Flood Insurance Management System,2002,2009,84,40000000,cancelled_or_rolled_back,https://www.oig.dhs.gov/sites/default/files/assets/2020-11/OIG-21-04-Nov20.pdf
insurance-claims,FEMA Federal Insurance and Mitigation Administration (National Flood Insurance Program),US,Legacy NFIP system of about 20 mainframe batch systems plus 30 LAN systems (BureauNet). Policy and claim transactions took 45 to 60 days.,"NFIP PIVOT, a web-based policy and claims system of record (live 1 Oct 2019; lifecycle estimate about $660M over 2012 to 2038, which includes operations)",2013,2019,78,,completed_on_time,https://www.oig.dhs.gov/sites/default/files/assets/2020-11/OIG-21-04-Nov20.pdf
insurance-claims,Washington State Department of Labor & Industries (state workers' compensation fund),US,"About 100 legacy workers' comp claims and policy systems, some over 40 years old",Workers' Compensation Systems Modernization (WCSM) platform,2015,ongoing,,291322946,ongoing,https://www.governing.com/management-and-administration/after-10-years-and-31m-wa-workers-comp-upgrade-has-little-to-show ; https://watech.wa.gov/sites/default/files/2026-02/03%20WCSM%20one-pager%20021226.pdf ; https://app.leg.wa.gov/ReportsToTheLegislature/Home/GetPDF?fileName=FY26+Q3+Proviso+Report+-+Final_62dda4d3-e332-44d3-8c3c-b7d92f99566c.pdf
insurance-claims,icare NSW (Nominal Insurer workers' compensation and five other state schemes),AU,Separate claims systems run by five scheme agents across six NSW government insurance schemes,Guidewire InsuranceSuite 'Nominal Insurer Single Platform' (Capgemini integrator),2015,2018,36,266000000,completed_late_or_over,https://www.arnnet.com.au/article/1256269/nsw-government-icare-claim-platform-cost-360m.html ; https://www.nsw.gov.au/sites/default/files/2021-04/Independent-Review-Report.pdf
insurance-claims,NHS Resolution (clinical negligence indemnity schemes for the NHS in England),UK,Legacy Claims Management System,CaseHub core systems platform,2022,2026,42,,completed_late_or_over,https://assets.publishing.service.gov.uk/media/6a4f5ad843f694ee291df864/nhs-resolution-annual-report-and-accounts-2025-2026-web.pdf ; https://assets.publishing.service.gov.uk/media/66a0c996fc8e12ac3edb0374/nhs-resolution-annual-report-and-accounts-2023-to-2024-web-accessible.pdf
insurance-claims,"Lloyd's of London and London market (Velonetic, Blueprint Two phase one)",UK,"London market bureau premium and claims processing infrastructure (POSH, LIDS), first built in the 1980s",Velonetic Blueprint Two digital processing platform,2020,ongoing,,,ongoing,https://www.insurancebusinessmag.com/uk/news/technology/blueprint-two-delayed-beyond-2025-lloyds-confirms-530154.aspx ; https://www.reinsurancene.ws/blueprint-two-announces-further-delays-with-an-earliest-go-live-of-2028-says-wcls-james-willison/
insurance-claims,VHV Allgemeine Versicherung (VHV Group),EU,VHV in-house motor claims system,Guidewire ClaimCenter,not disclosed,2020,,,completed_on_time,https://www.guidewire.com/about/press-center/press-releases/20200915/vhv-successfully-completes-implementation-guidewire
insurance-claims,"Motor Accidents Insurance Board (MAIB), Tasmania",AU,Motor Accidents Claims System (MACS),FINEOS Platform,2026,ongoing,,,ongoing,https://www.lifeinsuranceinternational.com/news/maib-fineos-replace-legacy-claims-system/
insurance-policy-admin,FEMA Federal Insurance and Mitigation Administration (National Flood Insurance Program),US,NFIP legacy mainframe batch system (NFIP Information Technology Systems and Services),NextGen Flood Insurance Management System,2002,2009,84,40000000,cancelled_or_rolled_back,https://www.oig.dhs.gov/sites/default/files/assets/2020-11/OIG-21-04-Nov20.pdf
insurance-policy-admin,FEMA Federal Insurance and Mitigation Administration (National Flood Insurance Program),US,NFIP legacy system (nearly 20 mainframe batch systems and subsystems; 45-60 day transaction validation),"PIVOT (web-based NFIP system of record, agile build)",2013,2020,84,,completed_on_time,https://www.oig.dhs.gov/sites/default/files/assets/2020-11/OIG-21-04-Nov20.pdf
insurance-policy-admin,"Phoenix Group (now Standard Life plc), ReAssure business",UK,ReAssure ALPHA life and pensions administration platform,TCS BaNCS operated by TCS Diligenta (planned migration of ReAssure policies),2023,2025,25,,cancelled_or_rolled_back,https://www.standardlifeplc.com/news-and-views/press-releases/article-page/phoenix-group-announces-new-strategic-partner
insurance-policy-admin,"icare (Insurance and Care NSW), Nominal Insurer workers compensation scheme",AU,Separate systems run by scheme agents across six NSW government insurance schemes,"Guidewire PolicyCenter and BillingCenter (Nominal Insurer Single Platform), built with Capgemini",2015,2018,36,245000000,completed_late_or_over,https://ia.acs.org.au/article/2020/agency-wins--140m-it-contract-after-short-tender.html ; https://www.arnnet.com.au/article/1256269/nsw-government-icare-claim-platform-cost-360m.html ; https://www.ombo.nsw.gov.au/reports/report-to-parliament/investigation-into-icares-processing-of-actual-wage-declarations-and-hindsight-adjustments-to-workers-compensation-premiums
insurance-policy-admin,MLC Life Insurance (now Acenda),AU,"Seven legacy policy administration systems inherited from NAB, including Eclipse (640 legacy products)","TCS BaNCS for Insurance, later on Oracle Cloud Infrastructure",2017,2021,48,,completed_late_or_over,https://www.itnews.com.au/news/mlc-life-insurance-turns-to-cloud-in-400m-nab-exit-476011 ; https://www.tcs.com/what-we-do/products-platforms/tcs-bancs/case-study/mlc-life-insurance-growth-digital-transformation ; https://ia.acs.org.au/article/2023/legacy-it-systems-blamed-for-insurance-firm-s-failures.html
insurance-policy-admin,Bangkok Insurance Public Company Limited,TH,30-year-old monolithic legacy core,"Sapiens IDITSuite for P&C, ReinsuranceMaster, Sapiens Intelligence",2021,2024,35,,completed_on_time,https://www.prnewswire.com/news-releases/sapiens-selected-for-one-of-the-largest-digital-core-transformations-in-apac-by-a-leading-non-life-thailand-based-insurer-301344251.html ; https://sapiens.com/newsroom/bangkok-insurance-public-company-limited-goes-live-with-sapiens-end-to-end-pc-platform/
insurance-policy-admin,Allianz Deutschland (Allianz Technology),EU,"Allianz Business System (ABS) on IBM mainframe, with 30M+ contracts","ABS re-platformed to Linux on x86 with DB2 (rehost, not a product swap)",2019,2022,33,,completed_on_time,https://www.cio.com/article/479654/examining-allianz-technologys-decision-to-replatform.html
insurance-policy-admin,HDFC ERGO General Insurance,IN,Existing health insurance policy system (not named),"Duck Creek OnDemand SaaS (policy, billing, rating), extending its earlier commercial fire deployment",2024,2025,8,,completed_on_time,https://www.duckcreek.com/resource/press-releases/hdfc-ergo-becomes-indias-first-insurer-to-service-health-insurance-using-duck-creek-ondemand/
lab-information,Queensland Health (Pathology Queensland),AU,Auslab (Citadel Health / PJA Solutions),Sunquest Laboratory,2018,2020,26,25000000,cancelled_or_rolled_back,https://www.itnews.com.au/news/queensland-health-bins-64m-pathology-system-overhaul-547249
lab-information,PathWest Laboratory Medicine WA (WA Department of Health),AU,"ULTRA (four separate legacy LIS, in place since 1994-95)",SCC Soft Computer SoftLab (SoftLIS),2016,2020,49,35000000,completed_late_or_over,https://audit.wa.gov.au/reports-and-publications/reports/pathwest-lis-replacement-project/executive-summary/
lab-information,"Health Service Executive Ireland (MedLIS, 43 public hospital labs)",EU,Multiple hospital-level legacy LIS across HSE and voluntary hospital labs,Oracle Health (Cerner) Millennium laboratory (MedLIS),2015,ongoing (target 2029; only Beaumont Hospital live since Aug 2024),,26000000,ongoing,https://www.medicalindependent.ie/in-the-news/news-features/roll-out-of-troubled-medlis-system-continues/
lab-information,"Business Services Organisation, Health and Social Care Northern Ireland (CoreLIMS)",UK,"Seven laboratory information systems, including a 30-year-old BSO in-house LIS at the Western and Southern trusts",Clinisys WinPath,2021,2025,43,58000000,completed_on_time,https://med-techinsights.com/2025/06/09/northern-ireland-completes-nationwide-roll-out-of-clinisys-winpath/
lab-information,"West Yorkshire and Harrogate pathology network (WYAAT), hosted by Leeds Teaching Hospitals NHS Trust",UK,Telepath and other trust-level LIMS,Clinisys WinPath Enterprise (hosted),2021,ongoing (Leeds microbiology and immunology switched over May 2025),,16000000,ongoing,https://www.leedsth.nhs.uk/news/switchover-of-laboratory-information-management-system/
lab-information,Kent and Medway Pathology Network (East Kent Hospitals as contract holder),UK,Telepath (installed c.1995) and other legacy LIMS,Clinisys WinPath Enterprise,2022,ongoing (LIMS project close planned May 2025; completion not confirmed),,30000000,ongoing,https://democracy.kent.gov.uk/documents/s110757/20220406%20Kent%20HOSC%20Pathology%20Update.pdf
lab-information,All Wales Medical Genomics Service (Cardiff and Vale UHB),UK,"SHIRE (Genial Genetics, end of life)",SCC Soft Computer SoftGene GLIMS,2017,ongoing (not live as of the March 2025 risk register),,,ongoing,https://cavuhb.nhs.wales/files/board-and-committees/board-2024-25/20250327/8-2a-corporate-risk-register-march-2025-pdf/
lab-information,NSW Health / NSW Health Pathology (Single Digital Patient Record),AU,"Five pathology LIMS, including Cerner, Citadel Auslab and ISS OmniLab",Epic (statewide SDPR including LIMS),2023,ongoing (Hunter New England live May 2026; statewide rollout to 2029-30),,,ongoing,https://www.itnews.com.au/news/nsw-health-taps-epic-for-statewide-single-digital-patient-record-588153
lab-information,Stanford University Medical Center,US,Sunquest v6.3 (clinical pathology) and PowerPath,Epic Beaker Clinical Pathology,2012,2015,36,,completed_on_time,https://academic.oup.com/ajcp/article/147/3/261/3053466
lab-information,University of Iowa Hospitals and Clinics,US,Cerner Classic PathNet (anatomic pathology),Epic Beaker Anatomic Pathology,2014,2015,13,,completed_on_time,https://pmc.ncbi.nlm.nih.gov/articles/PMC5760958
land-registry,Landgate (Western Australia land registry),AU,"Legacy titling system from about 2000 (Y2K-era first-generation digitisation, the 'Smart Register')","Cloud-native, multi-tenant titling system built with an IT outsourcer, later spun out as Advara",2010,2015,60,,completed_on_time,https://www.itnews.com.au/news/how-tech-saved-was-land-registry-from-privatisation-441668
land-registry,"Austrian Federal Ministry of Justice (BMJ) and Federal Office of Metrology and Surveying (BEV), Grundbuch and cadastre",EU,Grundstücksdatenbank IT system in operation since 1979,"Grundstücksdatenbank-NEU (GDB-NEU, 'Grundbuch neu'), operated via the Bundesrechenzentrum",2005,2012,84,,completed_late_or_over,"https://www.parlament.gv.at/dokument/XXIV/III/323/imfname_257105.pdf (Rechnungshof Reihe Bund 2012/5, TZ 24-25: go-live slipped from Dec 2009 to May 2012, EUR 2.70M extra cost to BEV, and planned savings of about EUR 2.68M a year not realised)"
land-registry,HM Land Registry with 331 English and Welsh local authorities (Local Land Charges),UK,"Separate local authority Local Land Charges registers (paper, scanned and council software)",Single national digital Local Land Charges register run by HMLR,2018,2029,,,ongoing,https://www.gov.uk/government/publications/hm-land-registry-annual-report-and-accounts-2025-to-2026/annual-report-and-accounts-2025-to-2026-html (147 of 331 authorities migrated; completion pushed to the end of FY2028-29); https://todaysconveyancer.co.uk/local-land-charges-programme-completion-date-pushed-back-end-2028/
land-registry,"Vietnam Ministry of Natural Resources and Environment (VILG project, World Bank IDA)",VN,Fragmented paper and district-level land records and databases,National Multipurpose Land Information System (MPLIS) and land database,2016,2023,84,48720000,completed_late_or_over,"https://documents1.worldbank.org/curated/en/099040124135093755/txt/BOSIB19a36a92c0481851c13894715174e0.txt (ICR: approved Jul 2016, closing extended from Dec 2021 to Jun 2023, US$180M planned vs US$48.72M disbursed, rated Moderately Satisfactory)"
land-registry,"Land Registration Authority, Philippines (164 Registries of Deeds)",PH,Manual paper Torrens title books at Registries of Deeds,Land Titling Computerization Project (LTCP) built and operated by LARES under a BOO contract,2000,2025,,200000000,completed_late_or_over,https://www.sahi.com.ph/project/land-registration-systems-lares/ (LARES set up Apr 2000; 164 RDs; more than 21M of about 25M titles digitized; USD 200M)
land-registry,Malaysian state land offices (PTG) under NRES / JKPTG,MY,"SPTB (Sistem Pendaftaran Tanah Berkomputer), implemented from 1995",e-Tanah integrated land administration system,2003,2030,,,ongoing,"https://berita.rtm.gov.my/nasional/senarai-berita-nasional/senarai-artikel/sistem-e-tanah-diguna-sepenuhnya-di-seluruh-semenanjung-menjelang-2030 (Dec 2025: live in 11 states and territories, with all of Peninsular Malaysia targeted by 2030); https://ptg.penang.gov.my/index.php/en/services/e-tanah/e-tanah-profile"
land-registry,"Government of Telangana, Revenue Department",IN,"Dharani integrated land records portal (2020, under the TS Rights in Land and Pattadar Pass Books Act 2020)",Bhu Bharati land records portal with Bhudhar parcel IDs (Bhu Bharati Act 2024),2024,2025,,,completed_on_time,"https://apacnewsnetwork.com/2025/04/bhu-bharati-telangana-shifts-to-new-land-records-portal-replaces-dharani-system/ (launched 14 Apr 2025 in 3 pilot mandals, statewide from 2 Jun 2025)"
land-registry,"Spokane County Auditor's Office, Washington",US,Tyler Technologies Eagle recording system,Harris Recording Solutions Acclaim,2026,2027,9,,ongoing,https://citizenportal.ai/articles/8208217/washington/spokane-county/spokane-county-auditors-office-seeks-approval-to-replace-aging-recording-system-with-harris-acclaim-after-vendor-support-costs-rose (Jun 2026: incumbent support at about $230k a year called unsustainable; nine-month implementation)
land-registry,"DuPage County Recorder, Illinois",US,Incumbent recorder land-records system,Medici Land Governance land governance (AI-native recording) system,2026,2029,44,899900,ongoing,https://dupage.legistar.com/LegislationDetail.aspx?GUID=C3E8542D-AFDD-41CC-93FB-3B2F3099753C&ID=7868931&Options=&Search= (approved 10 Feb 2026; term 1 Apr 2026 to 30 Nov 2029)
land-registry,"Kementerian ATR/BPN, Indonesia",ID,Paper land certificates and counter-based services on KKP,Electronic land services (HT-el and others) and electronic certificates (sertipikat elektronik),2019,ongoing,,,ongoing,"https://pontas.id/2019/11/01/atr-bpn-targetkan-seluruh-layanan-pertanahan-gunakan-digital-tahun-2025/ (Nov 2019: 4 of about 57 services digital in 42 offices, target all digital by 2025)"
loan-origination-servicing,Ocwen Financial (now Onity Group),US,REALServicing (proprietary in-house mortgage servicing platform),Black Knight LoanSphere MSP,2017,2019,19,,completed_on_time,https://www.nationalmortgagenews.com/news/ocwen-replacing-embattled-servicing-system-with-black-knights-msp ; https://www.globenewswire.com/news-release/2019/6/10/1866553/0/en/ocwen-financial-announces-updates-on-key-business-initiatives.html
loan-origination-servicing,PennyMac Financial Services,US,Black Knight LoanSphere MSP and related Black Knight servicing products,PennyMac Servicing Systems Environment (SSE): 150+ in-house cloud modules,2011,2019,100,,completed_late_or_over,https://www.sec.gov/Archives/edgar/data/1745916/000110465919060273/a19-22055_1ex99d2.htm ; https://www.housingwire.com/articles/pennymac-pays-158m-to-black-knight-in-servicing-platform-dispute/
loan-origination-servicing,Pennymac (consumer direct origination channel),US,Pennymac legacy consumer-direct loan origination system (not named),Vesta cloud LOS,2025,2026,7,,completed_on_time,https://www.sec.gov/Archives/edgar/data/1745916/000110465925088064/tm2525443d1_ex99-1.htm ; https://www.alphaspread.com/security/nyse/pfsi/investor-relations/earnings-call/q1-2026
loan-origination-servicing,Newrez / Shellpoint (Rithm Capital),US,Black Knight (ICE) MSP servicing platform,ValonOS,2026,ongoing,,,ongoing,https://www.newrez.com/press-news/ai-native-platform-to-advance-newrez-servicing-capabilities/ ; https://www.sec.gov/Archives/edgar/data/1556593/000155659320000014/nrz-2020930exhibit1058.htm
loan-origination-servicing,Carrington Mortgage Services,US,Legacy servicing technology (incumbent core not named),ValonOS as core servicing system of record,2026,ongoing,,,ongoing,https://www.housingwire.com/articles/carrington-buys-valon-mortgage/
loan-origination-servicing,US Small Business Administration,US,Mainframe-based Loan Accounting System (LAS),"Modernized Loan Management and Accounting System (LMAS), delivered as incremental improvement projects",2005,2015,112,28000000,completed_late_or_over,https://www.gao.gov/products/gao-12-295
loan-origination-servicing,"US Department of Education, Federal Student Aid",US,Legacy FSA systems and multiple contractor-run student loan servicing platforms,Next Gen FSA (incl. Unified Servicing and Data Solution),2017,ongoing,,502000000,ongoing,https://www.gao.gov/products/gao-23-105333
loan-origination-servicing,"US Department of Housing and Urban Development, FHA",US,"FHA single-family legacy systems, including Unisys mainframe applications (CHUMS, SFDMS, CAIVRS)",FHA Catalyst single-platform loan lifecycle system,2019,ongoing,,91900000,ongoing,https://www.gao.gov/products/gao-21-459 ; https://hudoig.gov/sites/default/files/2024-06/2021-oe-0003a_508.pdf
loan-origination-servicing,TSB Bank,UK,Lloyds Banking Group platform (retail banking incl. mortgages and loans),Sabadell Proteo4UK,2015,2018,40,,completed_late_or_over,https://www.bankofengland.co.uk/news/2022/december/tsb-fined-for-operational-resilience-failings
loan-origination-servicing,National Australia Bank,AU,NAB legacy home-loan origination backend,Simple Home Loans (in-house cloud-native origination platform),2019,2026,,,ongoing,https://www.itnews.com.au/news/nab-sets-bold-ambition-on-swift-home-loans-599366 ; https://www.theadviser.com.au/lender/45667-nearly-2-3-of-nab-s-mortgage-flows-come-from-brokers
mainframe-cobol-general,US Internal Revenue Service (Individual Master File modernization / CADE 2),US,"Individual Master File (IMF) on IBM mainframe, written in assembly language and COBOL",CADE 2 relational database and modernized IMF processing,2009,2028 (target; program paused March 2025 for re-evaluation),,2000000000,ongoing,https://files.gao.gov/reports/GAO-25-107611/index.html
mainframe-cobol-general,California Department of Motor Vehicles (IT Modernization project),US,Decades-old legacy driver licence and vehicle registration systems,New driver licence and vehicle registration systems (EDS/HP contract),2006,2013,84,134000000,cancelled_or_rolled_back,https://spectrum.ieee.org/dj-vu-all-over-again-californias-dmv-it-project-cancelled ; https://www.govtech.com/archive/DMV-IT-Modernization-Project.html
mainframe-cobol-general,"Pennsylvania Department of Labor and Industry (unemployment compensation system, IBM contract)",US,1960s-era IBM mainframe unemployment compensation system with batch processing,IBM-built replacement unemployment compensation system,2006,2013,84,153000000,cancelled_or_rolled_back,https://technical.ly/philly/2013/08/06/ibm-pa-unemployment-comp-contract/ ; https://www.spotlightpa.org/news/2021/05/pa-unemployment-claims-overhaul-ibm-gsi-benefits-labor-industry/
mainframe-cobol-general,Michigan Unemployment Insurance Agency (MiDAS),US,30-year-old mainframe unemployment insurance system running COBOL,"MiDAS, a COTS tax and benefit system from Fast Enterprises",2011,2013,26,44400000,completed_on_time,https://audgen.michigan.gov/finalpdfs/15_16/r641059315.pdf ; https://spectrum.ieee.org/michigans-midas-unemployment-system-algorithm-alchemy-that-created-lead-not-gold
mainframe-cobol-general,TSB Bank plc,UK,"Lloyds Banking Group legacy platform (LBG Platform), hosted by Lloyds",Proteo4UK platform (Sabadell / SABIS),2015,2018,,,completed_late_or_over,https://www.fca.org.uk/publication/final-notices/tsb-bank-plc-2022.pdf
mainframe-cobol-general,German federal and state tax administrations (KONSENS),EU,"About 200 state-specific legacy tax procedures (Altverfahren), with mainframe (Grossrechner) systems still to be exited",Unified KONSENS tax software,2007,2026-2029 (target),,1600000000,ongoing,https://orh.bayern.de/mam/aktuelles/medieninformationen/aktuell/22-10-11_augsburger_erkl%C3%A4rung_zur_steuer-software_konsens.pdf
mainframe-cobol-general,Commonwealth Bank of Australia (Core Banking Modernisation),AU,40-year-old legacy core banking systems with undocumented applications,"SAP for Banking core, implemented with Accenture",2008,2012,54,1000000000,completed_late_or_over,https://www.commbank.com.au/about-us/shareholders/pdfs/2011-asx/Core-Banking-Modernisation-Presentation.pdf ; https://www.itnews.com.au/news/commbank-declares-core-bank-overhaul-complete-321165
mainframe-cobol-general,Services Australia / Centrelink (Welfare Payment Infrastructure Transformation),AU,"ISIS (Income Security Integrated System), about 30 years old, on a Model 204 database",Pega Entitlement Calculation Engine (Infosys) plus SAP S/4HANA Payment Utility,2015,2022,84,1100000000,completed_late_or_over,https://www.itnews.com.au/news/wpit-overhaul-ends-after-7-years-but-critical-centrelink-system-delayed-583022 ; https://www.itnews.com.au/news/centrelink-it-system-risks-largely-managed-during-wpit-overhaul-553896
mainframe-cobol-general,Singapore Exchange (SGX) clearing and depository application,SG,"25-year-old clearing and deposits application on an IBM mainframe (z/OS 1.1, IBM CSP), with about 20,000 COBOL programs and 6,000 JCL scripts",x86 servers via a Dell-Clerity rehost (COBOL kept as-is),2011,2012,15,3000000,completed_on_time,https://www.itnews.com.au/news/singapore-exchange-moves-off-mainframe-322287
medical-billing-rcm,Mayo Clinic,US,Cerner and GE Healthcare EHR and revenue cycle systems (plus McKesson revenue cycle support at Mayo Clinic Health System),Epic integrated EHR and revenue cycle (Plummer Project),2015,2018,45,1500000000,completed_on_time,https://www.hcinnovationgroup.com/finance-revenue-cycle/news/13028904/mayo-clinic-kicks-off-15b-epic-ehr-rollout
medical-billing-rcm,MaineHealth / Maine Medical Center,US,Legacy clinical and billing systems (not named in source),Epic EHR and billing,2012,2017,,200000000,completed_late_or_over,https://www.pressherald.com/2013/12/24/mainehealth_increasing_spending_on_software_system_was_involved_with_billing_glitches_/
medical-billing-rcm,UC Davis Health System,US,"Invision (hospital billing) and Signature (professional billing), in place about two decades","Epic Resolute Hospital and Professional Billing (with Cadence, Prelude, ADT)",2014,2014,,,completed_on_time,https://auditreports.ucop.edu/?action=public_ar_display&id=ec1a0b2003913b76
medical-billing-rcm,NYC Health + Hospitals,US,Legacy revenue cycle systems (not named in source),"Epic revenue cycle, integrated with the Epic EHR (H2O)",2017,2020,34,289000000,completed_on_time,https://www.nychealthandhospitals.org/pressrelease/nyc-health-hospitals-upgrades-revenue-cycle-technology-to-improve-efficiency-maximize-collections/
medical-billing-rcm,US Department of Veterans Affairs,US,"VistA (M/MUMPS, including integrated billing and accounts receivable)","Oracle Health (Cerner) Federal EHR, including revenue cycle",2018,2031,156,48000000000,ongoing,https://files.gao.gov/reports/GAO-26-108812/index.html
medical-billing-rcm,Queensland Health,AU,HBCIS patient administration system (used across all Queensland public hospitals),"New patient administration system (restricted tender to five multinationals, terminated)",2013,2019,,,cancelled_or_rolled_back,https://www.itnews.com.au/news/qld-health-risks-patient-admin-system-failure-after-halting-overhaul-534656
medical-billing-rcm,NSW Health (Single Digital Patient Record),AU,"Nine EMRs (mostly Cerner), six patient administration systems and five laboratory systems",Epic Single Digital Patient Record,2022,2028,72,630000000,ongoing,https://www.itnews.com.au/news/nsw-969m-single-digital-patient-record-at-risk-of-cost-overruns-622072
medical-billing-rcm,Charité Universitätsmedizin Berlin,EU,"20-year-old hospital information system on SAP IS-H, which SAP no longer develops",Epic hospital information system,2025,2029,48,230000000,ongoing,https://www.heise.de/en/news/Epic-Systems-US-provider-wins-Charite-tender-11114132.html
medical-billing-rcm,Ministry of Health Singapore (public healthcare clusters),SG,"More than 100 legacy cluster IT systems, including cluster-level EMR and billing",NGEMR (Epic) plus the National Billing System and NHIPS ('Big3'),2018,2028,120,1150000000,ongoing,https://www.moh.gov.sg/newsroom/projected-expenditure-for-new-next-generation-electronic-medical-record-system-and-impact-on-healthcare-costs/
mortgage-servicing,"Ocwen Financial (PHH Mortgage, now Onity)",US,REALServicing (Altisource-operated servicing system),Black Knight LoanSphere MSP,2017,2019,19,,completed_on_time,https://www.globenewswire.com/news-release/2019/6/10/1866553/0/en/ocwen-financial-announces-updates-on-key-business-initiatives.html
mortgage-servicing,PennyMac Loan Services,US,Black Knight LoanSphere MSP (mainframe),"PennyMac Servicing Systems Environment (SSE), in-house cloud build of 150+ modules",2019,2019,,,completed_late_or_over,https://www.housingwire.com/articles/pennymac-pays-158m-to-black-knight-in-servicing-platform-dispute/
mortgage-servicing,loanDepot,US,Third-party subservicer platform (vendor not named),In-house loanDepot servicing platform,2021,2023,24,,completed_on_time,https://www.prnewswire.com/news-releases/loandepot-completes-migration-of-all-mortgage-loans-to-in-house-servicing-platform-to-support-a-best-in-class-customer-experience-301751197.html
mortgage-servicing,Carrington Mortgage Services,US,Sagent servicing platform,ValonOS (Valon Technologies),2026,,,,ongoing,https://www.nationalmortgagenews.com/news/how-valon-and-carrington-plan-to-crack-a-servicing-tech-duopoly
mortgage-servicing,Newrez (Rithm Capital),US,"Incumbent servicing platform; Shellpoint is reported to run Black Knight/ICE MSP, but the source does not name it",ValonOS (Valon Technologies),2026,,,,ongoing,https://www.housingwire.com/articles/rithm-valon-mortgage-servicing/
mortgage-servicing,TSB Bank,UK,"Lloyds Banking Group legacy platform (TSB's mortgage, savings and current accounts)",Sabadell Proteo4UK,2015,2018,,,completed_late_or_over,https://www.fca.org.uk/news/press-releases/tsb-fined-48m-operational-resilience-failings
mortgage-servicing,Monmouthshire Building Society,UK,Legacy mortgage and savings administration system (not named),Phoebus mortgage and savings servicing platform,2025,,,,ongoing,https://www.mortgagesolutions.co.uk/mortgage-news/2026/04/27/monmouthshire-bs-goes-live-with-phoebus-integration/
mortgage-servicing,a.s.r. (Aegon Nederland mortgage portfolio),EU,Aegon Nederland mortgage administration platform,Stater mortgage servicing platform,2022,2025,36,,completed_on_time,https://www.asrnl.com/news-and-press/news/20251104-alle-aegon-hypotheken-succesvol-verhuisd
mortgage-servicing,ASN Bank (formerly de Volksbank),EU,Legacy mortgage origination and servicing stack,"Ohpen SaaS mortgage platform (origination, servicing, credit management)",2026,,,,ongoing,https://newsroom.asnbank.nl/en/ohpen-to-deliver-next-gen-mortgage-platform-for-asn-bank/
mortgage-servicing,Bank of Queensland (ME Bank),AU,ME Bank legacy core (home loans and deposits),Temenos cloud core banking,2023,,,,ongoing,https://www.itnews.com.au/news/boq-looks-to-legacy-decommissioning-as-core-consolidation-gains-pace-625293
payroll-hr,Queensland Health (State of Queensland),AU,LATTICE payroll plus legacy rostering,SAP ECC HR/Payroll plus Workbrain rostering (IBM as prime contractor),2007,2010,27,166000000,completed_late_or_over,https://en.wikipedia.org/wiki/2010_Queensland_Health_payroll_system_implementation
payroll-hr,California State Controller's Office (21st Century Project / MyCalPAYS),US,"Early-1970s mainframe Uniform State Payroll System (about 240,000 employees)","SAP HCM/Payroll (BearingPoint, then SAP Public Services as integrator)",2005,2013,94,373000000,cancelled_or_rolled_back,https://sooo.senate.ca.gov/sites/sooo.senate.ca.gov/files/crash%20course%2008%2012%2013%20FINAL.pdf
payroll-hr,"California State Controller's Office (California State Payroll System, CSPS)",US,"12 aging payroll systems, some nearly 50 years old (mainframe/COBOL)",New California State Payroll System (CSPS),2016,2031,186,1200000000,ongoing,https://lao.ca.gov/Publications/Report/5011
payroll-hr,Los Angeles Unified School District,US,Legacy district payroll system,SAP HR/Payroll (Deloitte Consulting as integrator),2005,2008,27,135000000,completed_late_or_over,https://sooo.senate.ca.gov/sites/sooo.senate.ca.gov/files/crash%20course%2008%2012%2013%20FINAL.pdf
payroll-hr,"Irish Health Service (PPARS, Personnel, Payroll and Related Systems)",EU,"Legacy health-board payroll and HR systems (about 120,000 employees)",SAP HR/Payroll (PPARS),1995,2005,120,180000000,cancelled_or_rolled_back,https://sooo.senate.ca.gov/sites/sooo.senate.ca.gov/files/crash%20course%2008%2012%2013%20FINAL.pdf
payroll-hr,French Ministry of Armed Forces (Louvois),EU,Separate pay systems for each armed service,"Louvois, a single in-house inter-service military pay system",1996,2013,213,106000000,cancelled_or_rolled_back,https://fr.wikipedia.org/wiki/Logiciel_unique_%C3%A0_vocation_interarm%C3%A9es_de_la_solde
payroll-hr,French Ministry of Armed Forces / DGA (Source Solde),EU,Louvois military pay system,Source Solde (Sopra Steria),2015,2021,69,200000000,completed_late_or_over,https://www.opex360.com/2018/12/05/successeur-de-louvois-source-solde-va-couter-48-millions-deuros-de-plus-par-rapport-au-devis-initial/
payroll-hr,NHS England and Wales (Electronic Staff Record),UK,"Oracle E-Business Suite HRMS/Payroll (ESR, IBM managed service, 1.9 million staff)","New Infosys-delivered workforce and payroll platform (15-year, GBP 1.4bn contract)",2025,2035,180,1850000000,ongoing,https://www.publictechnology.net/2025/11/13/health-and-social-care/nhs-sheds-light-on-plans-for-1-4bn-hr-system/
payroll-hr,Birmingham City Council,UK,"SAP ERP (finance, HR, payroll)","Oracle Fusion Cloud ERP and HCM (finance, procurement, HR, payroll), now being reimplemented",2019,2028,,190000000,ongoing,https://www.theregister.com/2026/01/29/birmingham_oracle_latest/
payroll-hr,Oregon Department of Administrative Services,US,Oregon State Payroll Application (OSPA) plus ePayroll time tracking,Workday Payroll and Time Tracking (IBM as implementer),2021,2022,23,,completed_late_or_over,https://sos.oregon.gov/audits/Documents/2024-14.pdf
payroll-hr,WA Health / Health Support Services (HRMIS program),AU,"Lattice, Ascender Pay, ShiftMatch and RoStar",HRplus on SAP SuccessFactors plus UKG (Kronos) time management (Deloitte),2022,2025,40,150000000,ongoing,https://www.itnews.com.au/news/deloitte-sap-win-220m-wa-health-hr-system-deal-575585
pension-provident-fund-admin,California State Teachers' Retirement System (CalSTRS),US,"START, the custom-built legacy pension administration system","BenefitConnect: Pension Solution, built first by CGI and then by Sagitec after CGI exited in 2022-23",2014,2025,134,523100000,completed_late_or_over,http://www.calstrs.com/files/41851922d/TRB+2025-11+Item+17.00+-+BenefitConnectUpdt.pdf https://www.calstrs.com/files/2282bfbdc/EnterpriseProjects-FY2022-23Q3.pdf
pension-provident-fund-admin,Massachusetts State Retirement Board (MSRB),US,38-year-old legacy pension system,"MARIS (Sagitec Neospin on .NET, hosted by Sagitec)",2010,2017,78,,completed_late_or_over,https://www.sagitec.com/pension-software-company/press-releases/bid/72035/massachusetts-state-board-of-retirement-chooses-sagitec-to-build-and-host-new-pension-administration-system http://www.massretirees.com/article/issues/retirement-systems/attention-state-retirement-system-retirees-maris-update
pension-provident-fund-admin,Washington State Department of Retirement Systems (DRS),US,"30-year-old legacy applications for member information, benefits, receivables and disbursement","CORE:PAM on Sagitec Neospin, cloud-hosted",2023,2027,48,,ongoing,https://www.drs.wa.gov/wp-content/uploads/2025/11/DRSAgencyUpdate_1125.pdf
pension-provident-fund-admin,Public Employees' Retirement System of Nevada (NVPERS),US,Legacy pension administration system ('Carson' system),PARIS (Pension Administration and Reporting Information System),2019,2027,90,23500000,ongoing,https://citizenportal.ai/articles/7352576/Nevada/2026-Legislature-NV/PERS-delays-PARIS-golive-to-January-2027-staff-says-project-remains-within-budget https://citizenportal.ai/articles/6606239/nevada/2025-legislature-nv/committees-approve-continued-pers-pension-system-replacement-funding-and-ask-for-oversight-reports
pension-provident-fund-admin,Nest Corporation (National Employment Savings Trust),UK,TCS-operated scheme administration,"New Atos-built digital pensions administration service (GBP 1.5bn, up to 18-year contract), terminated after 2 years. TCS retained on a new 10-year deal",2021,2023,23,92000000,cancelled_or_rolled_back,https://www.theregister.com/2023/11/03/nest_atos_breakup/ https://www.professionalpensions.com/news/4118558/nest-signs-deal-tcs-termination-contract-atos
pension-provident-fund-admin,"Cabinet Office (Civil Service Pension Scheme, about 1.5 to 1.7m members)",UK,MyCSP administration,Capita administration service and new member portal (GBP 239m contract),2023,2025,,,completed_late_or_over,https://www.theregister.com/2026/04/17/capita_csps/ https://www.nao.org.uk/reports/investigation-into-the-administration-of-the-civil-service-pension-scheme/
pension-provident-fund-admin,"HESTA (about 1.1m members, about A$100bn)",AU,Link Group (now MUFG Pension & Market Services) outsourced administration platform,GROW Inc cloud superannuation administration platform,2023,2025,24,,completed_late_or_over,https://www.apra.gov.au/news-and-publications/apra-imposes-additional-licence-conditions-hesta https://newshub.medianet.com.au/2025/06/hesta-completes-transition-of-member-administration-services-with-services-back-online/103966/
pension-provident-fund-admin,"APG (for ABP, bpfBOUW and other funds; 4.8m participants)",EU,APG in-house Generieke Pensioen Systeem (GPS) administration,Festina Finance Life & Pension platform (Wtp-ready). PWRI and PPF APG are live; ABP is targeted for 1 Jan 2027,2022,2027,55,,ongoing,https://apg.nl/en/publication/apg-chooses-festina-finances-pension-administration-system/ https://www.festinafinance.com/the-festina-life-and-pension-platform-live-in-the-netherlands/
pension-provident-fund-admin,"Employees' Provident Fund Organisation (EPFO), India",IN,120+ decentralised regional office databases,CITES 2.01 centralised national database (built by C-DAC),2021,2026,60,,completed_late_or_over,https://www.newsonradar.com/epfo-board-meet-investment-in-aifs-on-case-to-case-basis-centralised-database/ https://www.whalesbook.com/news/English/technology/EPFO-Delays-UPI-Claim-Facility-to-August-Over-Portal-Glitches/6a660801d1570ec59e5422ee
port-terminal-operating-system,"Georgia Ports Authority (Garden City Terminal, Ocean Terminal, Appalachian Regional Port)",US,Navis SPARCS/Express (at Garden City since fall 2000),Navis N4 (Kaleris),2018,2022,44,,completed_on_time,"https://gaports.com/n4/n4-faqs/ (N4 at Appalachian Aug 2018 and Ocean Terminal Feb 2021. Garden City cutover from 1800 on 1 Apr to 0200 on 2 Apr 2022. Over 150 staff plus 40+ external consultants. No cost disclosed. No delay reported, so the on-time outcome is inferred.)"
port-terminal-operating-system,Virginia Port Authority / Virginia International Terminals (Norfolk International Terminals),US,25-year-old legacy terminal operating system,Navis N4,2012,2014,24,,completed_on_time,"https://www.marinelink.com/news/norfolk-navis-live372753 (go-live 20 Jun 2014 after more than two years of testing and simulation, with no major disruptions to NIT operations). See also https://www.ship-technology.com/news/newsnavis-installs-n4-terminal-operating-system-at-port-of-virginias-nit-4316981/"
port-terminal-operating-system,"South Carolina Ports Authority (Wando Welch, North Charleston, Columbus Street and others)",US,Prior SCPA terminal systems (not named in sources),Navis SPARCS N4,2010,2026,191,11900000,completed_late_or_over,"https://www.heavyliftpfi.com/sectors/south-carolina-state-ports-authority-to-implement-new-terminal-operating-system/1765.article (N4 announced 23 Sep 2010; search snippets say implementation was scheduled for 2011 across six terminals, including Columbus Street). https://scspa.com/news/sc-ports-authority-suspends-jasper-funding-sets-path-forward/ ($11.9M HITT infrastructure contract for the TOS, Dec 2011; this covers infrastructure only, not total cost). https://scspa.com/toolkit/breakbulk-shippers/accessing-navis-n4-for-breakbulk-cargo/ (N4 for breakbulk at Columbus Street goes live 31 Aug 2026)."
port-terminal-operating-system,Port Authority of Guam,US,"Navis N4 (installed 2016, which replaced an in-house system)","New TOS (RFP-PAG-025-001, vendor not yet named)",2023,,,,ongoing,"https://portofguam.com/terminal-operating-system-tos (TOS RFI PAG/RFI-023-001, Jan 2023). https://notices.guam.gov/notice_detail/7321 (RFP for a New Terminal Operating System, posted 27 Aug 2025, due 27 Oct 2025). https://www.freightwaves.com/news/port-of-guam-replaces-in-house-operating-system-with-navis-n4 (the 2016 N4 replacement of the in-house system)."
port-terminal-operating-system,"Hutchison Ports UK, Port of Felixstowe",UK,Navis SPARCS plus in-house applications,Hutchison Ports nGen (in-house TOS),,2018,,,completed_late_or_over,"https://gcaptain.com/felixstowes-new-it-system-is-blamed-for-significant-delays/ (cutover 10 Jun 2018, then yard 'communication inconsistencies', vessels at anchor and carriers diverting). https://www.worldcargonews.com/ports-terminals/2018/06/felixstowe-ngen-delay/ (replaced Navis SPARCS and in-house apps). https://theloadstar.com/comment-supply-chain-pain-felixstowe-ambitious-switch-crashes/ (old Navis system; the MCP port community system dates from 1984)."
port-terminal-operating-system,DP World Constanta (Constanta South Container Terminal),EU,Legacy Navis systems (in use for 16 years),Navis N4,,2020,,,completed_on_time,https://www.dcvelocity.com/articles/45992-dp-world-constanta-upgrades-legacy-terminal-system-transitioning-to-n4-to-improve-operational-funct (May 2020 go-live; migration done in hours). https://container-news.com/dp-world-constanta-selects-navis-to-enhance-its-operations/
port-terminal-operating-system,Port of Tanjung Pelepas (MMC / APM Terminals),MY,Navis SPARCS/Express (end of life),Navis N4 (upgraded to N4 4.0 on 9 Dec 2024),,2019,,,completed_on_time,"https://kaleris.com/case-study/port-of-tanjung-pelepas-ptp-case-study/ (SPARCS/Express at end of life; live on N4 by Jul 2019 with no unplanned impact). https://www.mmcports.com.my/port-of-tanjung-pelepas-goes-live-with-kaleris-4-0-terminal-operating-system/ (N4 4.0 'implemented on schedule', 9 Dec 2024)."
port-terminal-operating-system,"Northport (Malaysia) Bhd, Port Klang",MY,Existing Northport TOS (not named),Navis N4 plus workforce management and hardware (turnkey),2024,,,,ongoing,https://kaleris.com/news/northport-partners-with-kaleris-to-enhance-terminal-operating-system/ (implementation began Jan 2024; no go-live found in opened sources)
port-terminal-operating-system,Pelindo (PT Pelabuhan Indonesia) container subholding terminals,ID,Mixed legacy terminal systems across regional Pelindo terminals,TOS Nusantara (built in-house by ILCS),2022,,,,ongoing,"https://mimbarmaritim.com/2025/07/22/perkuat-digitalisasi-nasional-ilcs-dukung-implementasi-tos-nusantara-di-pelabuhan-sorong/ (developed 2022; Sorong was the 14th location, Jul 2025)"
port-terminal-operating-system,Patrick Terminals (Sydney AutoStrad plus two manual terminals),AU,30-year-old in-house legacy TOS,Navis N4 3.8,2020,2020,7,,completed_on_time,"https://www.dcvelocity.com/articles/47109-patrick-terminals-sydney-autostrad-migrates-to-n4-to-advance-automation-capabilities (two manual terminals moved to N4 over the 6 months before the Sep 2020 AutoStrad go-live, done remotely)"
port-terminal-operating-system,"DP World Australia (Sydney, Fremantle, Melbourne, Brisbane)",AU,19 systems running across the terminal network,Navis N4 (standardised and centralised),,2014,,,completed_on_time,"https://maritime-executive.com/corporate/DP-World-Australia-Completes-Next-Phase-of-TOS-Standardization-and-Centralization-with-Navis-N4-GoLive--2013-11-19 (Sydney, Fremantle and Melbourne live by Nov 2013; Brisbane scheduled for Q1 2014; multi-year programme)"
port-terminal-operating-system,"Adani Ports and SEZ (APSEZ), 15 container terminals at 9 ports",IN,Existing terminal systems at APSEZ terminals (mixed; phase 1 covered 6 ports),Kaleris Navis N4 plus AI-augmented container handling and optimisation,2026,,,100000000,ongoing,"https://www.adani.com/newsroom/media-releases/apsez-expands-partnership-with-us-based-kaleris-to-accelerate-ai-led-transformation (16 Jun 2026: up to USD 100M in two phases, multi-year, N4 across 15 terminals; part of a USD 850M tech and decarbonisation plan to 2031)"
procurement-ap,Birmingham City Council,UK,"SAP R/3 (finance, procurement, HR/payroll)",Oracle Fusion Cloud ERP,2018,"ongoing (reimplementation in progress, 2026)",,188000000,ongoing,https://www.theregister.com/2026/01/29/birmingham_oracle_latest/
procurement-ap,West Sussex County Council,UK,"Legacy SAP (HR, payroll, finance, procurement)",Oracle Fusion Cloud ERP,2019,2026 (go-live replanned to Oct 2026; original 2021),,53000000,ongoing,https://www.theregister.com/software/2026/03/16/west-sussex-county-council-pushes-back-oracle-rollout-again/5224574
procurement-ap,Surrey County Council,UK,"SAP (finance, procurement, HR/payroll)",Unit4 ERP,2020,2023,33,35400000,completed_late_or_over,https://www.theregister.com/2024/07/16/18_months_late_and_68pc/
procurement-ap,"Health Service Executive (HSE), Ireland",EU,"Multiple legacy finance and procurement systems (ageing, unsupported; stabilised from 2016)",SAP-based Integrated Financial Management System (IFMS),2015,2025,120,147000000,completed_late_or_over,https://www.audit.gov.ie/en/find-report/publications/2024/17-the-health-service-executive-s-integrated-financial-management-system.pdf
procurement-ap,US Navy,US,Legacy Navy financial and acquisition systems (after four failed SAP pilots),Navy ERP (SAP),2003,2013,120,2400000000,completed_late_or_over,https://www.gao.gov/products/gao-09-841
procurement-ap,State of Minnesota (Management and Budget),US,"MAPS (Minnesota Accounting and Procurement System, 1990s)",SWIFT (Oracle PeopleSoft Financials and Procurement),2009,2011,23,,completed_on_time,https://www.auditor.leg.state.mn.us/fad/pdf/fad1223.pdf
procurement-ap,Australian Department of Defence,AU,"ROMAN finance system and hundreds of legacy Defence business applications (finance, procurement, supply, maintenance)",SAP S/4HANA (Defence ERP program),2015,2030 (revised from 2025),,2280000000,ongoing,https://www.canberratimes.com.au/story/8762823/defence-erp-overhaul-blows-out-to-35b-in-latest-it-bungle/
procurement-ap,Accountant General's Department of Malaysia,MY,"GFMAS (SAP 4.7), eSPKB and eTerimaan payment/receipt systems",iGFMAS (SAP ECC6),2013,2018,60,192000000,completed_late_or_over,https://www.bernama.com/en/news.php?id=1860392
procurement-ap,"Ministry of Finance / State Treasury, Vietnam",VN,Distributed treasury legacy systems across provinces and districts,"TABMIS (Oracle Financials incl. Purchasing and Accounts Payable, IBM integrator)",2003,2013,121,87700000,completed_late_or_over,https://documents1.worldbank.org/curated/en/264541468319763280/pdf/ICR30840P075390C0disclosed060260140.pdf
procurement-ap,"Government of India, Ministry of Commerce and Industry",IN,DGS&D (Directorate General of Supplies and Disposals) rate-contract procurement,Government e-Marketplace (GeM),2016,2017,19,,completed_on_time,https://en.wikipedia.org/wiki/Government_e_Marketplace
retail-pos-merch,Lidl (Schwarz Group),EU,Homegrown legacy inventory and merchandise management system,eLWIS on SAP for Retail (HANA),2011,2018,84,590000000,cancelled_or_rolled_back,https://www.retaildetail.eu/news/food/lidls-failed-it-project-cost-half-billion/
retail-pos-merch,J Sainsbury plc (business transformation with Accenture),UK,Legacy in-house supply chain and stock-management IT,Accenture-built IT systems and automated fulfilment depots,2000,2004,54,472000000,cancelled_or_rolled_back,https://www.computerworld.com/article/1706086/sainsbury-accenture-to-redo-outsourcing-pact.html
retail-pos-merch,Wm Morrison Supermarkets (Evolve programme),UK,"In-house mainframe systems 20-30 years old, five different till systems","Oracle Retail (merchandising, planning, stores/EPOS) plus Oracle E-Business Suite, Wipro as SI",2007,2013,72,479700000,completed_late_or_over,https://www.just-food.com/features/talking-tech-morrisons-evolve-it-project/
retail-pos-merch,Woolworths Group (Project Galaxy),AU,"CASS, a proprietary merchandising system about 30 years old",SAP merchandising (ERP),2009,2016,84,,completed_late_or_over,https://www.itnews.com.au/news/woolworths-makes-fixing-it-a-priority-434957
retail-pos-merch,Pennsylvania Liquor Control Board (Project Spirit),US,"Legacy purchasing, warehouse inventory and store sales systems",Integrated ERP: Oracle E-Business Suite plus a vendor inventory-forecasting module,2007,2010,36,66600000,completed_late_or_over,https://www.paauditor.gov/wp-content/uploads/audits-archive/Media/Default/Reports/fedLCBAudit063011.pdf
retail-pos-merch,"Asda (Project Future, separation from Walmart)",UK,"More than 2,500 Walmart-hosted legacy systems, including Walmart's SAP ERP",Standalone SAP S/4HANA on Microsoft Azure plus SaaS store and supply chain systems,2021,2025,54,1600000000,completed_late_or_over,https://www.theregister.com/paas-and-iaas/2026/07/08/tech-divorce-from-walmart-cost-brit-retail-giant-asda-122b/5268298
retail-pos-merch,J Sainsbury plc (commercial systems transformation),UK,"Oracle Retek merchandise management, in use about 22 years","SAP S/4HANA for Retail via RISE with SAP (Accenture, AWS)",2024,,,,ongoing,https://www.theregister.com/2024/09/17/sainsburys_rise_with_sap/
retail-pos-merch,Oregon Liquor and Cannabis Commission (Distilled Spirits Supply Chain project),US,"More than 40 siloed liquor distribution and agent-store applications, most 20-40 years old","Accenture-delivered ERP, WMS and online ordering. Store POS was dropped from the original scope and moved to a separate COTS evaluation",2025,,,24000000,ongoing,https://www.oregon.gov/olcc/Docs/2026-OLCC-Strategic-Plan-Annual-Assessment-Report.pdf
student-information,NSW Department of Education (Learning Management and Business Reform program),AU,"Legacy student administration, finance and HR/payroll systems across NSW public schools and TAFE","Integrated LMBR ERP, including the SALM student administration and learning management module",2006,2018,150,553000000,completed_late_or_over,https://www.audit.nsw.gov.au/our-work/reports/education-2018 (A$737M cumulative to 30 Jun 2018 vs A$483M original budget; converted at about 0.75 USD/AUD). Also https://www.audit.nsw.gov.au/sites/default/files/pdf-downloads/2014_Dec_Report_The_Learning_Management_and_Business_Reform_Program.pdf
student-information,Los Angeles Unified School District (ISIS project),US,Legacy LAUSD student tracking systems,"ISIS integrated student information system on SchoolMax (abandoned, later replaced by MiSiS)",2003,2009,72,112000000,cancelled_or_rolled_back,https://spectrum.ieee.org/la-school-district-continues-suffering-misis-misery
student-information,Los Angeles Unified School District (MiSiS),US,Legacy LAUSD student systems after the failed ISIS/SchoolMax effort,"MiSiS, an in-house redevelopment of Fresno Unified's student tracking system",2013,2018,60,173900000,completed_late_or_over,https://www.laschoolreport.com/40-million-more-okd-to-fix-misis-then-it-will-cost-lausd-at-least-12-million-each-year-to-maintain/ (original budget $29.7M; $173.9M by Apr 2016; failed 2014 launch)
student-information,"Washington State Board for Community and Technical Colleges (34 colleges, ctcLink)",US,35-year-old legacy administrative and student system,Oracle PeopleSoft Campus Solutions plus Finance/HCM (ctcLink),2010,2022,144,145096227,completed_late_or_over,"https://watech.wa.gov/sites/default/files/2022-12/ctcLink_synopsis.pdf ; https://portal.sao.wa.gov/ReportSearch/Home/ViewReportFile?arn=1035361&isFinding=false&sp=false (pilot delayed a year from Aug 2014, contractor Ciber went bankrupt in 2017, all colleges live 9 May 2022)"
student-information,Minnesota State Colleges and Universities (NextGen),US,"ISRS (Integrated Statewide Records System), in use for more than 20 years",Workday Student (after Workday HCM/Finance went live in Jul 2024),2021,2029,,,ongoing,"https://www.minnstate.edu/system/its/nextgen/nextgen-highlights/articles/20250328.html ; https://citizenportal.ai/articles/7087551/Minnesota-State-trustees-approve-revised-NextGen-timeline-and-authorize-Workday-student-contract (Nov 2024: +$47.7M budget, $61.1M Workday Student SOW, completion about 3 years later than originally planned)"
student-information,Washington University in St. Louis (Student Sunrise),US,"Nearly 80 1990s-era student systems (WebSTAC, WebFAC, SIS Admin)",Workday Student,2020,2025,60,98900000,completed_on_time,https://www.studlife.com/news/2025/12/10/breaking-down-workdays-265-million-cost ; https://source.washu.edu/2023/04/workday-student-go-live-dates-set/ (go-lives on 25 Sep 2024 and 17 Feb 2025 as set in 2023)
student-information,Lehigh University (Future Ready),US,On-premises Ellucian Banner ERP/SIS,Ellucian Banner SaaS,2024,2029,60,,ongoing,https://its.lehigh.edu/banner-saas-transition-driving-innovation-future-ready-lehigh
student-information,Nanyang Technological University,SG,NTU legacy student information system,"Tribal SITS:Vision (cloud) plus Tribal Edge, on an 8-year contract",2021,2023,23,,cancelled_or_rolled_back,https://www.marketscreener.com/quote/stock/TRIBAL-GROUP-PLC-4003413/news/Tribal-shares-plunge-by-15-as-Singapore-s-NTU-contract-terminates-43290664/ ; https://www.investegate.co.uk/announcement/rns/tribal-group--trb/ntu-settlement-agreement-/8219061 (terminated 17 Mar 2023; Tribal paid NTU a £3.1M settlement in May 2024)
student-information,Western Sydney University,AU,Tribal Callista,"Ellucian Banner (on-prem, moving to Ellucian SaaS under a A$14.7M 48-month agreement from Apr 2023)",pre-2020 (contract year not stated in source),2021,,,completed_late_or_over,https://www.westernsydney.edu.au/sms/new-sms/what-is-an-sms (went live 6 Oct 2021 after a planned Sep 2020 go-live was postponed); https://www.westernsydney.edu.au/content/dam/digital/pdf/eds/general/ougc/GIPA-Register-December-2025-Final.pdf
student-information,University of Galway (Student Digital Pathways),EU,Legacy student records system (not named in source),New student records management system delivered by EduCampus (contract expired Jun 2025),2021,ongoing,,12400000,ongoing,"https://www.irishexaminer.com/news/arid-41912572.html ; https://www.rte.ie/news/politics/2026/0924/1592801-university-of-galway-pac/ (EUR 10.6M spent, EUR 1.6M written off, deadline was 1 Sep 2023; converted at about 1.17 USD/EUR)"
student-information,"Cardiff Council (128 primary, secondary and special schools)",UK,ESS SIMS,Arbor MIS and Arbor Finance,2025,ongoing,,3300000,ongoing,"https://www.whichmis.com/largest-local-authority-in-wales-chooses-arbor-mis-and-arbor-finance-for-all-its-schools/ (about £2.5M over 5 years, awarded Jul 2025)"
telecom-bss,Hawaiian Telcom,US,Verizon legacy back-office systems (provided under transition services),"BearingPoint-built back-office stack (customer care, order management, billing, supply chain)",2004,2008,46,,completed_late_or_over,https://www.sec.gov/Archives/edgar/data/1349120/000110465908020904/a08-2974_110k.htm (FY2007 10-K: BearingPoint agreement Aug 2004; cutover 1 Apr 2006 with back-office systems lacking significant functionality; BearingPoint paid $52.0M and waived about $29.6M of invoices; Accenture remediation ran to Jun 2008)
telecom-bss,FairPoint Communications (northern New England lines bought from Verizon),US,Verizon legacy OSS/BSS under transition services agreement,"About 60 new systems built by Capgemini, including billing and order management",2007,2009,24,160000000,completed_late_or_over,https://www.distressed-debt-investing.com/2010/08/distressed-debt-analysis-fairpoint_22.html ($160M Capgemini contract; cutover slipped from Sep 2008 to Jan 2009; Chapter 11 filed 26 Oct 2009); https://www.computerworld.com/article/1502328/capgemini-takes-heat-for-fairpoint-s-failure.html (billing issues were more than half of complaints)
telecom-bss,"Frontier Communications (California, Texas, Florida lines bought from Verizon)",US,"Verizon CTF billing, CRM and OSS",Frontier billing and back-office systems (single-day flash cut),2015,2016,14,750000000,completed_late_or_over,https://static.blbglaw.com/docs/Frontier_Consolidated_Complaint.pdf (shareholder complaint: flash cut 1 Apr 2016; integration costs rose from $450M estimated to $750M; billing failures. These are allegations in litigation)
telecom-bss,Vodafone UK,UK,"Seven legacy billing and service platforms (28.5M accounts, about 1bn data fields)",Single Siebel CRM and Oracle BRM based stack,2012,2015,36,,completed_late_or_over,https://www.theregister.com/on-prem/2016/10/26/vodafone-rapped-with-record-46m-fine-for-failing-customers/557870 (Ofcom £4.6m fine; migration from end of 2013 to 2015); https://www.henricodolfing.ch/en/case-study-13-vodafones-59-million-customer-relationship-disaster/
telecom-bss,Telefonica Deutschland (O2 + E-Plus),EU,Separate O2 and E-Plus customer and billing IT stacks,Single uniform IT system for more than 20M private customers,2014,2019,60,,completed_on_time,https://www.telefonica.de/news/press-releases-telefonica-germany/2019/10/telefonica-germany-stronger-than-ever-five-years-after-the-acquisition-of-e-plus.html
telecom-bss,Globe Telecom,PH,"200+ legacy BSS and data-warehouse systems across prepaid, postpaid, wireline and broadband","Amdocs CES 8.1 (convergent charging and billing, CRM, ordering, catalog) under a 7-year managed service",2011,2013,24,90000000,completed_on_time,"https://www.prnewswire.com/news-releases/globe-announces-network-modernization-and-it-transformation-program-133679363.html ($90M IT transformation, 24-36 month plan, Nov 2011); https://www.prnewswire.com/news-releases/amdocs-delivers-major-bss-and-bidw-transformation-at-globe-telecom-205444991.html (postpaid go-live Apr 2013)"
telecom-bss,M1 Limited,SG,"On-premise legacy BSS/IT (about 150 applications, 200+ databases)","Cloud-native stack: Salesforce, Openet (Amdocs) charging, Aria billing, Microsoft Azure, Snowflake",2019,2021,24,,completed_on_time,https://www.keppel.com/media/m1-unveils-new-brand-identity-supported-by-a-full-digital-transformation--changing-singapores-way-of-telecommunications/ (two-year transformation announced 23 Feb 2021)
telecom-bss,Celcom Axiata,MY,"Legacy billing, CRM and provisioning systems",New 13-14 subsystem BSS led by Oracle and Accenture,2012,2015,36,,completed_late_or_over,https://www.digitalnewsasia.com/mobility/axiata-reveals-lessons-learnt-from-bumpy-it-transformation-programme (interface failures with network elements and customer data corruption cost customers and dealers; FY2014 profit fell 19%)
telecom-bss,CelcomDigi,MY,"Separate Celcom and Digi billing, CRM and ERP stacks",Single consolidated billing/CRM/ERP platform,2023,2027 (planned),,,ongoing,https://corporate.celcomdigi.com/news/celcomdigi-delivers-resilient-fy2025-growth-driven-by-strong-execution-and-operational-efficiencies (IT consolidation 80% complete; CRM and ERP due early 2027)
telecom-bss,BSNL,IN,SSA-level legacy billing and customer care systems,"Centralised CDR-based convergent billing and CRM in 4 zonal data centres (TCS, HCL, Wipro)",2007,2011,42,296000000,completed_late_or_over,"https://www.telecompaper.com/news/bsnl-awards-cdr-project-to-tcs-hcl-wipro--570366 (INR 12bn award Sep 2007, completion targeted Dec 2008; per BSNL training material, 277 of 344 SSAs were live by Mar 2011)"
telecom-bss,Indosat Ooredoo Hutchison,ID,"Fragmented BSS from 5+ vendors (billing, charging, voucher, catalog, ordering, mediation) across Indosat and Tri",Ericsson Digital Monetization Platform (8M postpaid and 83M prepaid subscribers migrated),2023,2024,20,,completed_on_time,https://www.ericsson.com/en/press-releases/2/2024/11/indosat-ooredoo-hutchison-and-ericsson-complete-the-worlds-first-full-stack-digital-monetization-platform-deployment ; https://www.ericsson.com/en/cases/2025/indosat-ooredoo-hutchison
telecom-bss,Telstra,AU,"Siebel CRM and legacy provisioning, billing and e-commerce stacks (1,800 plans)",New IT stack on Salesforce and ServiceNow (20 core plans),2016,2026,118,690000000,completed_late_or_over,"https://www.arnnet.com.au/article/1264570/telstra-t22-scorecard-sees-1b-invested-in-new-tech-stack.html (more than A$1bn invested by 2020, about US$690M); https://www.itnews.com.au/news/telstra-finalises-moves-off-siebel-teradata-pivotal-cloud-foundry-625504 (last Siebel customers migrated by May 2026)"
trade-finance,HSBC,UK,HSBC's legacy trade processing technology (the press releases do not name the systems),"CGI Trade360, branded HSBC Trade Solutions (HTS)",2019,,42,,ongoing,"https://www.cgi.com/en/hsbc-launches-digital-platform-that-revolutionises-trade-finance (CGI picked April 2019 per https://www.cgi.com/en/2019-04-30-HSBC-chooses-CGI-as-partner-for-delivery-of-transformational-global-trade-technology-platform. UK and Hong Kong went live 7 Oct 2022, about 42 months later, and other markets were still being added after that)"
trade-finance,State Bank of India,IN,Separate legacy trade systems at overseas offices. Search coverage names Surecomp DOKA and an older Trade Innovation at SBI Singapore.,"Finastra (Misys) Fusion Trade Innovation plus Fusion Corporate Channels, run from a central hub in India",2016,2017,14,,completed_on_time,https://www.finastra.com/sites/default/files/documents/2018/04/state-bank-india-reinvents-trade-finance.pdf (25 countries moved in 14 months. The SBI CTO says it was delivered on time and within budget)
trade-finance,Bank Negara Indonesia (BNI),ID,Several legacy trade systems and standalone local instances at overseas branches,"Finastra Trade Innovation, one central instance hosted in Jakarta",,,,,ongoing,https://www.prnewswire.com/news-releases/bni-unifies-global-trade-finance-on-finastras-trade-innovation-significantly-accelerating-customer-onboarding-302659539.html (13 Jan 2026: nine international locations still being moved to the central system)
trade-finance,DBS Bank,SG,"Separate trade back offices at the Hong Kong units DBS acquired (Kwong On, Dao Heng, Overseas Trust Bank) and in Singapore","Surecomp IMEX, centralised",2001,2003,17,,completed_on_time,"https://surecomp.com/case-study/imex-takes-center-stage/ (stage 1 Q4 2001, stage 3 Singapore March 2003, which ended the original installation agreement. Vendor case study, and it does not compare actual dates with the plan)"
trade-finance,"Tier-one Philippine bank (unnamed, top three, about US$36B in assets)",PH,Older release of Surecomp's back-office trade finance system (in use for over 20 years),"Latest Surecomp back-office release, with a core technology change and SWIFT 2018 compliance",,2019,,,completed_on_time,https://surecomp.com/news/tier-one-philippine-bank-upgrades-trade-finance-software-with-eye-on-the-future/ (20 Feb 2019: 'completed on time and on budget')
trade-finance,Commerzbank AG,EU,Existing back-office trade finance processing across several Commerzbank entities (not named),Surecomp DOKA-NG in the bank's private cloud,2024,,,,ongoing,https://surecomp.com/news/commerzbank-ag-selects-surecomp-to-future-proof-next-level-trade-finance-business/ (selected 7 Feb 2024 after a long evaluation. I found no go-live announcement)
trade-finance,"Contour consortium (nine banks, including HSBC, Standard Chartered, Citi, BNP Paribas and DBS)",SG,Paper and SWIFT MT700-based letter of credit issuance and advising,Contour blockchain digital LC network,2020,2023,37,,cancelled_or_rolled_back,https://www.ledgerinsights.com/contour-blockchain-trade-finance-network-shutter/ (closed end of November 2023 after the bank backers declined more funding. It was handling only 60-70 transactions a month)
utility-billing-cis,Los Angeles Department of Water and Power (LADWP),US,Roughly 40-year-old in-house mainframe customer billing system,"New CIS (SAP-based Customer Care and Billing), integrated by PricewaterhouseCoopers",2009,2013,50,193000000,completed_late_or_over,https://ens.lacity.org/opa/importantdoc/opaimportantdoc324996853_07012015.pdf
utility-billing-cis,Seattle City Light and Seattle Public Utilities,US,CCSS (Consolidated Customer Service System),NCIS (New Customer Information System),2014,2016,32,100000000,completed_late_or_over,https://council.seattle.gov/2016/04/08/utility-billing-system-delays-neighborhood-street-fund-deadline-and-preservation-the-missing-piece-of-our-housing-strategy/
utility-billing-cis,"Duke Energy (Customer Connect programme, all jurisdictions)",US,Four legacy billing systems; Duke Energy Indiana's CIS was built from 1987 and live since 1993,"SAP (S/4HANA Utilities), integrated by Accenture",2018,2023,58,900000000,completed_late_or_over,https://iurc.portal.in.gov/_entity/sharepointdocumentlocation/3fcd5e90-d59d-e911-a97d-001dd800a749/bb9c6bba-fd52-45ad-8e64-a444aef13c39?file=45253+-+DEI+-+Direct+Testimony+of+Retha+I+Hunsicker+070219.pdf ; https://www.wcpo.com/news/local-news/i-team/they-wiped-me-out-duke-energy-adopted-new-billing-software-in-2022-it-made-more-than-100-000-mistakes
utility-billing-cis,British Gas (Centrica),UK,Legacy British Gas billing systems,"Jupiter (SAP-based billing), built by Accenture",2002,2006,50,552000000,completed_late_or_over,https://www.theregister.com/2008/05/12/accenture_centrica_sue/ ; https://www.pinsentmasons.com/out-law/guides/gb-gas-holdings-limited-v-accenture-uk-limited-and-others-
utility-billing-cis,npower (RWE npower),UK,Legacy domestic billing platform,SAP-based billing and complaints-handling system,2011,2013,25,,completed_late_or_over,https://ofgem.gov.uk/press-release/npower-pay-ps26m-failing-treat-customers-fairly
utility-billing-cis,EDF Energy (UK retail),UK,Legacy EDF customer billing platform,Kraken (Octopus Energy Group),2023,2024,15,,completed_on_time,https://www.edfenergy.com/media-centre/edf-completes-migration-58m-customer-accounts-15-months
utility-billing-cis,Origin Energy (retail transformation),AU,Legacy retail billing systems plus the billing systems of Integral Energy and Country Energy (bought from the NSW Government),SAP billing and CRM,2008,2014,72,510000000,completed_on_time,https://www.itnews.com.au/news/origin-energy-completes-troubled-sap-transformation-392192
utility-billing-cis,Origin Energy (retail),AU,SAP billing and CRM,Kraken (Octopus Energy Group),2020,2022,30,,completed_on_time,https://www.kraken.tech/case-studies/origin ; https://www.originenergy.com.au/about/investors-media/how_origins_digital_transformation_is_helping_to_get_energy_right_for_customers/
utility-billing-cis,"AGL Energy (consumer retail, about 4M customer services)",AU,Legacy AGL consumer billing and CRM stack,Kaluza,2024,,,195000000,ongoing,https://www.itnews.com.au/news/agl-to-transform-consumer-business-with-150m-kaluza-stake-608711
utility-billing-cis,"Thüga group (Thüga Abrechnungsplattform, TAP; 29 partner municipal utilities)",EU,SAP IS-U at partner Stadtwerke (mainstream support ends 2027),"powercloud shared billing platform. Abandoned in 2024 after powercloud was sold to Hansen, and restarted on SAP S/4HANA with Accenture.",2021,2024,40,,cancelled_or_rolled_back,https://www.zfk.de/digitalisierung/it/die-ersten-golives-der-tap-sind-fuer-2026-geplant ; https://www.thuega.de/stadtwerke-der-zukunft/thuega-abrechnungsplattform-neustart-25/
utility-billing-cis,Tata Power Delhi Distribution Ltd (Tata Power-DDL),IN,SAMBANDH (in-house customer relationship and billing system),SAP IS-U,not disclosed,2011,,,completed_on_time,https://documents1.worldbank.org/curated/en/099032924175531916/pdf/P17600018be27b04e18a341313faccab0ed.pdf
utility-billing-cis,PT PLN (Persero),ID,"AP2T (centralised customer service and billing application, in use since about 2010-2012, built with ICON+)","New AP2T (pilot in the Bali Nusra region from May 2026, then a national rollout)",2026,,,,ongoing,https://rri.co.id/denpasar/regional/2416768/pt-pln-luncurkan-new-ap2t
warehouse-management,US Defense Logistics Agency (DLA Distribution),US,"Distribution Standard System (DSS), a government-built COBOL warehouse system in use since the early 1990s",SAP-based Warehouse Management System integrated with DLA's SAP Enterprise Business System (C5MI as integrator),2018,2026,97,,completed_late_or_over,"https://www.nextgov.com/modernization/2023/01/defense-logistics-agency-shift-warehouse-management-commercial-software/381544/ (target: done by end FY2025); https://www.dvidshub.net/news/543314/dla-distribution-europe-set-go-live-with-new-warehouse-management-system (Europe go-live 21 Jul 2025); https://www.dvidshub.net/news/557217/dla-warner-robins-prepares-new-warehouse-management-system (last sites Feb-Jul 2026). Pilot at Corpus Christi in June 2018 per DLA (https://www.dla.mil/About-DLA/News/News-Article-View/Article/1558643/); the final go-live at Hill, Utah on 30 Jul 2026 comes from search results for the DLA release, whose page returned 403."
warehouse-management,Army & Air Force Exchange Service (AAFES),US,"Legacy DEC-based WMS in use since 1986, serving 8 distribution centers worldwide",Blue Yonder (JDA) Warehouse Management System,2017,2023,,,completed_on_time,"https://www.theexchangepost.com/2024/01/17/after-37-years-exchange-pulls-the-plug-on-legacy-warehouse-management-system/ (last DC, Gruenstadt, cut over May 2023; decommissioning saves $516K a year); https://www.theexchangepost.com/2018/06/13/germersheim-dcs-first-year-full-of-successes/ (Germersheim and West Coast DCs already on JDA by 2017-18). No schedule baseline was published, so 'on time' means no overrun was reported."
warehouse-management,FoxMeyer Drugs,US,Unisys mainframe order and warehouse systems,SAP R/3 plus Pinnacle warehouse automation (Andersen Consulting as integrator),1993,1996,36,65000000,cancelled_or_rolled_back,"https://zimmer.fresnostate.edu/~sasanr/Teaching-Material/MIS/ERP/FoxMeyer.pdf (Scott 1999: the Delta III project began in 1993 as a $65M integrated system; the first automated warehouse cutover was a disaster, with $34M of inventory lost; bankruptcy in 1996)"
warehouse-management,J Sainsbury plc,UK,Existing depot and store-replenishment systems,Accenture-built automated supply-chain IT and four new automated fulfilment depots,2000,2004,48,476000000,cancelled_or_rolled_back,"https://www.networkworld.com/article/873081/software-supermarket-sainsbury-s-unhappy-with-it-investments.html (written off: GBP 140M of IT assets plus GBP 120M of depot automation, plus GBP 30M of stock losses; some functions went back to manual processes. USD converted at about 1.83)"
warehouse-management,"ASOS plc (Euro Hub, Berlin)",EU,Prior Euro Hub warehouse software and process set-up,"New warehouse automation plus warehouse software at the Berlin Euro Hub, alongside the Atlanta US hub build-out",2018,2019,,59000000,completed_late_or_over,"https://www.logisticsmanager.com/asos-warns-that-warehouse-transition-problems-will-hit-profits/ (Jul 2019: GBP 47M of transition costs, up from GBP 35M; the automation-to-warehouse-software interface delayed efficiencies; profit warning)"
warehouse-management,Food Corporation of India (FCI),IN,"Depot Online System (DOS), FCI's depot-level warehouse and stock system","ANNA DARPAN, a microservices-based integrated supply-chain system on cloud, built by Coforge as system integrator",2024,,,,ongoing,"https://www.pib.gov.in/PressReleasePage.aspx?PRID=2060319 (contract signed 14 Jun 2024; covers mandis, mills, owned and hired depots, and divisional through HQ offices)"
warehouse-management,Myer,AU,Altona distribution centre operations,Highly automated Ravenhall National Distribution Centre (warehouse control system plus robotics),unknown (go-live Aug 2024),2025,,,completed_late_or_over,"https://www.channelnews.com.au/myer-must-move-quickly-to-fix-warehouse-automation-problems/ (Mar 2025: delayed ramp-up, cross-dock at 60% capacity, about A$12M lost earnings in the half including A$3M of duplicate Altona costs)"
warehouse-management,Genuine Parts Company Asia Pacific,AU,Multiple legacy warehouse systems and manual processes across DCs,Manhattan Active Warehouse Management (cloud-native),unknown,2026,,,ongoing,"https://www.thailand-business-news.com/pr-news/manhattan-associates-and-genuine-parts-company-go-live-with-next-generation-warehouse-management-system-in-brisbane (28 Apr 2026: Brisbane DC live after 1,400+ UAT scenarios and 850+ training sessions; one step in a wider network program)"
wealth-portfolio-accounting,Goldman Sachs Asset Management,US,"FIS InvestOne (licensed 1991) on IBM z/OS mainframe (CICS, DB2, VSAM) with about 30 years of custom GS COBOL orchestration code","InvestOne under a mainframe emulator on AWS as a tactical step (about 12 months), within a roughly 5-year strategic plan to move to FIS's modern platform",2024,,12,,ongoing,https://d1.awsstatic.com/onedam/marketing-channels/website/aws/en_US/events/approved/reinvent-2025/reinvent/2024/slides/fsi/FSI312_Replatforming-for-reinvention-Modernizing-mainframes-at-Goldman-Sachs.pdf ; https://www.constellationr.com/insights/news/aws-reinvent-2024-four-aws-customer-vignettes-merck-capital-one-sprinkr-goldman-sachs
wealth-portfolio-accounting,U.S. Bank Wealth Management and Investment Services,US,SEI TRUST 3000 (custody and trust accounting),"SEI Wealth Platform (SWP), hosted",2020,,,,ongoing,https://www.usbank.com/dam/documents/pdf/investment-services/swp-for-usbank-client-frequently-asked-questions.pdf
wealth-portfolio-accounting,"Old Mutual Wealth (Skandia UK, later Quilter)",UK,Heritage Skandia/Old Mutual Wealth UK platform administration systems,New IFDS-built platform (replatforming contract terminated May 2017),2013,2017,48,425000000,cancelled_or_rolled_back,https://www.moneymarketing.co.uk/news/omw-cancels-contract-ifds-replatforming-project/ ; https://www.moneymarketing.co.uk/analysis/quilters-epic-platform-migration-journey/
wealth-portfolio-accounting,Quilter plc (Quilter Investment Platform),UK,Heritage UK platform administration (after the failed IFDS build),"FNZ platform technology and BPO; £62.5bn, 490k+ customers and 600k+ accounts migrated in three tranches, Feb 2020 to Feb 2021",2017,2021,45,250000000,completed_late_or_over,https://www.moneymarketing.co.uk/news/quilter-replatforming-bill-rises-again/ ; https://plc.quilter.com/siteassets/documents/presentations/platform-transformation-slides-stven-levin-2021.pdf
wealth-portfolio-accounting,Brewin Dolphin,UK,Existing Brewin Dolphin wealth and back-office systems,JHC Systems Figaro (rollout halted May 2014; £32m impairment charge),2011,2014,36,54000000,cancelled_or_rolled_back,https://www.theregister.com/2014/05/19/brewin_dophin_software_cancellation/
wealth-portfolio-accounting,Brewin Dolphin (now RBC Brewin Dolphin),UK,"Legacy core custody and settlement system, described as 'nearing the end of its useful life'",Avaloq Core Platform as SaaS (£35m 10-year deal); go-live 7 Dec 2021 with parallel run; legacy decommission planned for summer 2022,2019,2022,35,,completed_late_or_over,https://www.nec.com/en/press/202112/global_20211207_03.html ; https://www.annualreports.com/HostedData/AnnualReportArchive/b/LSE_BRW_2020.pdf ; https://www.moneymarketing.co.uk/news/brewin-dolphin-signs-35m-custody-deal-with-avaloq/
wealth-portfolio-accounting,Westpac / BT Financial Group,AU,"Seven legacy wealth platforms, including BT Wrap and Asgard","Avaloq-based BT Panorama. Planned in 2014 to take 3 to 5 years; about A$600m spent by 2017; Asgard (60k accounts, A$16bn) was the last to migrate, in March 2026, for about A$70m more",2014,2026,136,480000000,completed_late_or_over,https://www.itnews.com.au/news/westpac-merges-seven-legacy-wealth-systems-397458 ; https://www.itnews.com.au/news/westpacs-600m-wealth-systems-overhaul-is-nearly-complete-460823 ; https://www.westpac.com.au/content/dam/public/wbc/documents/pdf/aw/ic/wbc-UNITE-presentation-2026.pdf
wealth-portfolio-accounting,Julius Baer (Swiss home market),EU,Ageing Swiss core banking system (vendor not named in source),"Temenos T24 core plus Temenos wealth front office, already used in Singapore and Luxembourg; roughly 5-year subscription",2025,2028,36,,ongoing,https://www.yahoo.com/news/articles/julius-baer-replace-swiss-system-165225620.html
wealth-portfolio-accounting,AP3 and AP4 (Swedish national pension buffer funds),EU,"Multiple legacy systems for portfolio management, accounting, risk, performance, compliance and financial reporting","SimCorp One (integrated, cloud), with Northern Trust and JP Morgan",2023,2025,26,,completed_late_or_over,https://www.simcorp.com/about-us/news/2023/Pension-funds-AP3-and-AP4-select-SimCorp-as-new-provider-portfolio-management-system ; https://www.ap4.se/en/news/press-releases-and-news/press-releases/ap3-and-ap4-complete-modernization-of-system-infrastructure/ ; https://www.top1000funds.com/investor-profile/complexity-to-clarity-how-ap4s-tech-overhaul-slashed-risk-and-costs/ (go-live postponed past summer 2025; full article paywalled)
wealth-portfolio-accounting,PT Bank Negara Indonesia (BNI) Wealth Management,ID,Existing BNI wealth management systems,Avaloq Core Platform (implemented with Synpulse; live across 200+ branches),2022,2023,13,,completed_on_time,https://www.hubbis.com/news/bank-negara-indonesia-scales-up-wealth-management-business-with-avaloq ; https://hubbis.com/news/synpulse-announces-successful-implementation-of-avaloq-wealth-management-system-at-bni
