category,vendor,product,first_shipped,disclosed_customers,regions,source
core-banking,Jack Henry & Associates,"SilverLake System (banks, IBM Power / IBM i)",Developed 1986-1987 for IBM System/38 and AS/400 (per Jack Henry history; the exact first ship year is not stated in the filing),520 banks with assets from $1B to over $55B (FY2025 10-K),US,https://www.sec.gov/Archives/edgar/data/779152/000077915225000055/jkhy-20250630.htm
core-banking,Jack Henry & Associates,"CIF 20/20 (banks, IBM midrange, RPG)","Lineage to Jack Henry's original system installed 1977. Ran on IBM System/36, later AS/400","260 banks, de novo to $6B assets (FY2025 10-K)",US,https://www.sec.gov/Archives/edgar/data/779152/000077915225000055/jkhy-20250630.htm
core-banking,Jack Henry & Associates,Core Director (Windows client/server),Not verified from an opened source,"Over 170 banks, de novo to $2B assets (FY2025 10-K)",US,https://www.sec.gov/Archives/edgar/data/779152/000077915225000055/jkhy-20250630.htm
core-banking,Jack Henry & Associates,Symitar (credit unions),Not verified. Jack Henry acquired Symitar in 2000,"About 715 credit unions, $20M to $33B assets. JKHY total: about 1,670 bank and credit union core clients (FY2025 10-K)",US,https://www.sec.gov/Archives/edgar/data/779152/000077915225000055/jkhy-20250630.htm
core-banking,Fiserv,"Account processing: Cleartouch, DNA, Finxact, Portico, Precision, Premier, Signature",Not disclosed in the 10-K. Finxact (cloud-native) was founded 2016 and bought by Fiserv in 2022,"No core client count disclosed. Processing and services revenue was 81% of 2024 revenue, on multi-year contracts","All seven platforms in the US. DNA, Finxact and Signature also sold globally",https://www.sec.gov/Archives/edgar/data/798354/000079835425000047/fi-20241231.htm
core-banking,FIS (formerly Systematics / Alltel Information Services),Systematics retail banking suite (mainframe),"Systematics Inc. founded 1968. Sold to Alltel 1990, to Fidelity National Financial 2003, now FIS. Wikipedia gives no product release year",Not disclosed in an opened source. FIS has run Barclays' core since 2012 and extended the contract (length not disclosed),"US, UK, global","https://en.wikipedia.org/wiki/Systematics,_Inc."
core-banking,Temenos,"Transact (formerly T24, built on GLOBUS)",GLOBUS developed 1988. T24 launched 30 September 2003. Temenos founded 1993,"Over 950 core banking clients and 600 digital banking clients, 150+ countries (temenos.com about page, read 2026)","Global: EU, UK, APAC (SG, ID, VN, PH, MY, TH), IN",https://www.temenos.com/about-us/
core-banking,Finastra (Misys / Kapiti / ACT),Fusion Equation (IBM AS/400) and Fusion Midas,"Midas designed 1975, first live 1976 at ANZ New York on IBM System/32 (RPG II). Kapiti founded 1975; KIBS rebranded Equation in 1990 on AS/400","Historical claim: by the late 1980s Midas packages served 900+ of the world's 1,000 largest banks. No current count found","Global. Equation has a large installed base in Asia, the Middle East and the UK",https://en.wikipedia.org/wiki/Midas_(banking_system)
core-banking,Silverlake Axis,Silverlake Axis Integrated Banking Solution (SIBS),Silverlake founded 1989 in Malaysia. SIBS runs mainly on IBM AS/400 (Power Systems),"About 40% of the 20 largest SEA banks, including 3 of the 5 largest (KGI Securities initiation report, July 2020)","MY, SG, ID, TH, PH, VN, and expansion into the Middle East",https://www.kgieworld.sg/securities/resources/ck/files/sg-report/Silverlake%20Axis%20(SILV%20SP)_Initiation%20OUTPERFORM_KGI%20Singapore%2020200709.pdf
core-banking,Oracle Financial Services (formerly i-flex),Oracle FLEXCUBE,1997,Over 400 banks worldwide have adopted it in some form (trade press. Ecobank runs it in 30 countries),"Global: IN, SEA, Africa, Middle East, EU",https://www.retailbankerinternational.com/features/ecobank-deploys-oracle-flexcube-in-30-countries/
core-banking,Infosys (EdgeVerve),Finacle,1999,Used by banks in over 100 countries as of 2020. Wikipedia gives no client count; vendor pages blocked fetches,"IN, EMEA, SEA, global",https://en.wikipedia.org/wiki/Finacle
core-banking,Tata Consultancy Services,TCS BaNCS,"Origin at Financial Network Services (Australia), acquired by TCS in 2005. The opened source gives no first-ship year","Trade press: deployed in more than 100 countries. Customers include SBI (some modules), Standard Chartered, CIMB Niaga and Khan Bank","IN, global, ID (CIMB Niaga)",https://business-news-today.com/what-is-tcs-bancs-the-platform-powering-30-of-global-banking-transactions/
card-payments-processing,Fiserv (First Data; originally PaySys International / Credit Card Software Inc.),VisionPLUS (also FirstVision),"Lineage: CardPac 1982, Vision21 1988; VisionPLUS introduced 1996 per Wikipedia (Mphasis gives 1995). First Data acquired it in 2001.","No vendor-disclosed count found in the Fiserv FY2024 10-K. Wikipedia says more than 600 million cards are processed on versions of VisionPLUS (third-party figure, not from the vendor).",Global. Fiserv 10-K says FirstVision and VisionPLUS are 'used globally' as a processing service or licensed for in-house processing.,https://en.wikipedia.org/wiki/VisionPLUS
card-payments-processing,Fiserv,Optis (North American credit card processing),Not found in sources opened,Not disclosed in FY2024 10-K (gives no client or account count),North America (10-K: 'Our solutions in North America primarily use our Optis platform'),https://www.sec.gov/Archives/edgar/data/798354/000079835425000047/fi-20241231.htm
card-payments-processing,TSYS (Global Payments Issuer Solutions),TS2 (successor to TS1 / THE TOTAL SYSTEM),1994 per Mphasis (TS2 was announced in 1992 and the first client converted in 1994),"No current count found in sources opened. Named users include JPMorgan Chase (licensed in-house version), Bank of America (minimum 6-year processing term from 2012) and Truist.","US, Canada, Mexico, Europe, plus licensed deployments",https://www.mphasis.com/home/thought-leadership/blog/mainframe-based-credit-card-products.html
card-payments-processing,ACI Worldwide,BASE24,"1982 on Tandem NonStop. ACI was founded in 1975 and signed its first foreign customer, an Australian bank, in 1981.","131 customers in 14 countries by 1986. Today 'more than 6,000 organizations' across all ACI products (not BASE24 alone).","Global, including AU and Asia",https://www.aciworldwide.com/about-aci/history
card-payments-processing,FIS,BASE2000 (Kordoba),Not found in sources opened,"Not found. Mphasis lists deployments in the USA, England, Holland, Canada and other countries.","US, UK, NL, CA and others",https://www.mphasis.com/home/thought-leadership/blog/mainframe-based-credit-card-products.html
card-payments-processing,HPS (Hightech Payment Systems),PowerCARD,HPS founded 1995. Product first-ship year not stated.,"Over 500 clients in 100 countries (HPS About page, current)","Africa, Europe, Middle East, Asia",https://www.hps-worldwide.com/about-hps
card-payments-processing,OpenWay,Way4,Not verified in sources opened,"Used by 135 banks, financial organisations, switches and telcos globally, 14 of them in Vietnam (MB, MSB, ACB, VPBank, SeABank, Lotte Finance, ACS/AEON). Per VIR, vendor-quoted.","Vietnam, CEE, Western Europe, Africa, Asia, Middle East",https://vir.com.vn/opening-way-for-digital-payments-71356.html
loan-origination-servicing,Intercontinental Exchange (ICE Mortgage Technology; formerly Black Knight),MSP mortgage servicing system,"Over 50 years before 2019, per PennyMac's 2019 complaint (so 1960s or earlier). Mainframe-based. Predecessor Computing and Statistical Services dates to the 1960s.","Black Knight FY2022 10-K: 32.8M active first-lien loans on MSP, 63% of the 52.5M US first-lien market, plus 3.1M second-lien loans (24%), as of Dec 31, 2022. The ICE servicing page says banks, mortgage companies, credit unions and housing agencies use it, but gives no client count.",US,https://www.sec.gov/Archives/edgar/data/1627014/000155837023002252/bki-20221231x10k.htm
loan-origination-servicing,Intercontinental Exchange (ICE Mortgage Technology; formerly Ellie Mae),Encompass loan origination system,Ellie Mae was founded in 1997. Encompass followed in the early 2000s. No primary launch date was found.,FTC 2023 complaint quotes Black Knight's CFO: Ellie Mae has '40 plus percent market share' in US mortgage LOS. No vendor client count was found.,US,https://www.ftc.gov/system/files/ftc_gov/pdf/d09413icebkp3complaintredacted.pdf
loan-origination-servicing,"Finastra (formerly Misys; product from IQ Financial Systems, a Deutsche Bank unit)",Loan IQ,"1990s at IQ Financial Systems. Misys bought it from Deutsche Bank for $40M in January 2004, when it had 29 clients, mostly in North America.",Finastra claims about 70% of global syndicated loan volume and 9 of the top 10 global agent banks (from the SourceForge listing). Finastra's own pages returned 403. Search snippets also cite 21 of the top 25 global banks.,"Global: US, UK, EU, APAC including SG and AU",https://sourceforge.net/software/product/Finastra-Loan-IQ/
loan-origination-servicing,FIS,"Commercial Loan Servicing (formerly ACBS, Advanced Commercial Banking System)","Search snippets say design started in 1991 and the first customer signed in 1993; a division of Fidelity Information Services since 2003. The LANSA source page returned 403, so these dates are unverified.","The FIS fact sheet gives no count. The AppsRunTheWorld public page lists 9 named customers, including Capital One, TD Bank and CIBC.","US, Canada, UK/EU",https://www.appsruntheworld.com/customers-database/products/view/fis-commercial-loan-servicing-formerly-acbs
loan-origination-servicing,Sagent (Fiserv Lending Solutions carve-out; Warburg Pincus took 55% in 2018),LoanServ / Dara servicing platform,LoanServ was a Fiserv product before 2018. No primary first-ship date was found.,"16M+ active loans, $2.5T+ UPB, 40+ mortgage and lending clients (Sagent About page, 2026)","US, Canada",https://sagent.com/about/
loan-origination-servicing,Nucleus Software Exports (India),FinnOne / FinnOne Neo,FinnOne's first release was in the late 1990s. It was rebuilt as FinnOne Neo in the early 2010s. The company was founded in 1986.,"200+ financial institutions in 50+ countries, $1.2T+ of loans managed, 500,000+ daily users (March 2026)","IN, SG, ID, VN, MY, TH, PH, AU, Middle East, Africa, Europe, Japan",https://www.nucleussoftware.com/our-news/nucleus-software-marks-30-years-bse-listing/
mortgage-servicing,"Intercontinental Exchange (ICE Mortgage Technology), formerly Black Knight",MSP (Mortgage Servicing Package / Mortgage Servicing Platform),Predecessor Computing and Statistical Services founded 1962 in Jacksonville. MSP came out of Computer Power Inc. (named 1969). PennyMac's 2019 complaint says MSP was 'first developed over 50 years ago'.,"About 36 million active loans on MSP (Black Knight FY2022 10-K), against about 66 million US first- and second-lien loans. 2019: 31.2M first-lien plus 2.7M second-lien loans, 51% share (FY2019 10-K). Over 62% of first-lien loans per PennyMac's 2019 filing. The client count is not disclosed. ICE says MSP runs 7 of the top 10 servicers in the J.D. Power 2024 study.",US,https://www.sec.gov/Archives/edgar/data/1627014/000155837023002252/bki-20221231x10k.htm
mortgage-servicing,Sagent Lending Technologies (Warburg Pincus majority since 2018; ex-Fiserv Lending Solutions),"LoanServ, now the Dara cloud servicing platform",Grew out of Fiserv MortgageServ. The exact first-ship year was not found.,"40+ mortgage and consumer lending clients, 16M+ active loans, $2.5T+ UPB (sagent.com/about, read 2026). 1M consumer loans on LoanServ (Nov 2018 release).",US,https://sagent.com/about/
mortgage-servicing,"FICS (Financial Industry Computer Systems, Inc.)",Mortgage Servicer (plus Commercial Servicer),Company founded 1983. The product's first-ship year is not stated.,Not disclosed on the vendor site.,US,https://www.fics.com/
mortgage-servicing,Phoebus Software Ltd,"Phoebus mortgage and savings servicing platform (residential, BTL, equity release, commercial modules)",1989 ('originally designed as a banking platform in 1989'),No client count disclosed. The site cites a £4bn mortgage book migration case.,"UK, Ireland",https://www.phoebus.co.uk/about-us/
mortgage-servicing,Target Group (Tech Mahindra),Target loan management / servicing platform (software plus BPO),Not disclosed. The site claims 18 years of regulated servicing.,Assets under management over £11bn. 'Over 30 top-tier financial institutions' as servicing clients.,UK,https://www.targetgroup.com/our-capabilities/servicing-solutions/
mortgage-servicing,Nucleus Software Exports Ltd,FinnOne / FinnOne Neo (retail lending incl. home loans),"Company founded 1986. Secondary sources date FinnOne to 1991, but no primary source was opened, so this is unverified.","200+ financial institutions in 50+ countries, 26M+ transactions per day (about-us page, read 2026). No figure split out for mortgages.","IN, SG, ID, VN, MY, TH, PH, AU (India and SE Asia focus)",https://www.nucleussoftware.com/about-us/
insurance-policy-admin,"DXC Technology (ex-CSC, ex-PMSC/Mynd)","Series II / Series III Policy Management System (PMS), P&C, z/OS",1970s (PMS from Seibels Bruce). Series III built late 1980s and had 63 insurer customers by 1992.,"Product-level count not current. In 1992, 63 Series III insurer customers. In 1994, PMSC had 3,000 software licenses in force across 24 countries. DXC says its Life & Wealth business has 1,000+ customers, and 21 of the world's top 25 insurers use DXC.","US, UK/EU, AU, global",https://www.lookupmainframesoftware.com/soft_detail/dispsoft/2696
insurance-policy-admin,DXC Technology,"CyberLife (life PAS, z/OS)",1995 (Cybertek). CSC acquired it via Mynd in 2001.,Not disclosed at product level,US,https://lookupmainframesoftware.com/soft_detail/dispsoft/2695
insurance-policy-admin,DXC Technology,"SMART400 family (POLISY/400, LIFE/400, GROUP/400). The Asia variants are LIFE/Asia, POLISY/Asia and GROUP/Asia, running on IBM AS/400 (IBM i).",Pre-2005 on AS/400. Celent says these systems are 'still in use today'. No exact first-ship year was found in an opened source.,"No vendor count found in an opened source. A 2010 trade-press figure of about 125 clients in 34 countries appeared only in a search snippet; the article page did not render, so it is not verified.","Asia (SG, MY, ID, VN, TH, PH, IN), UK, AU",https://www.celent.com/en/insights/608741222
insurance-policy-admin,DXC Technology,"VANTAGE-ONE (life/annuity PAS, mainframe) and Wealth Management Accelerator",1980s (per search snippet; the opened page does not state the year),MassMutual is a named user. No count disclosed.,US,https://dxc.com/insights/customer-stories/massmutual-gains-speed-and-agility-by-moving-existing-insurance-applications-from-mainframe-to-the-aws-cloud
insurance-policy-admin,DXC Technology,"Assure Integral, Assure Ingenium, Assure Life+ (Life & Wealth)",Not stated on the page,"1,000+ customers. 21 of the top 25 global insurers (DXC Life & Wealth page, 2026).","Global, with Integral strong in APAC",https://dxc.com/industries/insurance/life-wealth
insurance-policy-admin,Sapiens International (Advent International took it private in 2025),"ALIS, IDIT, CoreSuite, Sapiens Life Foundation",Sapiens was founded in 1982 as a mainframe application-generator company and entered insurance software in 2001,"600+ active customers in 30+ countries (sapiens.com/about, 2025-26)","North America, Europe, APAC, Middle East",https://sapiens.com/about/
insurance-policy-admin,Guidewire Software,"InsuranceSuite (PolicyCenter, BillingCenter, ClaimCenter), Guidewire Cloud","PolicyCenter released March 15, 2006 (ClaimCenter earlier). This is post-2005, so not a pre-cloud S1 core.","About 500 customers representing about 570 insurance brands in 43 countries (10-K, July 31, 2025)","US, EU, UK, AU, APAC, global",https://www.sec.gov/Archives/edgar/data/1528396/000152839625000221/gwre-20250731.htm
insurance-policy-admin,Duck Creek Technologies (Vista Equity Partners),Duck Creek Policy / OnDemand,Company founded 2000. Ship year not confirmed in an opened source.,"Over 150 insurance customers, including four of the top five North American carriers (10-K FY2022)","US, UK, AU, global",https://www.sec.gov/Archives/edgar/data/1160951/000095017022020470/dct-20220831.htm
insurance-policy-admin,Majesco (Thoma Bravo),"Majesco P&C, L&A and Group policy admin (incl. Cover-All, InsPro)",Not confirmed in an opened source,"About 200 insurance companies (10-K, March 31, 2019; up from 160). Thoma Bravo's 2020 release says over 200.","US, UK, India, Malaysia/APAC",https://www.sec.gov/Archives/edgar/data/1626853/000121390019009815/f10k2019_majesco.htm
insurance-policy-admin,eBaoTech,"LifeSystem / GeneralSystem (Java core), eBaoCloud InsureMO",2000 (company founding; described as Java-based 3G core),Operates in 40 countries. InsureMO had about 100 tenants (2018 release).,"China, SE Asia, Europe, global",https://www.prnewswire.com/in/news-releases/ebaotech-announces-global-launch-of-ebaocloud-insuremo-665854713.html
insurance-claims,Guidewire Software,ClaimCenter,2003 (S-1: initial versions of ClaimCenter sold in 2003; company founded 2001),"ClaimCenter: 270+ customers in 30+ countries (product page, read 2026). Company: ~500 customers / ~570 insurance brands in 43 countries as of 31 Jul 2025 (FY2025 10-K)","Global: US, Canada, EU, UK, APAC incl. Australia, Japan, SEA",https://www.sec.gov/Archives/edgar/data/1528396/000152839625000221/gwre-20250731.htm
insurance-claims,Guidewire Software,ClaimCenter (customer count page),2003,270+ customers in more than 30 countries,Global,https://www.guidewire.com/products/core-products/insurancesuite/claimcenter-claims-management-software
insurance-claims,DXC Technology (ex-CSC),DXC Assure Claims (formerly RISKMASTER),Early 1980s (vendor cites 42 years of claims management experience),"250+ customers, 98.5%+ retention (vendor page, read 2026)","Mainly US; corporate risk, self-insured, TPAs, carriers; AWS cloud or on-prem",https://dxc.com/platforms/assure/dxc-assure-claims
insurance-claims,FINEOS Corporation (ASX: FCL),FINEOS Claims / FINEOS Platform (AdminSuite),Company founded 1993 (reached 30 years in business June 2023),No exact count in FY23 annual report text read; report cites retirement of six legacy core systems at New York Life Group Benefits and 27 active cloud projects entering FY24,"US, Australia, UK/Ireland, EU, Asia",https://announcements.asx.com.au/asxpdf/20230823/pdf/05sxxcjb4gzrw5.pdf
insurance-claims,Duck Creek Technologies (Vista-owned since 2023),Duck Creek Claims,Company founded 2000; claims product date not disclosed in filing read,Over 150 insurance customers; ~83 on SaaS (FY2022 10-K),"North America, UK, EU, APAC",https://www.sec.gov/Archives/edgar/data/1160951/000095017022020470/dct-20220831.htm
insurance-claims,Sapiens International,IDIT / ClaimsPro / ClaimsMaster,Not disclosed in the 20-F read,Total customer count not disclosed in FY2024 20-F; top five customers = 13.2% of 2024 revenue,"Primarily Europe and North America, smaller rest of world incl. APAC",https://www.sec.gov/Archives/edgar/data/885740/000101376225003193/ea0235334-20f_sapiens.htm
insurance-claims,Majesco,P&C Intelligent Core Suite (Claims),Not disclosed in source read,"375+ customers, of which 275+ P&C insurers (Jan 2026, after Vitech acquisition)","US, UK, APAC (incl. India, Malaysia)",https://www.majesco.com/press/majesco-delivers-record-fy25/
insurance-claims,Insurity,"Sure Suite claims (policy, billing, claims)",Company founded 1985 (Hartford); claims module date not disclosed in source read,"500+ customers, 400+ in cloud (April 2023)",US,https://insurity.com/press-release/insurity-becomes-largest-cloud-software-vendor-serving-400-pc-insurers-cloud
wealth-portfolio-accounting,SS&C Technologies (SS&C Advent),Axys,Advent founded 1983 with one of the first PC-based portfolio accounting applications; Axys became its de facto standard (exact Axys ship year not stated in cited source),"Advent division: about 4,300 clients, about 1,000 US advisory firms hosted for period-end reporting (pre-2015, A-Team profile)","US, Canada, Europe, Middle East, APAC, South America",https://www.kitces.com/blog/portfolio-management-trading-rebalancing-software-review-fintech-competition-addressable-market-size/
wealth-portfolio-accounting,SS&C Technologies (SS&C Advent),APX / Geneva,Not stated in sources opened; REPLANG report language dates from Advent's early years and still underpins Axys and APX,"Advent had 4,300 clients overall (A-Team vendor profile); SS&C acquired Advent for about $2.7B, closed 8 July 2015","US, Canada, Europe, Middle East, APAC, South America",https://a-teaminsight.com/blog/vendor-profile-advent-software/?brand=ati
wealth-portfolio-accounting,FIS,Investment Accounting Manager (formerly InvestOne),"1980s, built in-house in COBOL on IBM mainframe; offered hosted since the early 1980s","Runs over 60% of the market's mutual funds, about $40 trillion in funds (FIS/Micro Focus case study); 75% of clients on hosted/SaaS (FIS brochure, 2021)","US-centric, global fund administrators",https://www.microfocus.com/media/case-study/fis-cs.pdf
wealth-portfolio-accounting,SEI Investments,TRUST 3000,1970s (SEI built an automated bank trust accounting system in that decade),94 significant US bank and trust relationships as of 31 Dec 2016 (10-K),US,https://www.sec.gov/Archives/edgar/data/350894/000035089417000010/seic-123116form10xk.htm
wealth-portfolio-accounting,Avaloq (NEC subsidiary),Avaloq Banking Suite / Core,Company founded 1985,170+ clients in 35 countries; USD 5.1tn managed on Avaloq software,"Switzerland, EU, UK, Singapore, wider APAC (DBS since about 2008, BPI Philippines since 2020)",https://www.avaloq.com/about
wealth-portfolio-accounting,Temenos,Triple'A Plus / WealthManager (acquired with Odyssey Financial Technologies),"Pre-2010 (Odyssey, Luxembourg); original ship year not verified","Temenos overall: 3,000+ financial institutions in 145 countries; Triple'A Plus installed-base count not verified in an opened source","EU, APAC, Middle East, LatAm",https://en.wikipedia.org/wiki/Temenos_AG
wealth-portfolio-accounting,SimCorp (Deutsche Boerse),SimCorp Dimension,SimCorp founded 1971; Dimension launch year not verified in the opened source,190+ clients worldwide,"EU, UK, North America, APAC",https://en.wikipedia.org/wiki/SimCorp
wealth-portfolio-accounting,Applied Software Pvt Ltd,WealthSpectrum,Vendor cites 20+ years serving institutions; exact year not stated,$300B+ assets on platform; no client count disclosed,"India, some international",https://www.wealthspectrum.com/about-company.html
trade-finance,China Systems,Eximbills,Built from about 1983 on Wang VS. The company started in 1981 in Taipei.,"1998: more than 500 sites in 56 countries and more than 6,000 workstation sites (archived Wikipedia text). The vendor's current figure of 150+ banks in 75 countries appeared only in search snippets. I did not read it on a vendor page.","Global. Strongest in Asia-Pacific. Offices in Europe, the US, Asia and the Middle East.",https://wikibin.org/articles/china-systems.html
trade-finance,Surecomp,"IMEX (also DOKA-NG, allNETT, IBSnet, RIVO)",Company founded in 1987. IMEX runs on mainframe and UNIX. I found no exact IMEX ship year.,"Over 300 clients globally (CIO Applications Europe profile). An older vendor profile says 175+ banks and financial institutions, with hundreds of installations in 70+ countries. The current site says institutions in 80+ countries.","US, Europe, Latin America, Asia (DBS, Bank BTPN Indonesia), Africa (Absa in 10 countries)",https://www.cioapplicationseurope.com/surecomp
trade-finance,Finastra (formerly Misys),Trade Innovation (TI Plus) and Trade Portal,In use at Bank of the West since 2000. Finastra says it has served the trade bank community for 25+ years.,Over 200 banks globally (Global Finance Q&A with Finastra). Finastra describes those banks as processing more than 6% of daily trade finance.,"Global. Disclosed users include the US (Bank of the West, First Hawaiian), Indonesia (BNI, 2026), India (SBI), Russia (VTB) and the Nordics/Singapore (Nordea).",https://gfmag.com/award/winner-insights/finastra-anastasia-mcalpine-revamping-trade-finance/
trade-finance,CGI,CGI Trade360,About 2000 (2025 brochure says 25 years of operation),"2025: 322 bank locations, 93 countries, 15 million transactions a year run rate. HSBC is the anchor client.","Global. HSBC uses it across its network, and the UK and Hong Kong went live first.",https://www.cgi.com/sites/default/files/2025-04/cgi-trade360-short-overview-brochure-2025.pdf
erp-manufacturing,SAP,SAP R/3 -> SAP ERP 6.0 / ECC,R/3 launched 6 July 1992; ERP 6.0 (ECC) 2006,"No SAP-disclosed ECC count found in a source opened. Third-party estimate in the opened Register article: Gartner says only 39% of ECC users worldwide had licensed S/4HANA. A figure of about 35,000 ECC customers circulates in search snippets but the source was not opened.",Global (all 11 regions),https://en.wikipedia.org/wiki/SAP_ERP
erp-manufacturing,"IBM, later Marcam/Infor",MAPICS -> Infor XA,"1977 (IBM System/34-38, AS/400; RPG plus CL)",Not disclosed in the source opened,"US, EU, UK, APAC IBM i installed base",https://en.wikipedia.org/wiki/Infor_XA
erp-manufacturing,"System Software Associates, later Infor",BPCS -> Infor LX,"Early 1980s (IBM i; AS/SET CASE tool, RPG, SQL)",Not disclosed in the source opened,"Global, used internationally by the mid-1990s",https://en.wikipedia.org/wiki/Business_Planning_and_Control_System
erp-manufacturing,Infor (ex-Baan),Infor LN (Baan),Baan ERP from the Dutch firm Baan; Infor acquired it via SSA Global in 2006. Original ship year not given on the vendor page.,"1,500+ discrete manufacturing customers (Infor website, accessed 2026)","Global; strong in EU and US A&D, automotive, high tech",https://www.infor.com/solutions/erp/ln
erp-manufacturing,"JD Edwards, now Oracle",JD Edwards World (RPG on IBM i) / EnterpriseOne,"Company founded 1977; World built on System/34-36, then System/38 from the mid-1980s, then AS/400","About 600 companies still on World (industry estimate cited by IT Jungle, 2022). About 10% of the EnterpriseOne base runs on IBM i. World premier support ended April 2022; E1 premier support runs to 2033.",Global,https://www.itjungle.com/2022/08/03/jd-edwards-customers-face-support-decisions/
erp-manufacturing,QAD,MFG/PRO -> QAD Enterprise Applications,QAD founded 1979. MFG/PRO announced mid-1980s per secondary sources; the 10-K does not state the year.,"About 6,000 licensed sites in more than 90 countries, as of 31 Jan 2009 (QAD 10-K). Mostly written in a Progress Software proprietary language.","Global; automotive, consumer products, food and beverage, high tech, industrial, life sciences",https://www.sec.gov/Archives/edgar/data/1036188/000136231009005308/c83836e10vk.htm
erp-manufacturing,Epicor,Epicor ERP (Vantage/Vista lineage) -> Kinetic,"Predecessor DataWorks (Budget Computer Systems, 1977) merged into Platinum Software in 1998, renamed Epicor in 1999","Over 23,000 customers in 150 countries (third-party summary of Epicor figures). The epicor.com about page returned 403.","Global; US, UK, AU and SEA mid-market discrete manufacturing",https://www.stacksync.com/blog/two-companies-from-1972-the-origin-story-of-epicor
erp-distribution,"Epicor (via Activant, ex-Eclipse Inc)",Epicor Eclipse,"1990 (Eclipse Inc., Nov 1990); owned by Intuit 2002, Activant 2007, Epicor 2011",No vendor-disclosed count found,"US, Canada (electrical, plumbing, HVAC, PVF distributors)",https://en.wikipedia.org/wiki/Eclipse_ERP
erp-distribution,Epicor (via Activant),Epicor Prophet 21,Prophet 21 Inc. predates 2005 Activant acquisition; Unix/Windows product (exact first ship year not confirmed in an opened source),"Third-party estimate: 5,000+ distributor customers (ERP Research, not vendor-disclosed)","US, Canada, UK, AU",https://www.erpresearch.com/en-us/epicor-prophet-21
erp-distribution,Infor (via daly.commerce / Daly & Wolcott),"Infor A+ / Distribution Enterprise i (RPG, IBM i)",Daly & Wolcott founded 1988; A+ (Application Plus) acquired by Infor 2004,"~1,200 customers at 2004 acquisition (reported 2011)",US,https://www.itjungle.com/2011/05/03/fhs050311-story07/
erp-distribution,Infor (via NxTrend),"Infor Distribution SX.enterprise (SX.e), Progress-based",Pre-2005 NxTrend product; exact year not confirmed in an opened source,"Nearly 1,000 customers (2011); Infor overall: 'over 4,000 distribution companies run on Infor' (infor.com, current)","US, Canada",https://www.itjungle.com/2011/05/03/fhs050311-story07/
erp-distribution,Infor,CloudSuite Distribution Enterprise (successor to A+/SX.e),"Cloud successor, 2011+","Over 4,000 distribution companies run on Infor (vendor claim, undated)","US, global",https://www.infor.com/industries/distribution
erp-distribution,Advantive (TA Associates),DDI System Inform ERP,1993 (DDI System founded in Connecticut),Not stated in opened source,US,https://www.erpfocus.com/ddi-system-inform-erp-software.html
erp-distribution,Microsoft,Dynamics GP (Great Plains),"1990s (Great Plains); end of support 31 Dec 2029, security patches to 30 Apr 2031",Not disclosed in the opened announcement,"US, UK, AU, SG, MY, PH (SMB distributors)",https://www.microsoft.com/en-us/dynamics-365/blog/it-professional/2024/09/25/announcing-end-of-support-for-dynamics-gp/
erp-distribution,Pronto Software,Pronto Xi,1984 (PRONTO Enterprise Management suite); company founded 1976,"Not stated on the opened page (475 staff, March 2023)","AU, NZ",https://en.wikipedia.org/wiki/Pronto_Software
erp-distribution,Epicor (Activant / Triad Systems heritage),Eagle (hardlines/lumber) and related Activant distribution lines,"Triad Systems 1971, first system installed 1973; Triad Eagle for Windows 1997",Not disclosed in opened source,US,https://en.wikipedia.org/wiki/Activant
financial-close-gl,SAP,"SAP R/3, later SAP ERP 6.0 / ECC (FI-CO general ledger)",R/3 launched 6 July 1992; SAP ERP 6.0 released 2006,"No current ECC installed-base count found in SAP's own disclosures. SAP said in Feb 2020 that over 13,800 customers had chosen S/4HANA. Gartner (via The Register, Feb 2025) estimates over 60% of SAP customers were still on ECC6 on-premises with no decision to move.",Global; all 11 study regions,https://en.wikipedia.org/wiki/SAP_ERP
financial-close-gl,SAP,SAP Business Suite 7 / ECC 6.0 maintenance timeline,See R/3 (1992) / ERP 6.0 (2006),"Over 13,800 customers had chosen SAP S/4HANA (SAP, Feb 2020). No ECC count disclosed.",Global,https://news.sap.com/2020/02/sap-s4hana-maintenance-2040-clarity-choice-sap-business-suite-7/
financial-close-gl,Oracle,Oracle E-Business Suite 12.2 (General Ledger / Financials),Oracle began selling applications in the late 1980s; R12 released Feb 2007 (exact first GL ship year not confirmed in the source opened),No vendor-disclosed EBS customer count found,Global; all 11 study regions,https://en.wikipedia.org/wiki/Oracle_E-Business_Suite
financial-close-gl,Oracle (JD Edwards),JD Edwards World A9.4 (IBM i) / JD Edwards EnterpriseOne 9.2,"Development started on IBM System/34 and /36 minicomputers, moved to System/38 in the mid-1980s and then AS/400 (World). OneWorld/EnterpriseOne came later (600+ OneWorld customers by 2001).","No current Oracle-disclosed count found. Third-party estimates range from about 7,000 to 17,000 and are not used here.","Global; strong in US, AU, and mid-market manufacturing and distribution",https://en.wikipedia.org/wiki/JD_Edwards
financial-close-gl,Oracle (Hyperion),Hyperion Financial Management 11.2 (consolidation and close),Product renamed Hyperion Enterprise in 1995 (predecessor IMRS). Exact HFM first-ship year not confirmed. Oracle acquired Hyperion in April 2007 for $3.3B.,"Search snippets cited 'more than 12,000 customers in 90 countries' from the 2007 acquisition release, but the SEC filings opened did not show the figure. Treat as unverified.",Global enterprise,https://en.wikipedia.org/wiki/Hyperion_Solutions
financial-close-gl,Microsoft,Microsoft Dynamics GP (Great Plains Dynamics),"Dynamics Release 1.0, February 1993 (32-bit Windows client-server)","Great Plains FY2000 10-K: more than 130,000 customers across all Great Plains products (Dynamics, eEnterprise, Solomon). No current Microsoft count found.","US, UK, AU, SG, MY, PH and other English-speaking mid-market",https://www.sec.gov/Archives/edgar/data/758540/000091205700036189/a10-k405.htm
financial-close-gl,Microsoft,Dynamics GP end-of-support notice,1993,Not disclosed. Support ends 31 Dec 2029 and security patches end 30 Apr 2031.,Same as above,https://www.microsoft.com/en-us/dynamics-365/blog/it-professional/2024/09/25/announcing-end-of-support-for-dynamics-gp/
financial-close-gl,Infor,Infor SunSystems,"Infor cites four decades of history. Partner material says it has been installed since 1981 (Systems Union, UK). The 1981 date was not confirmed on Infor's page.","More than 6,000 customers worldwide (Infor product page, 2026)","UK, EU, SG, MY, TH, PH, ID, VN, AU (hospitality, financial services, NGOs)",https://www.infor.com/solutions/erp/sunsystems
financial-close-gl,Tally Solutions,Tally.ERP 9 / TallyPrime,1986 (as Peutronics Financial Accountant). TallyPrime launched 2020.,"2.5+ million businesses worldwide, 28,000+ partners (Tally about page)","IN primarily; also ID, MY, SG and the Middle East",https://tallysolutions.com/about-tally/
payroll-hr,SAP,SAP R/3 HR / SAP ERP HCM (ECC 6.0) Payroll,"1992 (R/3 launched 6 July 1992, three-tier client/server, HR among the core modules)","SAP does not disclose a separate on-prem HCM count. Mainstream maintenance for SAP ERP HCM ends 2027, optional extended maintenance to 2030; H4S4 (HCM for S/4HANA on-prem) committed to 2040.","Global: US, EU, UK, SG, IN, ID, VN, MY, TH, PH, AU (country payroll versions)",https://en.wikipedia.org/wiki/SAP_R/3
payroll-hr,Oracle (ex-PeopleSoft),PeopleSoft HCM / HRMS,"1989 (PeopleSoft v1, first integrated client-server HRMS suite; company founded 1987, acquired by Oracle Dec 2004)",Not disclosed on pages read. Oracle's rolling premier support for PeopleSoft runs through at least 2036.,"Mainly US (higher education, state and local government, enterprise), also UK/EU/AU/APAC",https://en.wikipedia.org/wiki/PeopleSoft
payroll-hr,"Oracle (managed by IBM, moving to Infosys)",Oracle E-Business Suite HRMS/Payroll as NHS Electronic Staff Record (ESR),Oracle EBS HRMS predates 2005; ESR roll-out 2006 to March 2008,ESR pays about 1.9 million NHS staff in England and Wales (2025). It replaced 29 payroll systems and about 38 HR systems.,UK,https://en.wikipedia.org/wiki/Electronic_Staff_Record
payroll-hr,Infor (ex-Lawson Software),Lawson S3 HR/Payroll,"Lawson founded 1975 (custom mainframe software for Burroughs/IBM, later AS/400, Unix). Fast HR/Payroll Solution bundled in 1999. Infor acquired Lawson in 2011.","No customer count on the page read. FY2000: 1,700 employees, 14 countries, mainly Fortune 2000 healthcare, retail and services.","US (healthcare, public sector, higher education), UK, EU",https://www.company-histories.com/Lawson-Software-Company-History.html
payroll-hr,UKG (ex-Kronos),Kronos Workforce Central (WFC),Before 2005 (Kronos founded 1977). First-ship year of WFC not confirmed on pages read.,Not disclosed on the page read. Cloud-hosted WFC support ended 31 Dec 2025; on-prem support ends 31 Mar 2027. The move to UKG Pro WFM is a reimplementation.,"US, UK, AU, EU",https://www.healthcareitleaders.com/blog/ukg-workforce-central-wfc-end-of-life/
payroll-hr,ADP,"ADP Employer Services payroll (RUN, Workforce Now, iHCM, ADP Global Payroll, Lyric HCM launched Sept 2024)",ADP established 1949,"Over 1.1 million clients, about 42 million workers paid, 140+ countries (FY2025 10-K). Workforce Now 90,000+ clients. TotalSource PEO 18,000+ clients.","US, EU, UK, AU, IN, SG and APAC",https://www.sec.gov/Archives/edgar/data/8670/000000867025000037/adp-20250630.htm
payroll-hr,California State Controller's Office (in-house),"Uniform State Payroll System (12 systems, mainframe/COBOL)",Developed more than 30 years before 2017. Some components nearly 50 years old.,"About 260,000 state employees paid",US (California state government),https://lao.ca.gov/Publications/Report/3590
procurement-ap,SAP,SAP R/3 / ECC 6.0 (Business Suite 7) MM + FI-AP,R/3 launched 6 July 1992 (three-tier client/server); predecessor R/2 mainframe 1979,"No ECC-only install count disclosed in sources read. SAP disclosed 13,800+ S/4HANA adopters in Feb 2020, implying the rest of its base was still on ECC at that time. At the 2012 Ariba deal SAP cited 195,000+ customers across all products (per search snippet of SAP 6-K; not confirmed on the page fetched).","Global: US, EU, UK, SG, IN, ID, VN, MY, TH, PH, AU",https://en.wikipedia.org/wiki/SAP_R/3
procurement-ap,SAP,SAP Business Suite 7 maintenance timeline,"Business Suite 7 core: mainstream maintenance ends 2027, optional extended maintenance 2028-2030","13,800+ S/4HANA customers (Feb 2020 press release)",Global,https://www.prnewswire.com/news-releases/sap-extends-its-innovation-commitment-for-sap-s4hana-provides-clarity-and-choice-on-sap-business-suite-7-300997516.html
procurement-ap,Oracle,"Oracle E-Business Suite (Purchasing, Payables); R12 released Feb 2007",Oracle began selling applications in the late 1980s; EBS Release 12 in February 2007,Not disclosed in sources read,"Global, strong in US, UK, IN, AU and APAC enterprises",https://en.wikipedia.org/wiki/Oracle_Applications
procurement-ap,JD Edwards (Oracle since 2005 via PeopleSoft),"JD Edwards World / WorldSoftware (Accounts Payable, procurement), RPG on IBM System/3x and AS/400",Mid-1980s (World Software built on IBM System 3X in RPG),No customer count. Source says JD Edwards software ran on 15% of all installed AS/400s; company had $24M revenue in 1988,US-centric mid-market and global subsidiaries,https://www.jdetips.com/Introduction-to-JD-Edwards/Full-Introduction.html
procurement-ap,Basware,Basware invoice processing / P2P (originally on-prem scan-and-capture),1985 (company founded; claims first invoice processing software with scan-and-capture),"6,500+ customers; 2.5bn+ invoices; USD 10tn+ spend processed (vendor site, read 2026)","190+ countries; strongest in EU (Nordics, DACH), UK",https://www.basware.com/en/about-basware
procurement-ap,Tally Solutions,Tally / Tally.ERP 9 / TallyPrime,1986,"2.5 million+ businesses worldwide (vendor site, read 2026)","IN primarily; 100+ countries incl. Middle East, Africa, APAC",https://tallysolutions.com/about-tally/
procurement-ap,MISA JSC,MISA SME accounting software,1994 (company founded with packaged accounting software),"Not stated on page read (search snippet claims ~400,000 organisational customers, unverified)",VN,https://thuonghieumanh.vneconomy.vn/thuong-hieu-291-cong-ty-co-phan-misa.html
procurement-ap,PT Cipta Piranti Sejahtera (CPSSoft),"Accurate (desktop accounting, now Accurate Online)",1999 per secondary sources (vendor page read does not state year),"600,000+ users and 110,000+ subscribed companies in Indonesia (vendor site, read 2026)",ID,https://accurate.id/tentang-accurate/
procurement-ap,MYOB (KKR-owned),MYOB desktop accounting (AccountRight),1991 in Australia (software origins at Teleware in the 1980s); first browser product 2010,Not disclosed on page read,"AU, NZ",https://en.wikipedia.org/wiki/MYOB_(company)
ehr-hospital,Epic Systems,Epic EHR (Chronicles database written in M/MUMPS),Company founded 1979. Chronicles grew out of the founder's 1970s work in M (MUMPS).,"Epic says 325M+ patients have a current record in Epic (2025/26, epic.com). It does not publish a hospital count. KLAS 2026 report: 43.7% of US acute hospitals and 56.9% of beds; +77 hospitals in 2025 and +568 net since 2021.","US (dominant), UK/NHS, EU (NL, DK, FI, NO), SG (NGEMR), AU (NSW SDPR, VIC), Middle East",https://www.epic.com/about/
ehr-hospital,Oracle Health (Cerner),Cerner Millennium,Cerner founded 1979. Millennium is a late-1990s client-server architecture (date not confirmed in a source we opened). Oracle bought Cerner in June 2022.,KLAS 2026: 21.9% of US acute hospitals and 20.4% of beds. Lost 56 hospitals in 2025 and 173 since 2021. Oracle's FY2022 10-K gives no hospital count.,"US (incl. VA and DoD), UK NHS trusts, AU (some states), Middle East, MY (MOH THIS at Selayang)",https://healthsystemcio.com/2026/05/14/acute-care-ehr-market-share-2026/
ehr-hospital,MEDITECH (Medical Information Technology Inc.),"MAGIC, Client/Server and 6.x (legacy), Expanse (web-based, 2018)","Company founded 1969. MAGIC 1979-1982, Client/Server 1994, 6.0 in 2006, Expanse 2018.","Its 2019 10-K reports about 2,200 active healthcare sites in the US, Canada and UK, with HCA as the largest customer (7% of 2019 revenue). KLAS 2026: 14.7% of US acute hospitals.","US, Canada, UK, Ireland, AU, South Africa, Asia (small)",https://www.sec.gov/Archives/edgar/data/1011452/000101145220000002/tenk.htm
ehr-hospital,US Department of Veterans Affairs (in-house),VistA (Veterans Health Information Systems and Technology Architecture),"In service more than 40 years (VA testimony, March 2023). It holds more than 15M lines of MUMPS code.","All VA medical centers not yet moved to Oracle Health. VA staffed 1,129 FTEs on VistA in 2022 (per search summary).",US (federal),https://www.nextgov.com/modernization/2023/03/official-vas-legacy-ehr-must-be-maintained-not-long-term-solution/383753/
ehr-hospital,SAP,SAP IS-H (Industry Solution Healthcare) patient management and billing,1990s. Described as the backbone of many hospital systems for more than three decades.,Not disclosed in the source opened. Avelios describes 'hundreds' of German and European hospitals affected.,"DE, AT, CH and other EU",https://www.seppmed.com/2026/01/26/hospital-it-sap-is-h-discontinued-in-2030/
ehr-hospital,Altera Digital Health (ex-Allscripts/Eclipsys),Sunrise Clinical Manager,In use at SingHealth since 1998,"SingHealth reports 20,000+ healthcare professionals across its acute hospitals, specialty centres, community hospitals and polyclinics. The contract was extended to 2029.","SG, US, UK, AU",https://www.alterahealth.com/newsroom/altera-digital-health-signs-new-agreement-with-singhealth-to-enhance-healthcare-delivery-through-technology/
ehr-hospital,Queensland Health (originally a vendor product),HBCIS patient administration system,About 1990. It was nearly 30 years old in 2019 and lost vendor support in 2015.,Used in all Queensland public hospitals,AU,https://www.itnews.com.au/news/qld-health-risks-patient-admin-system-failure-after-halting-overhaul-534656
ehr-hospital,Malaysia MOH / Cerner,Total Hospital Information System (THIS),1999 (Hospital Selayang) and 2000 (Hospital Putrajaya),35 of 145 MOH hospitals (24%) had any HIS by 2019,MY,https://pmc.ncbi.nlm.nih.gov/articles/PMC12227897/
medical-billing-rcm,Epic Systems,"Resolute (Hospital Billing, Professional Billing) on Chronicles/M","1987 (Resolute billing). Company founded 1979, Cadence 1983","Epic publishes no customer count. KLAS (via HealthSystemCIO, May 2026): 43.7% of US acute-care hospitals and 56.9% of beds at end of 2025, plus 77 hospitals added in 2025","US (dominant), SG (NGEMR across public clusters), UK, EU (NL, DK, FI), AU, Middle East",https://www.fundinguniverse.com/company-histories/epic-systems-corporation-history/
medical-billing-rcm,"Oracle Health (Cerner, incl. ex-Siemens Health Services)","Millennium Patient Accounting, Soarian Financials, Invision; RevElate Patient Accounting as successor",Invision from SMS in the 1980s (UC Davis audit: Invision in place for about two decades before 2014). Soarian in the 2000s,KLAS (via HealthSystemCIO): 21.9% of US acute hospitals at end of 2025. Lost 56 hospitals in 2025 and 173 over five years,"US, UK, EU, AU, Middle East",https://healthsystemcio.com/2026/05/14/acute-care-ehr-market-share-2026/
medical-billing-rcm,MEDITECH,"MAGIC and Client/Server HCIS financials (patient accounting), migrating to Expanse","MAGIC 1982, Client/Server 1994, Expanse 2018. MIIS (a MUMPS dialect) from 1969",14.7% of US acute hospitals (KLAS 2025). MaaS subscription deployed at 130+ hospitals. HCA runs 72 hospitals on Expanse as of Aug 2026,"US, Canada, UK, Ireland, AU, South Africa, Asia",https://en.wikipedia.org/wiki/Meditech
medical-billing-rcm,"TruBridge (acquired by IKS Health, Jul 2026)",TruBridge EHR and RCM services (ex-CPSI; Healthland; Centriq discontinued 31 Dec 2024),Company founded 1979,"Over 1,500 clients nationwide (2026 8-K). About 98% of acute-care clients have under 100 beds. FY2025 revenue $346.8M",US (rural and community hospitals),https://www.sec.gov/Archives/edgar/data/1169445/000116944526000006/tbrg-20251231.htm
medical-billing-rcm,Altera Digital Health,"Paragon, Sunrise (Sunrise 25.1 adds a billing hub)",Unverified (Eclipsys/Allscripts lineage). Could not confirm a first-ship date from a primary source,Not found on the page opened. 2.9% of US acute hospitals per KLAS 2025 (HealthSystemCIO),"US, UK (NHS), AU, other",https://www.alterahealth.com/newsroom/altera-digital-health-makes-sunrise-25-1-generally-available-to-hospitals-and-health-systems/
medical-billing-rcm,SAP,IS-H (Industry Solution Health) patient management and billing,"Over three decades in use (1990s). Mainstream support ends 2027, extended support to 2030",Not disclosed by SAP. The Register reports IS-H touches over 95% of inpatient and outpatient patients treated in Austria,"EU (DE, AT, CH and others)",https://www.theregister.com/2023/09/06/sap_users_group_support_deadline_reprieve/
medical-billing-rcm,InterSystems,"TrakCare (includes patient administration and billing), on the Caché/IRIS M-based database",Unverified. TrakCare predates the 2010 web release (Trak Systems was acquired by InterSystems),"Over 450 hospitals in 27 countries (InterSystems press release, 2020)","AU, UK, MY, TH, PH, Middle East, EU",https://www.intersystems.com/news/intersystems-trakcare-supports-healthcare-providers-worldwide-to-deliver-better-patient-care-during-the-covid-19-pandemic/
medical-billing-rcm,Queensland Health / DXC (maintainer),HBCIS patient administration system,"Early 1980s, almost 30 years old per iTnews. Out of vendor support since 2015, extended to 2023",Used in all Queensland public hospitals,AU,https://www.itnews.com.au/news/qld-health-risks-patient-admin-system-failure-after-halting-overhaul-534656
lab-information,Clinisys (Sunquest),Sunquest Laboratory,1979 (first LIS installation per vendor survey; company founded 1979),"Clinisys group: over 7,000 laboratories across 42 countries, ~24% global lab-informatics share (vendor site, 2025). Sunquest site count not disclosed in CAP TODAY 2020 survey.","US, UK, Middle East, AU (won then lost Queensland Health contract), global",https://www.clinisys.com/us/en/history/
lab-information,SCC Soft Computer,SoftLab,1985 (first LIS installation; company founded 1979),"1,199 sites operating the LIS (724 US hospitals, 46 US independent labs, 137 US clinics, 3 public health labs, 289 foreign sites), CAP TODAY Nov 2020","US, Canada, Middle East, Europe, Asia",https://www.captodayonline.com/2020/ProductGuides/11-20_CAPTODAY_LIS.pdf
lab-information,Oracle Health (Cerner),Cerner Laboratory (formerly Cerner PathNet),1982 (first LIS installation),"338 client domains (tracked by domain, not site); 41 sales Aug 2019-Jul 2020 (CAP TODAY Nov 2020)","US, UK, Middle East, AU, global",https://www.captodayonline.com/2020/ProductGuides/11-20_CAPTODAY_LIS.pdf
lab-information,Epic,Beaker,Vendor reported 1980 as first LIS installation date (company date; Beaker itself is a later module),192 contracts; 35 sales Aug 2019-Jul 2020 (CAP TODAY Nov 2020),"US, plus 9 foreign sites (2020)",https://www.captodayonline.com/2020/ProductGuides/11-20_CAPTODAY_LIS.pdf
lab-information,Orchard Software (acquired by Clinisys mid-2025),Orchard Harvest LIS,1993,"1,743 sites (250 US hospitals, 208 independent labs, 1,095 clinics/group practices, 35 public health labs) per CAP TODAY Nov 2020",US,https://www.captodayonline.com/2020/ProductGuides/11-20_CAPTODAY_LIS.pdf
lab-information,Evident (CPSI / TruBridge),Thrive EHR-LIS,1986,"460 sites (458 US hospitals), CAP TODAY Nov 2020",US community hospitals,https://www.captodayonline.com/2020/ProductGuides/11-20_CAPTODAY_LIS.pdf
lab-information,TECHNIDATA,TDNexLabs,1973,"775 sites, 766 of them outside the US (CAP TODAY Nov 2020)","Europe, Canada, international",https://www.captodayonline.com/2020/ProductGuides/11-20_CAPTODAY_LIS.pdf
lab-information,Clinisys (CliniSys | MIPS),WinPath / WinPath Enterprise,1992 (first LIS delivered to the UK NHS; CliniSys founded 1988),Not separately disclosed; CMA found CliniSys had a significant UK LIMS share (exact figures redacted),"UK, EU (Belgium, Netherlands, etc.)",https://www.clinisys.com/us/en/history/
lab-information,CSC / DXC (now Dedalus-managed),Telepath,Early 1980s at Leeds Teaching Hospitals (search-result snippet; Leeds page confirms Telepath was the system replaced but not its age),Not disclosed; CMA (2016) said CSC had a significant share of installed NHS LIMS,"UK (NHS, especially northern England)",https://www.leedsth.nhs.uk/news/switchover-of-laboratory-information-management-system/
lab-information,Citadel Health (formerly PJA Solutions),Auslab,c.1996 (22 years old in 2018),Queensland Health statewide (Pathology Queensland); others not disclosed,AU,https://www.pulseit.news/australian-digital-health/sunquest-to-roll-out-68-5m-queensland-health-pathology-system-replacement/
pharmacy-systems,RedSail Technologies (QS/1; formerly Smith Technologies),QS/1 Pharmacy System (RxCare Plus) / NRx,1977 (first QS/1 pharmacy management system),"RedSail network ~16,000 pharmacies after the PrimeRx acquisition closed 5 Feb 2026 (portfolio-wide, not QS/1 alone)",US,https://en.wikipedia.org/wiki/QS/1_Data_Systems
pharmacy-systems,RedSail Technologies,"PioneerRx, BestRx, PrimeRx, Axys (portfolio)",PioneerRx 2008,"PioneerRx 5,000 active pharmacy locations (Sep 2021); RedSail total ~16,000 pharmacies serving 50M active patients (Feb 2026)",US,https://www.rxradio.fm/business/redsail-technologies-acquires-primerx-16000-pharmacies
pharmacy-systems,Transaction Data Systems / Outcomes,Rx30,1980 (TDS founded 1977),"Over 2,700 pharmacies (vendor claim, as reposted Dec 2010)","US (all 50 states, Virgin Islands)",https://pharmacysystemssoftware.blogspot.com/2010/09/rx-30-transaction-data-systems.html?m=0
pharmacy-systems,US Department of Veterans Affairs (in-house),VistA Outpatient Pharmacy,Core functionality developed in the 1980s (per GAO-17-179),Used across VA medical sites; no count given in source,US federal,https://www.gao.gov/assets/gao-17-179.pdf
pharmacy-systems,EMIS Health (now Enlivio Health),ProScript Connect (successor to legacy ProScript),Not stated on vendor page; legacy ProScript predates the 2017 Connect rollout,"Over 600 UK pharmacies on ProScript Connect in Nov 2017, incl. 300 of Rowlands' 529 branches; vendor page says 'UK's leading PMR' with no count",UK,https://htn.co.uk/2017/11/14/rowlands-proscript-connect-rollout-passes-300-pharmacies-milestone/
pharmacy-systems,CompuGroup Medical (Lauer-Fischer),Lauer-Fischer pharmacy software (WINAPO) and LAUER-TAXE,Not stated in source,Served about 20% of German pharmacies at acquisition (June 2011),Germany,https://www.presseportal.ch/de/pm/100020036/100627362
pharmacy-systems,Equasens (formerly Pharmagest Interactive),LGPI Global Services (rebranded id.),Company formed in 1996 by merging Rousseau and CPI; LGPI launch year not stated,"Not on the page opened; search snippets cite 7,620 to 9,000+ French pharmacies and over 41% share, unverified","France (~90% of sales), Belgium, Luxembourg, Italy",https://fr.wikipedia.org/wiki/Pharmagest_Interactive
pharmacy-systems,Fred IT Group,Fred Dispense (on-prem); Fred NXT cloud successor launched 2014,Fred IT/NU Systems 1992 per search snippet; Fred NXT cloud announced Mar 2014,"Not verified (vendor site returned 403); search snippets say 2,500+ Fred Dispense sites and 3,000+ pharmacies",Australia,https://www.pulseit.news/allied-health/next-step-for-fred-it-is-pharmacy-in-the-cloud/
pharmacy-systems,Marg ERP Ltd,Marg ERP (pharma retail/distribution billing and inventory),1992,"1M+ businesses across all verticals (not pharmacy-only), 850+ support centres",India,https://margerp.in/
pharmacy-systems,Pharmaniaga Logistics (for Ministry of Health Malaysia),MyPhIS / Clinic Pharmacy System,Piloted 2013/2014; contract awarded March 2011,"1,342 MOH health facilities (rollout 2014 to 2026)",Malaysia public sector,https://phisportal.moh.gov.my/project-profile/pharmacy-information-system-phis-dan-clinic-pharmacy-system-cps
gov-tax,IBM (custom build for IRS),IRS Individual Master File (COBOL/Assembly mainframe),1960s,Single customer (IRS); not a product,US,https://www.everycrsreport.com/reports/IF12525.html
gov-tax,Fast Enterprises (FAST),GenTax,Company started 1997; GenTax first release year not stated in source read,"Over 60 tax and revenue agencies worldwide (vendor site, read 2026); 2020 company profile cited 56+ agencies including 30+ US states (search snippet, not opened)","US states, Canada (BC, Ontario, Manitoba), Denmark, Finland, Netherlands, Poland, New Zealand, Malaysia, Serbia, Jamaica, Trinidad and Tobago",https://www.fastenterprises.com/solutions/
gov-tax,"SAP (built and run under HMRC Aspire contract with Accenture, Fujitsu, Capgemini)",SAP ECC 6.0 based Enterprise Tax Management Platform (ETMP); migrating to S/4HANA Cloud (RISE) under a GBP 275m contract to 2035,ECC 6.0 ship year not stated in source; S/4HANA launched 2015; ECC mainstream support ends Dec 2027,No SAP tax-and-revenue customer count disclosed in sources read; ETMP supports 45+ tax regimes and GBP 800bn revenue a year,"UK (also used by other national tax agencies, not verified here)",https://www.theregister.com/2026/01/22/sap_275_million_award_from/
gov-tax,Accenture,"ATO Integrated Core Processing (ICP), Change Program replacing NTS (1975) and AIS (1994) mainframe systems",Head agreement Dec 2003; ICP income tax release Jan 2010,No count disclosed,Australia,https://www.igt.gov.au/wp-content/uploads/2021/07/150_change-program.pdf
gov-tax,LG CNS-Qualysoft consortium,Coretax (replacing DJP SIDJP legacy in use since 2002),Contract awarded Dec 2020; development completed Dec 2024,Single customer (DJP); contract Rp1.228 trillion incl. tax,Indonesia,https://nasional.kontan.co.id/news/mengenal-perusahaan-asing-di-balik-coretax-seharga-rp-13-triliun
gov-tax,Infosys,Income Tax Integrated E-filing and Centralised Processing Centre 2.0,"Selected 2019; CPC 1.0 predates (consolidated cost Rs1,482 crore to FY2018-19)","Single customer (Income Tax Department); outlay Rs4,241.97 crore",India,https://www.millenniumpost.in/business/govt-selects-infosys-as-rs-4242-crore-income-tax-filing-project-developer-336648
gov-tax,General Department of Taxation (vendor not named in source),TMS centralized tax management application,2014-2015 national rollout,Nearly 800 tax offices at rollout; replaced 16 distributed applications,Vietnam,https://thoibaotaichinhvietnam.vn/mo-rong-ung-dung-phan-mem-quan-ly-thue-tap-trung-50013.html
gov-benefits,"Merative (formerly IBM, formerly Cúram Software)",Cúram Social Program Management,"Company founded 1990 in Dublin as IT Design (renamed Cúram 2003). First product year not disclosed. IBM bought it in 2011, and Francisco Partners moved it into Merative in 2023.","Merative says Cúram runs in 12 countries and jurisdictions and covers 193 million constituents, including 8.5 million Medicaid recipients. Page read 2026. No agency count given.","US (Minnesota, NYC, Clark County NV, Sonoma County CA, South Carolina), Canada (ESDC Old Age Security, Ontario), UK (Social Security Scotland), Australia, New Zealand, Germany",https://www.merative.com/curam
gov-benefits,Deloitte,"State integrated eligibility systems (Medicaid, SNAP, TANF)",Not disclosed in source,"25 states have awarded Deloitte eligibility contracts, covering 53 million Medicaid enrollees (April 2023) and worth at least $5-6B (KFF Health News; not vendor-disclosed)",US,https://kffhealthnews.org/news/article/medicaid-deloitte-run-eligibility-systems-plagued-by-errors/
gov-benefits,Rocket Software (formerly Computer Corporation of America),Model 204 DBMS (runs Centrelink ISIS),"Announced 1965, first deployed 1972",An informal 2010 inventory found more than 140 user organisations. In 2014 the Australian Treasurer said only Australian social security and the Pentagon were still active users. ISIS pays over $110B a year to about 6M Australians.,"AU, US",https://en.wikipedia.org/wiki/Model_204
gov-benefits,Fujitsu/ICL (platform). Re-platformed with OneAdvanced and Rocket Visual COBOL.,ICL VME mainframe benefit suite (JSAPS and 10 other core DWP applications),"COBOL written in the 1980s. JSAPS dates from the late 1990s, built on a 1960s code design.","DWP: 11 core legacy applications and about 25 million lines of code, migrated 2016-2021 (OneAdvanced case study)",UK,https://www.oneadvanced.com/resources/dwp-completes-large-scale-modernisation-project-for-nations-benefit-systems/
gov-benefits,OpenText (Micro Focus),Visual COBOL / Enterprise Server used to rehost pension COBOL off z/OS,Not disclosed in source,"Case study: Deutsche Rentenversicherung Baden-Württemberg (6.6M insured, 3,600+ staff). Also DWP UK (Rocket Visual COBOL case study: 25M lines of code, benefits for 20M citizens).","EU (DE), UK",https://www.microfocus.com/de-de/media/success-story/german_pension_fund_baden_wurttemberg_ss_de.pdf
gov-benefits,Accenture (systems integrator),CPF Board BEACON mainframe modernisation (COBOL to Java co-existence on mainframe),CPF's mainframe era predates 2005. Its install year is not given in the source. BEACON started in 2018.,CPF Board: 76 business applications and 16 million lines of COBOL modernised to Java,SG,https://www.accenture.com/sg-en/case-studies/public-service/social-security-securing-life-goals
gov-benefits,VNPT,VNPT-BHXH e-declaration software for Vietnam Social Security,Not found. Version 5.0 launched 1 April 2021.,Not found,VN,https://vnpt-bhxh.vn/
gov-licensing-permits,Accela,Accela Automation / Civic Platform; Tidemark Advantage; Permits Plus,Accela formed in 1999 through a merger including Sierra Computer Systems (Permits Plus). Tidemark Solutions was founded in 1984 and acquired in 2001.,"300 client cities at the 2001 Tidemark announcement, and 'more than 400 agencies' combined after the deal (2001). Today's FAQ says only 'hundreds of agencies' and '300 million citizens'.","US (state and local), plus international agencies",https://www.govcon.com/doc/accela-announces-pending-acquisition-of-tidem-0001
gov-licensing-permits,Infor (Hansen Information Technologies),"Infor Public Sector (Hansen) building permits, licensing, code enforcement",Company dates to the 1980s. 1983 appears in secondary listings but not in the source opened here. Infor acquired it in May 2007.,About 470 customers (2007),"US, Canada, Australia, New Zealand, South Africa, UK",https://www.washingtontechnology.com/2007/05/infor-grabs-hansen/333198/
gov-licensing-permits,Tyler Technologies,"EnerGov planning, permitting and licensing (now Enterprise Permitting & Licensing)",EnerGov Solutions was founded in the early 2000s (2002 per press coverage; Tyler's release does not state it). Tyler acquired it in late 2012.,"Selected by more than 60 government agencies in under two years after the acquisition (Sept 2014). Tyler overall: more than 11,000 local government offices (2014).","US, Canada (e.g., North Vancouver)",https://s201.q4cdn.com/385562537/files/doc_news/2014/09/156925.pdf
gov-licensing-permits,CentralSquare Technologies (formerly SunGard Public Sector / H.T.E.),"Naviline community development (planning, zoning, permitting, business licensing) on IBM iSeries","Not stated by the vendor. Branson, MO had run Naviline on AS/400 with DB2 for about twenty years as of its 2021 RFP.","More than 8,000 agencies across all CentralSquare products. No Naviline-only count is disclosed.",US,https://www.centralsquare.com/solutions/public-administration-software/naviline
gov-licensing-permits,Idox,"Uniform, Acolaid, Tascomi","Uniform has been in use for 30+ years (vendor claim, reported secondhand). The Catapult report describes the typical setup as a local client on planners' machines with document management on a local server.",Over 90% of UK local authorities are customers of at least one Idox product (cited in the Connected Places Catapult 2021 report),UK,https://cp-catapult.s3.amazonaws.com/uploads/2021/01/Transforming-the-digital-architecture-of-planning.pdf
gov-licensing-permits,NEC Software Solutions UK (formerly Northgate Public Services),"M3, iLAP, Assure (land and property)",Not found. Assure is the newer web/cloud product. M3 and iLAP are the older suite.,,UK,https://cp-catapult.s3.amazonaws.com/uploads/2021/01/Transforming-the-digital-architecture-of-planning.pdf
gov-licensing-permits,Infor,"Pathway (local government property, regulatory, finance)",1990s. Infor material says the first Pathway council went live in 1998 (search snippet; the product page opened does not give a date).,Over 70 councils in Australia and New Zealand (current product page),"Australia, New Zealand",https://www.infor.com/en-au/products/pathway
courts-justice,Tyler Technologies,Odyssey Case Manager (now Enterprise Justice),"Introduced 2002, general release Q3 2003. First installs were the State of Minnesota and Lee County FL (Tyler FY2003 10-K: https://www.sec.gov/Archives/edgar/data/0000860731/000095013404002615/d12912e10vk.htm)",2024: Kentucky became Tyler's 17th statewide trial-court client and its 22nd statewide Enterprise Justice implementation,US (statewide and county courts),https://investors.tylertech.com/news/news-details/2024/Tyler-Technologies-to-Enhance-Court-Case-Accessibility-and-Efficiency-for-the-Commonwealth-of-Kentucky/default.aspx
courts-justice,"Journal Technologies (Daily Journal Corp, NASDAQ: DJCO)","eCourt, eProsecutor, eDefender, eSupervision (eSeries framework)",Not stated in the FY2025 10-K,FY2025: licensed or subscribed in about 37 US states and internationally. Four installation projects in Australia and a Canadian subsidiary since Aug 2022. About 80% of DJCO FY2025 revenue,"US, Canada, Australia",https://www.sec.gov/Archives/edgar/data/783412/000143774925038836/djco20250930_10k.htm
courts-justice,Justice Systems Inc (Albuquerque NM),FullCourt / FullCourt Enterprise,Company founded 1982. Product ship date not found,Says 'hundreds of courts and prosecutor offices' in the US. No exact count,US,https://www.linkedin.com/company/justice-systems-inc.
courts-justice,equivant (Constellation Software / Volaris),"CourtView, JWorks (JustWare), ShowCase",Says 'four decades' in market. Specific product dates not found,350+ justice agency customers internationally,US and international,https://equivant-court.com/about-us/
courts-justice,ICL/Fujitsu Services (infrastructure) and STL (core application) for the UK Lord Chancellor's Department / HMCTS,Libra (magistrates' courts case management),PFI procurement 1996. ICL contract Dec 1998. ICL missed the July 2001 core-application deadline. Contract restructured July 2002 (ICL £232m plus STL and integration £86m),Single national buyer: all magistrates' courts in England and Wales,UK (England and Wales),https://www.nao.org.uk/reports/new-it-systems-for-magistrates-courts-the-libra-project/
courts-justice,In-house (Hawaii State Judiciary),"HAJIS and DC Crim (Adabas/Natural 2/COBOL-CICS on IBM mainframe), JUSTIS (AS/400). Being replaced by JIMS on the Court Contexte COTS product","Core criminal and civil systems first written in the 1960s and 1970s, some applications in the 1980s. JUSTIS 1991","About 1,800 judiciary staff users",US (Hawaii),https://hiepro.ehawaii.gov/resources/108209/ATTACHMENT%207-Attachment%207%20Judiciary%20Technical%20Background%20and%20Current%20Systems.pdf
courts-justice,Court Services Victoria (in-house mainframe). Replacement by Journal Technologies,Courtlink (Magistrates' and Children's Courts),About 1988 ('first installed 30 years ago' as of 2018),"Magistrates' Court about 300,000 cases a year. Children's Court about 45,000 cases a year",AU (Victoria),https://www.computerworld.com/article/1677146/vic-courts-prepare-to-replace-aging-mainframe-system.html
courts-justice,Washington Administrative Office of the Courts (in-house),"Judicial Information System (JIS, formerly DISCIS)",1988,"Statewide, all courts of limited jurisdiction in Washington",US (Washington),https://thecourtmanager.org/articles/rising-to-the-challenge-deploying-a-multi-agency-integrated-case-management-system-the-spokane-experience/
courts-justice,Administrative Office of the US Courts (in-house),CM/ECF,About the mid-1990s ('nearly three decades' as of 2026),All federal courts. Replacement piloting in 6 pathfinder courts in 2026,US (federal),https://www.uscourts.gov/data-news/judiciary-news/2026/03/10/judges-outline-accelerated-modernization-case-management-system
courts-justice,German Länder justice IT associations,"JUDICA, EUREKA, EUREKA-Fach, forumSTAR, web.sta, MESTA, GO§A","Not stated in source. Pre-GeFa generation, replacement project started 2017",Courts and prosecutors across all 16 German states,EU (Germany),https://www.bmjv.de/DE/themen/digitales/digitalisierung_justiz/digitalisierungsinitiative/laendervorhaben/_doc/artikel_vorhaben_02_gefa.html
courts-justice,KAZ Group (Telstra subsidiary),JusticeLink (NSW courts),"Supreme Court registry live late 2007, originally due 2006. Capital cost A$48.2m","NSW Supreme, District and Local Courts",AU (NSW),https://www.itnews.com.au/news/justicelink-to-unify-nsw-courts-98567
courts-justice,CrimsonLogic,"Electronic Filing System (EFS), replaced by eLitigation",EFS 2000. eLitigation 2013,"Supreme Court of Singapore, over 14,000 cases a year",SG,https://www.crimsonlogic.com/case-study-crimsonlogic-elitigation
courts-justice,"National Informatics Centre (NIC), Government of India",eCourts Case Information System (CIS),Phase I from 2007,"More than 2,852 district and taluka court complexes on NJDG",IN,https://services.ecourts.gov.in/ecourtindia_v6/?p=about_us/index
courts-justice,Malaysian Judiciary (vendor not named),"e-Kehakiman (CMS, e-Filing, QMS, CRT)",2011. Phase 2 from 2016. Phase 3 due mid-2027,All court locations in Peninsular Malaysia,MY,https://www.bernama.com/en/news.php?id=2505009
courts-justice,Supreme Court of the Philippines,eCourt,2013 (58 pilot courts),327 courts in 10 cities at the time of the 3ie evaluation,PH,https://3ieimpact.org/sites/default/files/2021-02/SC-PWP-IE-brief.pdf
land-registry,Tyler Technologies,Eagle Recorder / EagleSoftware integrated land records,Before 2006. The 2006 article describes EagleSoftware as an established Java-based product. Exact first-ship year not found.,No total county count found. 7 Utah counties signed in 2006 (contract over $3M).,US,https://www.washingtontechnology.com/2006/03/tyler-stakes-out-utah-land-records-work/351549/
land-registry,Harris Recording Solutions (Harris Computer),OnCore (legacy) and Acclaim land records management,"OnCore was live at Leon County, FL by 2003. Acclaim is the successor.",No total count disclosed on the page read.,US,https://www.harrisrecordingsolutions.com/harris-is-live-in-arizona/
land-registry,Kofile (Audax Private Equity),"Official records system, Kleio AI document intelligence",Kofile founded 2009. Its first cloud official-records system was deployed in 2016.,"More than 3,000 county governments (AWS blog, 2025)",US,https://aws.amazon.com/blogs/publicsector/how-kofile-modernizes-county-records-with-ai-on-aws/
land-registry,INFOCON Corporation,"County Access System, county land-record and tax systems (IBM System i / AS/400 support)",Company serving end users since 1976,More than 30 Pennsylvania counties on its public-records portal (31 listed),US (Pennsylvania),https://www.localgovhub.com/infocon
land-registry,ICE (Simplifile),Simplifile e-recording network (front end for county recorder systems),Not stated in the source,"2,019 counties, more than 80% of the US population (2019)",US,https://ir.theice.com/press/news-details/2019/Simplifile-Adds-51-New-Counties-in-17-States-to-E-Recording-Network/default.aspx
land-registry,Land Registration Systems Inc. (LARES),LRA Land Titling Computerization Project (BOO),Contract awarded May 2000. LRA tried to terminate in 2005 because work had not started.,"164 Registries of Deeds; about 25M titles, more than 21M digitized; USD 200M project cost",PH,https://www.sahi.com.ph/project/land-registration-systems-lares/
land-registry,"National Informatics Centre (NIC), Karnataka",Bhoomi land records,1999-2001,165 taluks in Karnataka (40 at initial rollout),IN,https://en.wikipedia.org/wiki/Bhoomi_(software)
land-registry,Department of Land Resources (in-house),NGDRS e-registration,Launch year not stated on the page,31 states and UTs: 18 full implementations plus 13 sharing data via UI or API,IN,https://dolr.gov.in/en/national-generic-document-registration-system/
land-registry,Ministry of Natural Resources (Malaysia) with the Swedish Government,"SPTB Computerised Land Registration System, succeeded by e-Tanah","SPTB pilot 1989-1990, implementation from 1995. e-Tanah announced 2003, Penang pilot tendered 2004.","e-Tanah live in 10 states and territories as of Dec 2025, with full Peninsular coverage targeted for 2030",MY,https://ptg.penang.gov.my/index.php/en/services/e-tanah/e-tanah-profile
land-registry,Queensland Government (Titles Queensland),Automated Titles System (ATS),April 1994,Single state registry. Converted 2.6M paper titles.,AU,https://www.titlesqld.com.au/wp-content/uploads/2026/04/ltpm-part-00.pdf
land-registry,Singapore Ministry of Law / SLA,INLIS (Integrated Land Information Service),24 Oct 1998 (internet launch),Single national registry,SG,https://www.nas.gov.sg/archivesonline/data/pdfdoc/1998102401.htm
land-registry,Kementerian ATR/BPN (in-house),"KKP (Komputerisasi Kegiatan Pertanahan): desktop, then Geo-KKP, then KKP-Web",Desktop version first. Year not confirmed in a source that opened.,Used across roughly 400+ Kantor Pertanahan (land offices),ID,https://id.wikipedia.org/wiki/Kantor_Pertanahan
utility-billing-cis,SAP,SAP IS-U (moving to S/4HANA Utilities),1998 (cobicon). Built on SAP R/3. Mainstream maintenance ends 2027; paid extended maintenance runs to end of 2030.,No vendor-disclosed count found in sources read,Global. Very large footprint among EU/DACH utilities. Also used by Asian and Indian discoms (not confirmed by a primary source here).,https://www.cobicon.de/en/introduction-to-sap-is-u-sap-utilities/
utility-billing-cis,"Oracle (acquired SPL WorldGroup, Nov 2006)",Oracle Utilities Customer Care & Billing (CC&B),Before 2006 as SPL's customer care and billing product. Exact first-ship year not confirmed in a source read.,"Not confirmed. A secondary snippet claims 400+ utilities, but no Oracle primary page could be opened (oracle.com returned 403).","US, EU, UK, APAC, Middle East",https://www.infoworld.com/article/2194961/oracle-buys-spl-worldgroup.html
utility-billing-cis,Harris Computer (Constellation Software) / Advanced Utility Systems,CIS Infinity,Advanced Utility Systems founded 1997,More than 150 deployments (2022 press release),"North, Central and South America, Caribbean",https://www.prnewswire.com/news-releases/advanced-utility-systems-announces-update-to-customer-information-system-301540163.html
utility-billing-cis,Hansen Technologies (ASX:HSN),Hansen CIS / BannerCX,Not confirmed. Hansen cites 30+ years of industry expertise.,Customers in 80+ countries (2025 press release). No CIS-specific count.,"North America, AU, EU, APAC",https://www.newswire.ca/news-releases/hansen-technologies-announces-strategic-partnership-with-erth-holdings-to-expand-cis-solutions-across-canada-821975369.html
utility-billing-cis,Gentrack Group (NZX/ASX: GTK),"Velocity, Junifer, g2 / g2.0",Gentrack has operated for 35+ years. Product ship dates not confirmed.,"More than 60 energy and water companies (FY25, Nov 2025)","UK, AU, NZ, SG, PH (ACEN), EU",https://gentrack.com/fy25-annual-results-investor-briefing/
utility-billing-cis,Tyler Technologies,Incode (utility billing module); also Munis UB and ERP 9,"Not confirmed. Gulfport, MS has run Tyler ERP 9 billing for 21 years (2026 RFP).","2,400 Incode clients across all modules (2019). No utility-billing-only count.",US,https://finance.yahoo.com/news/tyler-incode-utility-billing-solution-151203285.html
utility-billing-cis,"HTE (later SunGard Public Sector, now CentralSquare)",HTE utility billing on IBM AS/400,Not confirmed. It is an AS/400-era product (midrange).,"No vendor count found. Danbury, CT runs it today and requires references migrated off HTE.",US municipalities,https://www.danbury-ct.gov/DocumentCenter/View/4040/Utility-Billing-Software-RFP
utility-billing-cis,JD Edwards / Denovo,"Utility Customer Information System (UCIS) v7.3 on IBM i / AS/400, DB2",Not confirmed. It runs on the midrange IBM i platform.,"No count. Santa Fe, NM bills 35,000+ customers on it.",US,https://santafenm.gov/media/rfps_docs/1706P.pdf
utility-billing-cis,EVN / EVNICT (in-house),"CMIS (Customer Management Information System), v4.0 in Dec 2023",April 2004. All EVN units on it by 2007.,Used across EVN's power corporations. About 27 million electricity customers per EVN (search snippet).,VN,https://en.evn.com.vn/d6/news/CMIS-system-A-breakthrough-in-business-and-customer-service-of-EVN-66-163-2536.aspx
utility-billing-cis,PLN / ICON+ (in-house),AP2T (Aplikasi Pelayanan Pelanggan Terpusat),National launch 14 Dec 2012,All PLN customers nationwide. No figure on the page.,ID,https://www.esdm.go.id/id/media-center/arsip-berita/pln-terapkan-pelayanan-pelanggan-terpadu-untuk-seluruh-indonesia
utility-billing-cis,Tenaga Nasional Berhad (in-house),e-CIBS billing (described with ERMS and LGBNet as back-end legacy systems),Not confirmed,TNB's customer base (about 10.65M in Peninsular Malaysia per search snippet),MY,https://juristech.net/tenaga-nasional-berhad-tnb/
telecom-bss,CSG Systems International,CCS / Advanced Convergent Platform (ACP),Platform built inside First Data from 1982; CSG spun out 1994; ACP upgrade of CCS completed 2004,"45.2 million customer accounts processed as of Dec 31, 2005 (FY2005 10-K). Charter (~20% of revenue) and Comcast (~19%) are the anchor ACP clients in 2024.",Primarily US (cable/broadband),https://www.sec.gov/Archives/edgar/data/0001005757/000119312506053833/d10k.htm
telecom-bss,Amdocs,"Amdocs CES / Ensemble billing and customer care (plus MATRIXX charging, acquired Dec 2025)",1982 (billing software for phone directory companies),"About 400 communications, media and other service providers (FY2025 20-F). Top ten customers are about 70% of revenue. AT&T is 25.9% and T-Mobile 19.9%.","US, EU, UK, APAC (Singtel, Telstra, PLDT, Globe named), LatAm",https://www.sec.gov/Archives/edgar/data/1062579/000119312525319187/dox-20250930.htm
telecom-bss,"Ericsson (ex-LHS, Sema, Schlumberger)",BSCS / Ericsson Billing,"1990 (LHS BSCS, client/server on Oracle DB, C/C++)","110+ operators in 80+ countries. More than 2 billion subscriptions on Ericsson billing by Dec 2012 (Wikipedia, citing Ericsson)","Global, mobile-operator heavy (EU, APAC, MEA)",https://en.wikipedia.org/wiki/Business_Support_and_Control_System
telecom-bss,Oracle (ex-Portal Software),Oracle Communications BRM (formerly Infranet),Infranet developed after a 1992 pivot. Oracle bought Portal in 2006 for about $220M,"No count found. Named users include China Mobile, Deutsche Telekom, France Telecom, Vodafone, Telstra.",Global,https://en.wikipedia.org/wiki/Portal_Software
telecom-bss,Netcracker Technology (NEC),Netcracker BSS/OSS,Company founded 1993. NEC acquired it in 2008 for about $300M,More than 280 CSP and cable customers (Wikipedia),Global,https://en.wikipedia.org/wiki/NetCracker_Technology
freight-forwarding-customs,WiseTech Global,CargoWise (CargoWise One),Company founded 1994 (as Eagle Developments); entered US market under CargoWise name in 2006,"Over 17,000 logistics companies across 193 countries, including 24 of the 25 largest global freight forwarders and 47 of the top 50 3PLs (FY25 results, Aug 2025; count includes non-CargoWise platforms). Acquired e2open on 4 Aug 2025.","Global, all study regions (HQ Sydney, AU)",https://www.wisetechglobal.com/media/i4ib0p11/wtc-fy25-results-investor-presentation.pdf
freight-forwarding-customs,Descartes Systems Group,Broker & Forwarder Enterprise Systems; customs and security filing; Global Logistics Network,Company established 1981,"More than 10,000 logistics-centric businesses; Global Logistics Network connects over 26,000 customers in 160+ countries (per Wikipedia summary of company disclosures). FY2025 revenue USD 651.0m (40-F MD&A).","US, EU, UK, AU, global",https://en.wikipedia.org/wiki/Descartes_Systems_Group
freight-forwarding-customs,"Kewill (later BluJay Solutions, then e2open, now WiseTech)",Kewill customs and forwarding software (Kewill Forward),1972,"7,000 customers worldwide incl. DHL, UPS, Damco (2012, at Francisco Partners acquisition)","UK, EU, US, India, global",https://www.franciscopartners.com/media/francisco-partners-completes-acquisition-of-global-supply-chain-software-company-kewill
freight-forwarding-customs,Riege Software,"Scope (air, ocean freight and customs TMS); predecessor ProCarS",Company founded 1985; ProCarS moved from networked PCs sharing a file system to multi-user UNIX servers; Scope established about 2008,"Not on the page opened. The search snippet said 700+ customers, 8,500 users, 60+ countries, but no opened page confirmed it.","EU (DE), US, Asia",https://www.riege.com/resources/blog/an-idea-takes-flight
freight-forwarding-customs,Magaya Corporation,Magaya Supply Chain / Digital Freight Platform,About 2000-2001 (vendor cites 25 years of freight forwarding technology),"'Thousands of freight forwarders'; Magaya Network of 2,300+ supply chain companies in 100+ countries","US, LATAM, global",https://www.magaya.com/freight-forwarding-software/
freight-forwarding-customs,Thai Son Technology Development Co. (ThaisonSoft),ECUS / ECUS5-VNACCS customs e-declaration software,Early 2000s (vendor cites nearly 23 years of e-customs experience); current version ECUS5VNACCS 2018,No exact count on the vendor page. It calls ECUS the most widely used software among Vietnamese import-export firms.,VN,https://thaison.vn/san-pham/ecus
warehouse-management,Manhattan Associates,"PkMS / WMi (Warehouse Management for IBM i), written in RPG","1990 (PkMS developed in Manhattan Beach, CA; PkMS '99 preloaded on AS/400 under a 1999 IBM deal)","More than 500 companies on WMi (IT Jungle, Dec 2009, quoting Manhattan). The FY2025 10-K gives no total customer count.","Global. Offices in US, UK, France, Germany, Italy, Netherlands, Spain, India, Singapore, Australia, China, Japan, Chile (FY2025 10-K)",https://www.itjungle.com/2009/12/15/fhs121509-story02/
warehouse-management,Manhattan Associates,"Manhattan SCALE (.NET), still licensed on-prem; Manhattan Active WM is the migration target",Not stated in the 10-K. Company founded 1990.,Not disclosed. The FY2025 10-K says no customer exceeded 10% of revenue and Active subscriptions typically run 5+ years.,Global (see 10-K office list),https://www.sec.gov/Archives/edgar/data/1056696/000119312526037138/manh-20251231.htm
warehouse-management,SAP,SAP ERP Warehouse Management (LE-WM),"Part of SAP R/3 / ERP. No exact date found in the sources opened. SAP EWM, its successor, launched in 2006.","Over 5,000 warehouse installations of SAP WM (MWPVL analyst estimate, not SAP-disclosed). S/4HANA compatibility use ended end-2025. Support ends 31 Dec 2027.",Global,https://www.mwpvl.com/html/wms_links.html
warehouse-management,Blue Yonder (formerly JDA / RedPrairie / McHugh Freeman),Dispatcher WMS,"Mid-1980s (McHugh Freeman, founded 1975)","More than 2,000 live sites in nearly 60 countries (Socius24, a Blue Yonder alliance partner)","Global. Partner covers UK, Europe, Middle East, Africa",https://www.socius24.com/blue-yonder-wms/
warehouse-management,Körber / Infios (formerly HighJump),"HighJump WMS / Advantage, now Infios WMS",HighJump founded 1983 (as Data Collection Systems Inc.),"HighJump had over 4,000 customers when Körber bought it (Aug 2017). Infios: 5,000+ customers in 70+ countries (2025).","Global, 70+ countries",https://www.koerber.com/en/about-us/news-and-press/highjump-acquisition
warehouse-management,Hardis Group (Reflex),Reflex WMS,"1992. Built first on AS/400, later multiplatform.","Not found. Named clients include Renault, Les Mousquetaires, Duracell.",France and Europe mainly,https://fr.wikipedia.org/wiki/Hardis
warehouse-management,"Infor (via SSA Global, from EXE Technologies)",Infor WMS / SCE,"Not found. SSA Global bought EXE in 2003, and Infor bought SSA in 2006.",Not found,Global,https://www.mwpvl.com/html/wms_links.html
transport-tms,Trimble (TMW Systems),TL2000 (IBM AS/400 / IBM i truckload dispatch and accounting),Before 2000. Version 6.1 for AS/400 shipped December 2000. Exact first release year not found.,"TMW had about 1,800 customers across all its TMS products when Trimble agreed to buy it in 2012 for $335M. No separate TL2000 count was disclosed.","US, Canada",https://www.truckinginfo.com/news/tmw-updates-tl200-for-as400
transport-tms,"Trimble (TMW Systems, via Innovative Computing Corp.)",Innovative IES (IBM i dispatch and accounting),Not found. Trimble says the cloud version has been offered for more than 20 years. The product runs on IBM i.,More than 300 IBM i users when TMW bought Innovative Computing in 2009,US,https://www.itjungle.com/2012/09/04/fhs090412-story04/
transport-tms,McLeod Software,"LoadMaster (carriers), PowerBroker (brokers)",The company was founded in 1985. LoadMaster's first ship year is not stated.,"More than 1,200 active customers in North America (vendor about page, 2025)","US, Canada",https://www.mcleodsoftware.com/about-us/
transport-tms,Oracle,"Oracle Transportation Management (formerly G-Log Global Command and Control Center, GC3)",G-Log GC3 shipped before 2005. Oracle bought G-Log in November 2005 and renamed it in February 2006. GC3's first ship year was not found.,"Not disclosed. In 2006 Oracle's older Transportation Execution and Transportation Planning products had about 100 users, who were to migrate. About a quarter of GC3 users also ran SAP.",Global,https://www.infoworld.com/article/2174348/oracle-officially-renames-g-log-software.html
transport-tms,SAP,SAP LE-TRA (R/3 / ECC) and SAP Transportation Management 9.6 (NetWeaver),LE-TRA shipped in 1993 with R/3 3.0. SAP TM 9.6 reaches end of mainstream maintenance in 2027.,Not disclosed,Global,https://learning.sap.com/courses/discovering-sap-s-4hana-transportation-management/understanding-sap-transportation-management-products_b6bbc99f-e032-4f70-bd57-37e0ee92a7d4
transport-tms,"Blue Yonder (formerly JDA, includes i2 Technologies and Manugistics)",Blue Yonder TMS (i2 / JDA TMS lineage),JDA was founded in 1985. The i2 and Manugistics lines came in through acquisitions in 2006 and 2010. The TMS first ship year was not found.,Not disclosed for TMS,Global,https://en.wikipedia.org/wiki/Blue_Yonder
transport-tms,Manhattan Associates,"Manhattan TMS (built from Logistics.com OptiManage, OptiBid, OptiYield)","The Logistics.com assets were bought for about $20M in October to December 2002, so the line predates 2002.",Not disclosed in the source opened,Global,https://www.computerworld.com/article/1336053/manhattan-associates-to-acquire-logistics-com-s-assets-for-20-million.html
airline-pss,Amadeus IT Group,"Altéa Passenger Service System (Reservation, Inventory, DCS)","Partnership with Qantas/BA signed 2000; Qantas live on Altéa Reservation 2002, Inventory 2004, full platform 2008","130+ Altéa customers (Amadeus product page, read 2026); 400+ airlines use Amadeus solutions, 2bn+ passengers boarded yearly; 2,248.6m passengers boarded in FY2025","Global; SE Asia examples Vietnam Airlines (live June 2024), Bangkok Airways (cut over July 2019), Philippine Airlines, Malaysia Airlines; US Southwest, Hawaiian; ANA domestic migration FY2025-26",https://amadeus.com/en/airlines/products/altea-passenger-service-system
airline-pss,Amadeus (Navitaire),Navitaire New Skies (successor to Open Skies),Open Skies 1994; New Skies client conversions began 2005,"Over 70 value-driven airlines on New Skies (Amadeus airlines overview, read 2026); 65+ airlines adopted Open Skies in its first 10 years","Global LCCs; Asia includes AirAsia, Jetstar, IndiGo-type LCC segment",https://amadeus.com/en/airlines/overview
airline-pss,Sabre Corporation,Sabre host reservation system / SabreSonic Customer Sales & Service (now marketed alongside SabreMosaic),"Development 1960, launched 1964 on IBM mainframes; ACP became TPF in 1979","No current PSS customer count in FY2024/FY2025 10-K; FY2018 10-K gives airline solutions contract terms of 3-7 years; earlier filings cite technology used by ~225 airlines (search snippet, not verified in a filing opened)",Global; LATAM signed 10-year Sabre PSS contract in 2015,https://www.sec.gov/Archives/edgar/data/1597033/000162828026008800/sabr-20251231.htm
airline-pss,Travelport,z/TPF-hosted airline internal reservation systems (Worldspan/Galileo heritage),TPF-based GDS hosts from 1970s-80s; Atlanta data center consolidation 2008,"FY2008 10-K: hosted reservation systems for Delta (to 2018), United (to 2013), Northwest (to 2018) plus 10 other smaller airlines",US primarily,https://www.sec.gov/Archives/edgar/data/0001386355/000104746909002555/a2190554z10-k.htm
airline-pss,Hitit Computer Services,Crane PSS,Company founded 1994 in Istanbul by ex-Turkish Airlines IT staff,73 airline and travel-industry customers in 51 countries as of 30 Sep 2025,"Global, emerging markets, mid-size carriers",https://hitit.com/themes/hitit/documents/Hitit-30.09.2025-interim-activity-report.pdf
airline-pss,Videcom International,VRS (Videcom Reservation System),Company founded 1972 (airline automation since 1971); VRS integrated PSS from 2001 per secondary source,Vendor says hundreds of airlines have used its products; no exact count,"UK, Africa, regional carriers worldwide",https://www.videcom.com/videcom-airline-systems.aspx
airline-pss,IBM (platform),TPF / z/TPF operating system,ACP mid-1960s with North American and European airlines; TPF 1979,"No IBM count; users named include Sabre, American, Delta, Japan Airlines, Travelport",Global GDS and large network carriers,https://en.wikipedia.org/wiki/Transaction_Processing_Facility
hotel-pms,"Oracle Hospitality (formerly MICROS Systems; MICROS acquired Fidelio 1995, Oracle acquired MICROS 2014 for ~$5.3B)",OPERA PMS (V5 on-premise; OPERA Cloud successor),Late 1990s (OPERA announced 1998; Fidelio DOS-era predecessor from 1987),"More than 40,000 properties across all OPERA versions, majority still on old or on-premises systems; nearly 5,000 on OPERA Cloud (Skift, March 2023, citing Oracle)","Global; dominant in chains and upscale hotels in US, EU, UK, SG, MY, TH, ID, VN, PH, IN, AU",https://skift.com/2023/03/28/oracle-hospitality-wants-to-bring-more-hotels-into-the-cloud/
hotel-pms,Hilton Worldwide (in-house),OnQ proprietary PMS,"Deployment essentially completed to 2,100+ properties in Q4 2003","2,100+ Hilton properties in 2003; being replaced at 7,000+ hotels by HotelKey PEP",Global Hilton system,https://www.sec.gov/Archives/edgar/data/0000047580/000110465904001672/a04-1550_1ex99d1.htm
hotel-pms,"protel hotelsoftware GmbH (acquired by Advent International and Eurazeo, Jan 2022; now part of Planet)",protel PMS,Company founded 1994 in Dortmund; first cloud-native PMS went live 2009,"More than 14,000 hotels in 93 countries (2022)","EU (esp. DACH), UK, global",https://hoteltechreport.com/news/advent-and-eurazeo-acquire-protel
hotel-pms,Agilysys Inc. (NASDAQ: AGYS),LMS (Lodging Management System) and Visual One PMS; cloud successor Agilysys Stay,Not disclosed in 10-K; Visual One Systems acquired by Agilysys in fiscal 2008,"Not disclosed as a PMS install count; LMS described as on-premise or hosted for properties of 100 to over 7,000 rooms","US (casino resorts, cruise, large resorts), UK/EU, APAC",https://www.sec.gov/Archives/edgar/data/78749/000119312526234423/agys-20260331.htm
hotel-pms,Northwind (Maestro PMS),Maestro PMS (from CHS Front Office 1984 and CHS2000 1994),CHS Front Office 1984; CHS2000 1994; Maestro 1999,"Over 10,000 users (vendor claim, not a property count)","US, Canada, UK/EU, independent resorts",https://en.wikipedia.org/wiki/Northwind_(company)
hotel-pms,IDS Next (Bengaluru),"FortuneNext 9.0 on-premise hotel ERP (front office, POS, finance, housekeeping)","Not disclosed on vendor page (company founded 1987 per third-party profiles, not verified at primary source)","Not disclosed; vendor page shows logos of Wyndham, Marriott, Accor, Radisson, ITC Hotels","IN, Middle East, SE Asia",https://idsnext.com/hotels/
hotel-pms,PT Supranusa Sindata,VHP Visual Hotel Program (server-based PMS) and e1-VHP cloud,Not stated on vendor pages read,"Not stated on vendor pages read (third-party listings claim 1,500+ Indonesian hotels; unverified)","ID (HQ Jakarta, branch Bali), some MY, PH",https://sindata.net/
retail-pos-merch,"Toshiba Global Commerce Solutions (acquired IBM Retail Store Solutions, 2012)",4690 OS + SurePOS ACE,4690 OS July 1993 (IBM); Toshiba now lists SurePOS ACE under 'Legacy Systems',"No current vendor-disclosed count. Wikipedia cites ~12% POS client share by mid-2005; 4690 discontinued for new customers, last security update Dec 2020, still supported under service contracts.",Global; strongest in US/EU/UK/AU grocery and high-volume retail,https://en.wikipedia.org/wiki/4690_Operating_System
retail-pos-merch,Toshiba Global Commerce Solutions,SurePOS ACE (legacy) positioned against ELERA,Pre-2005 (runs on 4690 OS V6.5 or TCx Sky),Not disclosed on product page; targets high-volume grocery and independent retail,Global,https://commerce.toshiba.com/wps/portal/marketing/?urile=wcm%3Apath%3A%2Fen-us%2Fhome%2Fsoftware%2Flegacy-systems%2Face
retail-pos-merch,JDA Software (now Blue Yonder),Merchandise Management System (MMS) on IBM i,1980s-era IBM i host system; reseller describes 'over two decades' of merchandising heritage (exact year not found),"Nearly 400 MMS accounts (IT Jungle, 2014); 'more than 360 retailers in 60 countries' per JDA collateral surfaced in search; Robinsons Retail (PH, 1,000+ outlets) expanding MMS in 2014","US, PH, MY, ID, TH, AU, EU, Middle East",https://www.itjungle.com/2014/04/01/fhs040114-story09-2/
retail-pos-merch,"Oracle (acquired Retek, April 2005, ~$670M)","Oracle Retail Merchandising System (RMS, ex-Retek)",Pre-2005 (Retek built retail apps on Oracle tools; Oracle partner since 1986),Not disclosed in the article opened,"Global tier-1 retail (US, UK, EU, AU, SEA)",https://www.informationweek.com/software-services/oracle-completes-retek-acquisition
retail-pos-merch,"Oracle (acquired 360Commerce, Jan 2006)",Oracle Retail POS / Store 360 (later replaced by Xstore),Pre-2006 (360Commerce Store 360 v7.2 docs dated Feb 2006),Not disclosed in article opened,"US, EU",https://www.techmonitor.ai/technology/oracle_acquires_retail_vendor_360commerce
retail-pos-merch,"Oracle (acquired MICROS Systems, 2014, ~$5.3B)",MICROS Retail / Oracle Retail Xstore Point-of-Service,MICROS founded 1977,"MICROS: more than 330,000 sites across 180 countries (2014, includes hospitality)",Global,https://www.sec.gov/Archives/edgar/data/0001341439/000119312514246160/d748380dex992.htm
retail-pos-merch,NCR Voyix,"Legacy retail POS, payments and store software portfolio",Pre-2005 legacy portfolio (exact product dates not in filing),10-K (FY2025) gives no customer/lane count; says ability to sunset legacy products 'may be hindered by contractual terms... or customer preferences',Global; enterprise and mid-market retail,https://www.sec.gov/Archives/edgar/data/70866/000007086626000006/ncr-20251231.htm
retail-pos-merch,"Aptos (spun out of Epicor Retail, 2015)","Aptos store, merchandising and POS suites (Epicor Retail / NSB / CRS heritage)",Pre-2005 product lines (inherited from Epicor Retail),"122,000 stores live; 500+ retail brands (June 2015)","US, UK, EU, AU",https://www.globenewswire.com/en/news-release/2015/06/17/951521/0/en/Newly-Independent-Company-Aptos-Launches-New-Brand-Readies-Retailers-to-Engage-Customers-Differently.html
retail-pos-merch,Microsoft,Dynamics Retail Management System (RMS) 2.0,Pre-2005 (exact year not confirmed in source opened),"Not disclosed by Microsoft in the source opened; mainstream support ended 10 Jul 2016, extended support ended 13 Jul 2021","US, SEA, AU SMB retail",https://community.dynamics.com/forums/thread/details/?threadid=a0f0aec9-e321-4012-8f03-7dfbced2a79f
retail-pos-merch,LS Retail,"LS Nav (on Dynamics NAV), discontinued; successor LS Central",Company focused on retail since 1988 (per vendor); LS Nav rebuilt as LS Central 2019,"About 110,000 stores and restaurants in 157 countries (LS Retail about page, 2026)","EU, UK, MY (branch), SEA, Middle East, US",https://www.lsretail.com/about-us
construction-project-accounting,Sage Group (acquired Timberline Software in 2003),"Sage 300 Construction and Real Estate (Sage 300 CRE, ex Timberline Office)",Timberline Software originated 1971; rebranded Sage 300 CRE in 2012,"No vendor count verified from an opened page (sage.com returned 403; search snippet cites 15,000+ construction and real estate companies). Third-party AppsRunTheWorld tracks 713 named user companies.",Mainly US and Canada,https://www.erpadvisorsgroup.com/blog/sage-300-cre-end-of-support
construction-project-accounting,"Trimble (Viewpoint, acquired July 2018 for $1.2B)","Viewpoint Vista, Spectrum, Jobpac Connect","Viewpoint established 1976 (Portland, OR); Spectrum from Dexter + Chaney, founded 1981; Jobpac served ANZ for 25+ years before 2015 acquisition. Exact Vista release year not found.","Approximately 8,000 customers worldwide, including 46% of ENR 400 and 34% of ENR 600 (Trimble 8-K exhibit, April 2018)","US, UK (Newcastle office), Australia/NZ (Sydney office)",https://www.sec.gov/Archives/edgar/data/0000864749/000119312518127126/d573173dex991.htm
construction-project-accounting,Trimble Viewpoint (Jobpac),Jobpac / Jobpac Connect,Late 1980s (Jobpac served ANZ for more than 25 years as of April 2015),Not disclosed in the acquisition release; Viewpoint then had customers in 28+ countries,"Australia, New Zealand",https://www.prweb.com/releases/viewpoint_construction_software_acquires_jobpac/prweb12623790.htm
construction-project-accounting,Foundation Software,FOUNDATION construction accounting,1985,"More than 43,000 construction professionals (users, not companies), per vendor",US,https://www.foundationsoft.com/about/
construction-project-accounting,CMiC,CMiC construction ERP (Single Database Platform),Company established 1974 (Toronto),Vendor claims about one quarter of ENR Top 400 contractors use CMiC and it manages $100B+ construction revenue annually,"US, Canada",https://www.erpresearch.com/en-us/cmic-erp
construction-project-accounting,Computer Guidance Corporation,eCMS (runs exclusively on IBM i / OS/400),"Company established 1981 (search result); eCMS on IBM i, SaaS-hosted option from 2009","Not stated in opened article; search snippet cites about 600 commercial construction firms and 75,000+ users","US, Canada",https://www.itjungle.com/2009/06/30/fhs063009-story08/
construction-project-accounting,Jonas Software (Constellation Software),"Jonas Construction, Ventus VMS, ACENTE, Premier Green, Automated Integration, Data Basics and others",Gary Jonas Computing acquired by Constellation in June 2003; product predates acquisition,"Not stated on opened page (search snippet cites 1,000+ Jonas Construction clients)","US, Canada",https://jonassoftware.com/the-history-of-the-jonas-construction-portfolio
construction-project-accounting,"The Access Group (acquired COINS, completed Dec 2022)",Access Coins / Coins Evo,Founding date not on opened page (search snippets give 1985 or 1976),"130,000 construction professionals; 43 of top 75 UK homebuilders; 1,000+ UK companies on Access construction solutions",UK and Ireland (also US and ANZ pages),https://www.theaccessgroup.com/en-gb/construction/products/coins/
property-management,MRI Software,"MRI Commercial / Residential Management (plus Qube, Rockend REST Professional, PropertyTree)","1971 (founded as Management Reports Incorporated; Cleveland, Ohio)","45,000+ clients, 170+ countries, 23M units, 5.5M leases (vendor site, accessed 2026)","US, Canada, UK, Ireland, South Africa, UAE, Saudi Arabia, Australia, New Zealand, Singapore, Hong Kong, India",https://www.mrisoftware.com/za/about/
property-management,Yardi Systems,"Yardi Voyager (Basic Property Management on Apple II/DOS 1984, Windows/Enterprise in 1990s, Voyager client-server then 7S SaaS, Voyager 8)",1984 (Basic Property Management); Voyager flagship since early 2000s,"No vendor-disclosed count could be opened (yardi.com returned 403). Third-party estimate: 20,000 customers (GetLatka, 2026, not vendor-disclosed)","Global; 35 locations by 2017 per Wikipedia; North America, Europe, Asia, Australia",https://en.wikipedia.org/wiki/Yardi_Systems
property-management,RealPage,"OneSite (first on-demand PMS, June 2001); heritage Rent Roll on-premise systems acquired 1998",1998 (Rent Roll on-premise); OneSite June 2001,"31,700+ clients, ~19.7M units (10-K, Dec 31 2020); 24M+ units (company site, 2026)","North America, Europe, Asia",https://www.sec.gov/Archives/edgar/data/1286225/000128622521000007/rp-20201231.htm
property-management,MRI Software (Rockend),"REST Professional (desktop/on-premise), Strata Master, PropertyTree",1979 (Rockend founded),"55,000 active users; software manages 55% of Australian rental properties","AU, NZ",https://www.realestatebusiness.com.au/who-is-rockend-today
property-management,SAP,"Classic RE (R/3) and Flexible Real Estate Management RE-FX (ECC EA-FIN 6.0, S/4HANA)","Classic RE in R/3 (1990s); RE-FX in R/3 Enterprise extension sets, migration path from Classic RE as of ECC EA-FIN 600",,"Global, strongest in DACH/EU enterprise and corporate real estate",https://help.sap.com/doc/9e149e28634446cdbb0bf3b3580750bd/6.00.29/en-US/Chapter_08__RE_Real_Estate_ManagementE_(2).PDF
property-management,Aareon,"GES (legacy ERP), Wodis Sigma, Wodis Yuneo, RELion",1957 (data processing centre of Deutsche Bau- und Bodenbank that became the property-industry IT provider); GES operation in Aareon data centre ended Jan 2021,"Revenue > EUR 450M (2024); search result cites 13,000+ customers across Europe (aareon.com, not opened)","Germany, France, UK, Netherlands, Sweden, Spain, Turkey",https://en.wikipedia.org/wiki/Aareon
property-management,Oracle,"JD Edwards World Real Estate Management (IBM i / iSeries, RPG)",JD Edwards World on AS/400 (pre-2000); exact Real Estate module date not found,,US and global midmarket,https://www.itconvergence.com/blog/what-happens-when-your-last-iseries-admin-retires/
property-management,NEC Software Solutions (formerly Northgate Public Services),"NEC Housing (ex-Northgate OHMS), SAM (formerly Codeman) housing asset management",Not confirmed from an opened source (search snippet: Rotherham's Northgate contract in place since 1995; council site refused connection),,UK local authorities and housing associations,https://procontract.due-north.com/ContractsRegister/ViewContractDetails?contractId=f1ad7993-8d76-eb11-810a-005056b64545
legal-practice-management,Elite (Thomson Reuters until 2023; TPG 2023; Francisco Partners 2025),Elite Enterprise / 3E / ProLaw / MatterSphere,Company founded 1947; Enterprise in use at Clark Hill since 1994 and described in 2016 as serving the sector for 25+ years; ProLaw bought by West in 2001,"About 2,000 law firms; 75% of Am Law 100 and 72% of Global 100 (Aug 2025)","US, UK, EU, APAC (global large and mid-size firms)",https://www.lawnext.com/2025/08/breaking-elite-a-financial-management-platform-for-larger-firms-has-been-acquired-by-francisco-partners.html
legal-practice-management,Aderant,Aderant Expert (on-prem) / Expert Sierra (cloud),"Expert evolved from the earlier CMS product (exact year not confirmed in sources opened); Expert Sierra launched in US about 2018, UK/EU 2020, APAC late 2022","2,500+ unique clients in 26 countries, 98% of Am Law 200 (2026 site); 250+ live Expert Sierra clients, 40% of Expert firms on Sierra","US, UK, EU, APAC, Canada",https://www.aderant.com/about-us/
legal-practice-management,PCLaw | Time Matters LLC (LexisNexis and LEAP JV),Time Matters and PCLaw,"Time Matters: 1989 (MS-DOS), Windows from 1994; PCLaw: first-ship date not confirmed in sources opened","15,000 paying customers and 130,000 users across PCLaw and Time Matters (May 2019)","US, Canada",https://en.wikipedia.org/wiki/Time_Matters
legal-practice-management,Tabs3 Software (ProfitSolv),Tabs3 Billing / PracticeMaster,1979,"""Thousands of law firms"" across the US (no exact count)",US,https://www.tabs3.com/company/company.html
legal-practice-management,LexisNexis (UK),Axxia Artiion & Desktop,Not confirmed; acquired by LexisNexis 2008; end of life 31 Jan 2020,,UK,https://www.lights-on.com/is-your-firm-running-end-of-life-software/
accounting-practice,Thomson Reuters (Creative Solutions),UltraTax CS,DOS-era product; moved to 32-bit Windows in 1995 (exact first release year not found),Not disclosed in sources read,US,https://www.cpapracticeadvisor.com/2008/12/01/creative-solutions-ultratax/5231/
accounting-practice,Intuit,Lacerte,Before 1998 (Intuit bought Lacerte Software Corp for $400M cash in 1998; founding year not in source),Not disclosed in source,US,https://www.intuit.com/company/press-room/press-releases/1998/05-18/
accounting-practice,Drake Software (Taxwell),Drake Tax,1977 (company founding),"More than 70,000 tax professionals; 36M+ federal and state returns processed in the year (vendor site, read 2026)",US,https://www.drakesoftware.com/about-us/about-drake/
accounting-practice,Wolters Kluwer,"CCH ProSystem fx (on-premise), migrating to CCH Axcess",Not found in sources read,"No count. Group-wide, recurring cloud software reached 42% of software revenue in 2024 and exceeded on-premise for the first time","US, CA, UK, EU",https://www.globenewswire.com/news-release/2025/02/26/3032585/0/en/Wolters-Kluwer-2024-Full-Year-Report.html
accounting-practice,DATEV eG,DATEV practice and accounting suite for tax advisers,1966 (founded to give tax advisers electronic data processing),"40,176 cooperative members and 1.01M customers at 30 June 2026; revenue EUR 881.0M H1 2026",DE (also AT and other EU),https://www.datev.de/content/dam/markenassets/unternehmenskommunikation/presse/im-fokus/jahrespressekonferenz/jpk-2026/Pressemappe_JPK2026_gesamt_ohne%20Sperrfrist.pdf
accounting-practice,IRIS Software Group,IRIS Accountancy Suite / Keytime / PTP (desktop) moving to IRIS Elements,Not found in sources read,"Over 24,000 accountancy firms incl. 93 of the top 100 UK firms (Oct 2024 press release)","UK, IE, US",https://www.prnewswire.co.uk/news-releases/iris-launches-new-practice-in-a-box-solution-to-empower-accountancy-practices-302269327.html
accounting-practice,Caseware International,Caseware Working Papers,1988,"Over 500,000 professionals in 130 countries","Global (US, CA, UK, EU, AU, SEA)",https://www.casewareafrica.com/products/caseware-working-papers/
accounting-practice,MYOB,MYOB Accountants Enterprise (AE) / Accountants Office (AO),Not found in sources read,"Not disclosed in source; on-prem SQL Server/Windows Server, VPN use unsupported","AU, NZ",https://practice-support.myob.com/supps/system-requirements-for-myob-accountants-enterpris
accounting-practice,The Access Group,Access HandiSoft,Over 30 years ago (exact year not in source read),Not stated on page read,AU,https://www.theaccessgroup.com/en-au/products/handisoft/
accounting-practice,CompuTax Group,"CompuOffice (CompuTax, CompuTds, CompuGst, CompuBal)","1989 (company founding, Jaipur)","97,000+ users across India (vendor site, read 2026)",IN,https://computaxonline.com/home
accounting-practice,SAG Infotech,"Genius (Gen IT, Gen TDS, Gen BAL)",Filing returns since AY 2001-02; company since 1999,60K client base (vendor site),IN,https://saginfotech.com/Genius.aspx
accounting-practice,MISA JSC,MISA SME accounting,1994-1996 (MISA SME 2.0),"About 400,000 organisational customers company-wide (all products)",VN,https://vi.wikipedia.org/wiki/C%C3%B4ng_ty_MISA
accounting-practice,The Access Group (formerly Sage UBS),Access UBS Accounting,Over 30 years (reseller states),"500,000+ installations, 250,000+ users (reseller page)","MY, SG, BN",https://ubs.pcmart.my/ubs-accounting-software/
student-information,"Ellucian (originally SCT, then SunGard Higher Education)",Banner,Late 1970s to 1980s at SCT. Exact year not confirmed in an opened source. A reviewer on the opened page calls it a web version of late-80s/early-90s software.,"More than 1,400 institutions worldwide (Ellucian partner SIG, 2025-26 page). Lehigh, Seton Hall, GWU and F&M are moving from on-prem Banner to Banner SaaS.","US (dominant at large publics), plus UK, AU (Western Sydney University went live 2021), Middle East, LatAm",https://www.sigcorp.com/technologies/erp/ellucian-banner/
student-information,Ellucian (originally Datatel),Colleague,1979 (first higher-ed client Willamette University; 100th Colleague client by 1989),"Ellucian overall had about 2,700 clients in 50+ countries (ListEdTech, Dec 2020). No Colleague-only count found.",Mainly US (community colleges and smaller privates),https://listedtech.com/blog/ellucian-company/
student-information,Oracle,PeopleSoft Campus Solutions (Student Administration),About 1998. Boise State went live Sep 1998 to Mar 1999 and called it a 'brand new product' at the time.,No customer count found in an opened source. Oracle has extended PeopleSoft support to at least 2037 (ERP Today).,"US, Canada, AU, some UK/EU/Asia",https://campustechnology.com/articles/2007/04/a-look-at-oracles-peoplesoft-enterprise-campus-solutions-90.aspx
student-information,Tribal Group plc (sale to Main Capital Partners-backed Thames Bidco pending in 2026),SITS:Vision,"1991 (Strategic Information Technology Services, Beverley, UK; Tribal acquired it in 2004)",Used by about 70% of UK HE institutions. Tribal says 500+ institutions use its student information solutions (FY2024 annual report). Tribal Cloud hosts SITS for more than 30% of customers. The rest run it on-prem.,"UK, Australia, New Zealand, Malaysia, Netherlands, Canada; NTU Singapore contract terminated and settled in 2024",https://www.tribalgroup.com/hubfs/Tribal%20Group%20plc%20AR24_Low%20Res_V1.pdf
student-information,Tribal Group (acquired Callista Software Services in 2015),Callista SMS,Before 2015. Origin year not found in an opened source.,"10 universities in the Callista Group (Monash, Deakin, UWA, ECU, Murdoch, VU, UNE, CDU, Canberra, Avondale). 5-year, A$55M services agreement in Jan 2021. Western Sydney University left Callista for Banner in 2021.",Australia,https://www.tribalgroup.com/news/a-five-year-contract-with-the-callista-group
student-information,"Education Software Solutions (ESS, ParentPay Group; formerly Capita)",SIMS,1984 (built 1982-83 by a teacher and Bedfordshire County Council; Capita owned it from 1994),"6,897 English state schools (31.7%) in the Oct 2025 census, down from about 83-85% share a decade earlier. 8,140 schools UK-wide in summer 2025.","UK (England, Wales, NI)",https://www.whichmis.com/mis-stats-from-the-october-census/
student-information,PowerSchool (private since Bain Capital take-private),PowerSchool SIS,Not stated in the opened 10-K. The 10-K calls it the first web-based K-12 SIS.,"17,000+ customers, 50M+ students in 95+ countries. SIS connects nearly 20M students. 90+ of the 100 largest US districts (FY2023 10-K).","US, Canada, international schools",https://www.sec.gov/Archives/edgar/data/1835681/000183568124000016/pwsc-20231231.htm
student-information,Jenzabar,"Jenzabar CX (ex-CARS), PX (ex-Poise/Campus America), QX (ex-Quodata), SONIS, now Jenzabar One","Company founded 1998. The underlying acquired products are older, but their first-ship years were not found in an opened source.","No count in the opened source. 10-11% SIS share in the early 2000s and 20% of institutions with 1,000-2,499 students (ListEdTech).",US,https://www.listedtech.com/blog/jenzabar-from-a-class-enrolment-portal-to-a-multi-product-platform/
student-information,TechnologyOne,StudentOne / Student Management (now OneEducation SaaS),1992 (student administration work with TAFE Queensland),No count in the opened source. Used by Australian universities.,"Australia, NZ, UK",https://en.wikipedia.org/wiki/TechnologyOne
field-service-maintenance,"IBM (originally Project Software & Development Inc, later MRO Software)",Maximo,1985 (PC-based; later client-server on AIX/HP-UX/Solaris/Windows); IBM acquired 2006,"No vendor-disclosed count found. Third-party tracker Enlyft estimates 7,092 companies (42% >1,000 employees, 45% US).",Global; US is ~45% of tracked users,https://en.wikipedia.org/wiki/Maximo_(software)
field-service-maintenance,Datastream Systems (acquired by Infor 2006; Infor EAM sold to Hexagon 2021),Datastream 7i / MP2 -> Infor EAM -> HxGN EAM,Datastream founded 1986; 7i was the Java re-architecture of earlier MP-series products,"More than 6,700 customers on support (Datastream SEC 8-K exhibit, Jan 2006)",Global (combined Infor entity cited 140 countries),https://www.sec.gov/Archives/edgar/data/0000938481/000119312506001715/dex991.htm
field-service-maintenance,IFS,IFS maintenance system -> IFS Applications -> IFS Cloud EAM,1985 (maintenance system for UNIX at Swedish nuclear plants); IFS Applications suite 1995,"500,000+ users of IFS Applications by 2005 (all modules, not EAM-only)","Global; Nordics origin, R&D in Sri Lanka",https://en.wikipedia.org/wiki/IFS_AB
field-service-maintenance,SAP,SAP R/3 / ECC 6.0 Plant Maintenance (PM),R/3 PM ~1995 (preceded by RM-INST in R/2) per secondary sources; no primary source opened,,"Global; dominant in large manufacturing, utilities, oil and gas",https://www.erpresearch.com/en-us/blog/sap-ecc-6.0-end-of-support
agriculture-commodity,"Greenstone Systems (Cultura Technologies, Volaris/Constellation Software)",AGRIS,1984 on PC (20 early adopters); AGRIS for Windows 2000-2003; MS SQL support added 2014-2016,No count disclosed; vendor says it scales 'from one to hundreds of locations' and has been used 40+ years,"US, Canada (North America)",https://greenstonesystems.com/agris/
agriculture-commodity,Software Solutions Integrated (SSI),Agvance (Agvance SKY cloud version since 2016),Company founded 1981; Windows suite under the Agvance name mid-1990s (per vendor history),"3,800+ ag retail locations, 25,000+ users, about 50% of CropLife Top 100 ag retailers (vendor site, accessed 2026)","US, Canada",https://agvance.net/about-ssi
agriculture-commodity,AgTrax,AgTrax / TraxView grain accounting,Company formed 1996; customer Scott Cooperative on AgTrax since 1997,No count found,US,https://www.grainjournal.com/article/1065763/software-case-study-room-to-grow
agriculture-commodity,ION (Triple Point Technology),TriplePoint CTRM (formerly Commodity XL),Triple Point founded 1993; acquired by ION for about $900M on 13 Jul 2013,"350+ customers globally (2013, all commodities)",Global,https://www.westportnow.com/westports_triple_point_technology_sold_for_900m/
agriculture-commodity,ION Commodities,"Agtech, TriplePoint, Openlink (Endur), Softmar, WAM for agriculture",Not stated on the page opened (Openlink Endur launch date not verified),"Over 300 agricultural organisations use ION solutions (vendor page, accessed 2026)",Global,https://iongroup.com/industries/commodities/agriculture-and-cpg/
agriculture-commodity,Cultura Technologies (Constellation Software),"Portfolio: Greenstone, AgVision, Primetics, AMIC, CORETech, Solentra, ExtendAg, Agiboo (CTRM), ServiceERP","Several products listed as active 40-45+ years; Cultura formed 2011 by merging AGRIS, BMS, Cal Software, ExtendAg and Kinross",No count disclosed on the portfolio page,"North America, Europe, global",https://culturatech.com/our-collaborative/our-portfolio/
mainframe-cobol-general,IBM,"IBM Z / z16-z17 mainframe platform (z/OS, CICS, IMS, Enterprise COBOL)",CICS released 8 July 1969; mainframe line from System/360 (1964),"IBM (2022): 45 of top 50 banks, 8 of top 10 insurers, 7 of top 10 retailers, 8 of top 10 telcos, two thirds of Fortune 100; nearly 3,800 government and corporate entities in critical infrastructure. IBM (2025 Think article): 44 of top 50 banks.",Global (all 11 study regions),https://newsroom.ibm.com/2022-04-05-Announcing-IBM-z16-Real-time-AI-for-Transaction-Processing-at-Scale-and-Industrys-First-Quantum-Safe-System
mainframe-cobol-general,IBM,CICS Transaction Server,1969 (8 July 1969),IBM CICS director (2019): over 1.2 million CICS requests served per second globally; no customer count,Global,https://blog.share.org/Article/blog/cics-celebrates-its-golden-anniversary-in-2019
mainframe-cobol-general,IBM,IMS (Information Management System),"1968 (first install at North American Rockwell, 14 Aug 1968)","7,000 active IMS sites worldwide by 1988; used by over 95% of Fortune 1000 at 2003 peak (secondary source, Wikipedia)",Global,https://en.wikipedia.org/wiki/IBM_Information_Management_System
mainframe-cobol-general,Rocket Software (ex-Micro Focus / OpenText AMC),"Micro Focus COBOL, Enterprise Server, host connectivity",Micro Focus founded 1976; CIS COBOL won Queen's Award 1981,Not disclosed in sources read. Rocket closed the $2.275B acquisition of OpenText AMC on 1 May 2024.,Global,https://en.wikipedia.org/wiki/Micro_Focus
mainframe-cobol-general,Unisys,"ClearPath Forward (ClearPath MCP, OS 2200)",MCP 1961 (Burroughs B5000),"No client count in FY2025 10-K; serves financial services, travel and transportation, healthcare and public sector; 'ClearPath Forward 2050' roadmap","Global (US, EU, UK, AU strong)",https://www.sec.gov/Archives/edgar/data/746838/000074683826000006/uis-20251231.htm
mainframe-cobol-general,Broadcom (CA Technologies),CA mainframe solutions for IBM z Systems,CA founded 1976 (not confirmed in source read),CA FY2018 10-K: 'most of the Fortune 500' and many government agencies rely on CA software; no count,Global,https://www.sec.gov/Archives/edgar/data/0000356028/000035602818000064/ca-20180331x10k.htm
mainframe-cobol-general,Fujitsu,Fujitsu mainframes (GS21 / BS2000 lines),Pre-1990 (exact date not in source read),Not disclosed; Fujitsu will discontinue mainframe sales in fiscal 2030 and support in fiscal 2035,"Japan, UK, EU, parts of APAC",https://info.archives.global.fujitsu/global/about/resources/news/notices/2022/0214-02.html
e-invoicing-tax-compliance,"Vertex, Inc.",Vertex O Series / L Series (mainframe) / Q Series; Vertex e-invoicing (ecosio),Company founded 1978. L Series ran on mainframes. The opened 10-K gives no product ship dates.,"4,867 direct customers, ARR per customer $137,867 (31 Dec 2025, FY2025 10-K). E-invoicing live in 38 countries.","Global; majority of Fortune 500; US, EU, UK, LatAm via Brinta partnership",https://www.sec.gov/Archives/edgar/data/1806837/000110465926019165/verx-20251231x10k.htm
e-invoicing-tax-compliance,Sovos Compliance,"Sovos indirect tax, global e-invoicing / CTC compliance (ex-Taxware)",Third-party profiles say Taxware was founded in 1979 and renamed Sovos in 2014. The opened vendor page does not confirm this.,"100K+ companies; 90B+ transactions processed last fiscal year (vendor site, 2026)",~200 countries; North America base,https://sovos.com/
e-invoicing-tax-compliance,Thomson Reuters (Pagero),ONESOURCE Indirect Tax (ex-Sabrix) + Pagero Smart Business Network e-invoicing,"Pagero founding date not stated in opened source; TR completed Sabrix acquisition Dec 2009 (search result, release page timed out)","Pagero: 90,000 customers connected to 14 million companies (Jan 2024)","Global, Europe-heavy; 80+ countries with e-invoicing/CTC rules cited by TR",https://www.thomsonreuters.com/en/press-releases/2024/january/thomson-reuters-corporation-acquires-majority-interest-in-pagero-a-world-leader-in-e-invoicing
e-invoicing-tax-compliance,SAP,"SAP Document and Reporting Compliance (DRC, formerly eDocument framework) on SAP ECC, S/4HANA, S/4HANA Cloud",Not stated in the opened source,,"EMEA, APAC (India GST, Singapore Peppol, Indonesia e-Faktur), Americas",https://pages.community.sap.com/topics/document-reporting-compliance
e-invoicing-tax-compliance,Avalara,Avalara E-Invoicing and Live Reporting; AvaTax,"The vendor says it was founded ""over two decades ago"" and gives no exact year.","43,000+ businesses and government entities across 75+ countries (Nov 2025)","Global; Peppol provider in EU, AU, NZ, JP",https://newsroom.avalara.com/2025-11-11-Avalara-Announces-500-Million-Investment-Led-by-BlackRock
e-invoicing-tax-compliance,EDICOM,EDICOM EDI / e-invoicing and e-VAT platform,1995,"18,000+ clients; 1.5B+ transactions (vendor site, 2026)","85+ countries; Spain, France, Italy, LatAm, US",https://edicomgroup.com/about-us
e-invoicing-tax-compliance,MISA JSC,MISA meInvoice (Vietnam e-invoice under Decree 123 / 70),MISA founded 1994; meInvoice ship date not stated,"400,000+ businesses and business households across MISA products; 44,500+ public units (vendor site 2026, not meInvoice-specific)",Vietnam,https://www.misa.vn/
e-invoicing-tax-compliance,"Directorate General of Taxes (DJP), Indonesia",e-Faktur Client Desktop (government desktop client),Not stated in opened source. It was reopened to all PKP from 12 Feb 2025 after Coretax problems.,"Open to all 735,838 PKP (2025) as one of three channels with Coretax and PJAP host-to-host",Indonesia,https://pajak.go.id/en/node/113880
e-invoicing-tax-compliance,LHDN (Inland Revenue Board of Malaysia),MyInvois Portal (free portal with Excel batch upload) and MyInvois API,1 Aug 2024 (phase 1 go-live),"111,600+ taxpayers participating; 820.5M e-invoices issued (22 Dec 2025)",Malaysia,https://www.thestar.com.my/news/nation/2025/12/22/over-800-million-e-invoices-issued-so-far-says-lhdn
e-invoicing-tax-compliance,GSTN / NIC (India),Invoice Registration Portals (six IRPs) and their offline tools,Not stated in the opened source. The mandate threshold has been Rs 5 crore since 1 Aug 2023.,About 9.1 to 9.4 lakh GSTINs generate e-invoices each month (Jul 2024 to Jan 2025). E-invoices cover about 62-73% of GSTR-1 invoice count.,India,https://tutorial.gst.gov.in/offlineutilities/gst_statistics/8YearsReport.pdf
pension-provident-fund-admin,FIS (ex-SunGard Employee Benefit Systems),Omni (OmniPlus) and Relius DC recordkeeping,COBOL core built more than 30 years ago (pre-1996 per WealthManagement.com); exact year not disclosed,"650 clients supporting 68 million participants (2026, per WealthManagement.com reporting on FIS)",US,https://www.wealthmanagement.com/rpa-news/fis-new-cloud-based-record-keeping-system-could-unlock-the-potential-of-401-k-plans
pension-provident-fund-admin,Heywood Pension Technologies (formerly Aquila Heywood; BlackRock owned since 2021),Altair,Altair launch year not stated by vendor; company founded 1975 and the vendor cites a 50+ year track record. Altair evolved from the Watson Wyatt PMS6000 platform,"Over 75% of Local Government Pension Schemes, more than 8 million members processed (vendor site, 2026). A 2017 East Sussex review counted 57 LGPS customers (65% of LG scheme members) and 27 police scheme customers",UK,https://heywood.com/products/pension-administration/altair
pension-provident-fund-admin,Capita Employee Benefits,Hartlink (software plus third-party administration),Not disclosed in sources read,"Hartlink licensed directly to 35 in-house schemes (1.75m members), TPA for about 550 customers (4m members), per a 2017 council market review",UK,https://democracy.eastsussex.gov.uk/documents/s16606/Item%2014%20Appendix%202%20-%20Pensions%20Software%20Market%20Review.pdf
pension-provident-fund-admin,Equiniti,Compendia,Not disclosed in sources read,"Pension services to more than 750 schemes; 1 LGPS customer (21,500 members), plus Civil Service, NHS and Armed Forces admin (2017 council market review)",UK,https://democracy.eastsussex.gov.uk/documents/s16606/Item%2014%20Appendix%202%20-%20Pensions%20Software%20Market%20Review.pdf
pension-provident-fund-admin,Civica,UPM,"Civica had offered pensions software for 18 years as of 2017, which puts it at about 1999","14 LGPS customers (18%), 1.6m LG scheme members (32%) in 2017; 6 of the 10 largest LGPS funds",UK,https://democracy.eastsussex.gov.uk/documents/s16606/Item%2014%20Appendix%202%20-%20Pensions%20Software%20Market%20Review.pdf
pension-provident-fund-admin,Bravura Solutions (ASX: BVS),Sonata / Sonata Alta,"2010 (official launch, per bobsguide company timeline). Bravura itself was formed in 2004 by consolidating older systems",No client count disclosed. Factsheet says on-prem or cloud deployment. Aware Super moved 1.1m+ members onto Sonata Alta,"AU, NZ, UK, EMEA",https://www.bravurasolutions.com/wp-content/uploads/2025/07/Sonata-factsheet-July2025.pdf
pension-provident-fund-admin,GBST,Composer,Not disclosed in sources read,Over 5.5 million investor accounts under administration (vendor statements surfaced via search); vendor claims some of the largest legacy migrations in Australia,"AU, UK",https://gbst.com/news/member-security-suffers-with-legacy-superannuation-systems/
pension-provident-fund-admin,Sagitec Solutions,Neospin (replacement PAS for US public plans),"Not disclosed; .NET-based, sold since at least 2010 (Massachusetts SRB contract)","No total disclosed. Wins include Washington DRS (910,000+ members, 2023), Massachusetts SRB (2010), Virginia RS and Illinois TRS","US, Canada, AU",https://www.sagitec.com/pension-software-company/press-releases/washington-state-department-of-retirement-systems-awards-pension-modernization-project-to-sagitec-solutions
pension-provident-fund-admin,Vitech Systems Group,V3locity (cloud-native PAS on AWS),Not disclosed (company founded 1986 per search results; not confirmed in the opened source),"Over 1,400 professionals; no client count in the opened release. Clients include IUPAT Industry Pension Fund (140,000 members)","US, Canada",https://www.prnewswire.com/news-releases/vitech-systems-group-and-international-union-of-painters-and-allied-trades-industry-pension-fund-elevate-partnership-with-v3locity-a-pioneering-advance-in-cloud-native-pension-administration-302020217.html
pension-provident-fund-admin,EPFO in-house / Government of India,CITES 2.01 (replaced 120+ regional databases),"CITES 2.01 approved 2021, built from Jan 2023, national go-live July 2026. The legacy regional-database system it replaces is undated in the sources read",Single user: about 340 million member accounts,IN,https://currentaffairs.adda247.com/epfo-launches-cites-2-01-platform-fy26-pf-interest-to-be-credited-by-july-15/
cooperative-rural-microfinance-banking,Jack Henry & Associates (Symitar),Episys,"Not confirmed in sources opened. A secondary profile dates Symitar to 1984 (not opened, unverified).","Implemented by over 700 credit unions with assets of $3M to $25B (FY2021 10-K, fiscal year ended June 30, 2021)",US,https://www.sec.gov/Archives/edgar/data/779152/000077915221000073/jkhy-20210630.htm
cooperative-rural-microfinance-banking,Jack Henry & Associates,SilverLake / CIF 20/20 / Core Director (community bank cores),Not stated in the source opened,SilverLake: over 400 banks; CIF 20/20: about 360 banks; Core Director: nearly 200 banks (FY2021 10-K),US,https://www.sec.gov/Archives/edgar/data/779152/000077915221000073/jkhy-20210630.htm
cooperative-rural-microfinance-banking,Fiserv,"Credit union account processing: Advantage, Charlotte, CubicsPlus, CUnify, CUSA, DataSafe, DNA, Galaxy, OnCU, Portico, Reliance, Spectrum, XP2",Not stated in the source opened,No credit-union-only count. The FY2013 10-K says more than one in three US financial institutions uses a Fiserv account processing system.,US,https://www.sec.gov/Archives/edgar/data/0000798354/000119312514060861/d639873d10k.htm
cooperative-rural-microfinance-banking,Fiserv,Premier and Signature (IBM i / AS/400 cores),Premier came to Fiserv with its 1995 acquisition of Information Technology Inc.; the product predates 1995,"About 2,000 Premier customers. About 6,000 customers across all Fiserv core platforms (IT Jungle, 2009).",US,https://www.itjungle.com/2009/12/08/fhs120809-story01/
cooperative-rural-microfinance-banking,Atruvia AG (formerly Fiducia & GAD IT),agree21,Not stated in the source opened. Series migration onto a single agree21 platform ran from 2017 to 2019.,"341 Volksbanken, Raiffeisenbanken, market customers and service companies migrated; about 60,000 workstations and 21.5M customer accounts moved (Feb 2020). All German Volksbanken and Raiffeisenbanken now run on agree21.",EU (Germany),https://atruvia.de/pressemitteilungen/17-02-2020-nach-drei-jahren-serienmigration-nutzen-jetzt-alle-volks-und-raiffeisenbanken-ein-gemeinsames-it-verfahren
cooperative-rural-microfinance-banking,PT USSI Pinbuk Prima Software,"IBS Core Banking System (BPR/BPRS, koperasi simpan pinjam, LKM, LPD)","Company began in 1994 as DTC Computer in Bandung. It first built accounting and savings-and-loan software for co-ops, then a BPR core. Exact CBS ship year not stated.","More than 300 BPR (conventional and sharia) plus hundreds of non-bank institutions (vendor profile, undated)",ID,https://ussi-software.com/profile-2/
cooperative-rural-microfinance-banking,PT Sinergi Prakarsa Utama,ARB+ (web-based BPR core),Vendor claims more than 15 years of experience; no ship year given,"No count. Vendor claims to be one of the three conventional-BPR core vendors with the most users, and claims OJK recognition.",ID,https://sinergic.co.id/
cooperative-rural-microfinance-banking,InfrasoftTech (Kiya.ai),OMNIEnterprise CBS,"Hosted version launched in 2011-12; on-prem product earlier, date not confirmed","Search snippets claim more than 30 co-operative banks on the cloud CBS and more than 130 CBS installations. The pages behind them were not opened, so treat as unverified.",IN,https://www.kiya.ai/wp-content/uploads/2019/01/Brochure-Corporate1.pdf
cooperative-rural-microfinance-banking,NABARD / Ministry of Cooperation (implementing agency),Common national ERP for PACS (Computerisation of PACS project),Project approved June 2022 for 2022-23 to 2026-27,"50,455 PACS onboarded as of 27 Jan 2025; proposals for 67,930 PACS sanctioned; Rs 2,516 crore outlay, Rs 741.34 crore central share released",IN,https://www.indiancooperative.com/co-op-news-snippets/computerization-51k-pacs-onboarded-68k-secure-sanction-letters/
cooperative-rural-microfinance-banking,Multiple local vendors (RBAP directory),"Rural-bank CBS: Byte per Byte, CoreServ, 3i Infotech, Kris Finsoft, MB Philippines, Rural Net, TIM, Sagesoft, SSCGI, CyberSysDOTNet, Entheos IT, Nextbank, Oradian",Not stated,Not disclosed in directory,PH,https://rbap.org/directory/core-banking-system-providers/
aml-kyc-financial-crime,NICE (NICE Actimize),"Actimize SAM, ActOne, CDD/WL-X; X-Sight and Xceed cloud platforms",Actimize Ltd. incorporated Dec 1999 and selling AML software from Jan 2000 (secondary sources). NICE's FY2024 20-F says NICE bought Actimize in 2007,No Actimize-only customer count in the filings I opened. The FY2024 20-F reports Financial Crime and Compliance segment revenue of $453.5M in 2024 and says demand for on-premises products rose in 2024. A 2018 SEC exhibit names Bank of Ayudhya (Thailand) as a SAM9/ActOne customer. Secondary sources (not primary) cite 400+ clients in 70 countries and 10 of the top 10 US banks,"Global: US, EU, UK, APAC (incl. Thailand via Krungsri)",https://www.sec.gov/Archives/edgar/data/1003935/000100393525000004/nice-20241231.htm
aml-kyc-financial-crime,Oracle Financial Services (ex-Mantas Inc.),Oracle FCCM / Behavior Detection (Mantas Behavior Detection Platform),Built from SRA work for NASD in the mid-1990s. Mantas spun out of SRA Ventures in June 2001. i-flex (Oracle) bought it for $122.6M in Aug 2006,"At the June 2001 launch: NASD, Merrill Lynch and Wells Fargo. No current customer count disclosed in the sources I opened","Global, strongest with US/EU tier-1 banks and broker-dealers. Oracle FLEXCUBE banks in India/APAC",https://www.washingtontechnology.com/2001/06/sra-ventures-launches-first-commercial-it-company/350405/
aml-kyc-financial-crime,SAS Institute,SAS Anti-Money Laundering,Development started after Sept 2001. Secondary sources give the first non-North-American go-live (a Saudi bank) as 2004,"Over 300 licensees in 69 countries (SAS blog, Dec 2025)","Global: US, EU, Middle East, APAC",https://blogs.sas.com/content/sascom/2025/12/01/reflecting-on-the-birth-of-sas-anti-money-laundering/
aml-kyc-financial-crime,SymphonyAI (ex-Norkom / BAE Systems Detica),"NetReveal AML, KYC and case management","About 20 years of heritage as of 2022 (so early 2000s), via Norkom. BAE bought Norkom in 2011. SymphonyAI bought NetReveal in 2022",200 of the world's leading financial institutions (July 2022),"UK, EU, US, APAC",https://www.symphonyai.com/news/ai/symphonyai-acquires-netreveal-from-bae-systems/
aml-kyc-financial-crime,FICO (ex-TONBELLER AG),"Siron AML, Siron KYC, Siron Embargo","Before 2015, by TONBELLER of Bensheim, Germany. FICO bought it on 12 Jan 2015. I found no primary source for the first ship year","More than a thousand banks and commercial organizations (FICO 10-Q, 2015). Available in more than 90 countries","EU (DACH core), plus global through partners",https://www.sec.gov/Archives/edgar/data/0000814547/000081454715000010/fico10-qq22015.htm
aml-kyc-financial-crime,"LexisNexis Risk Solutions (ex-FircoSoft, RELX)","Firco Continuity (payment screening), Firco Trust (customer screening)",FircoSoft founded in Paris in 1990. First sanctions filter ('OFAC Agent') deployed in 1994,"Used by 9 of the world's top 10 banks (LexisNexis Bankers Almanac, Sept 2024). Secondary sources cite 770+ customers in the FircoSoft era",Global. Offered on-premise or cloud,https://risk.lexisnexis.com/products/firco-continuity
aml-kyc-financial-crime,Nasdaq (Verafin),"Verafin FRAMLxchange (cloud AML, fraud and case management for community banks and credit unions)","Not stated in the source I opened. It is cloud-delivered, so this is a modern benchmark rather than a pre-2005 core","Over 2,000 banks and credit unions (Nasdaq, Feb 2021, $2.75B acquisition)","US, Canada",https://www.sec.gov/Archives/edgar/data/1120193/000119312521038410/d129206dex991.htm
capital-markets-trading-clearing,Broadridge Financial Solutions (ex-ADP Brokerage Services),"Brokerage Processing Services (BPS) back-office platform, part of the Global Technology & Operations segment",1962. ADP Securities Brokerage Services Group started that year with one client processing about 300 trades per night,No total broker-dealer count is disclosed. Broadridge says it held about 80% market share in brokerage processing in the 1980s. Its FY2023 10-K says it serves 20 of the 25 primary dealers for fixed income processing and processes over $10 trillion per day in equity and fixed income trades. Its FY2026 10-K says it serves the 15 largest US wealth providers,"US, Canada, UK/EU, APAC",https://www.broadridge.com/about/history
capital-markets-trading-clearing,63 moons technologies (formerly Financial Technologies India),ODIN broker trading/front-office software,1998,"The vendor claims 'over 80% market share' in Indian retail broking software, without a date. Moneylife (June 2020) puts it at about 70%. No broker count was confirmed from a page I opened",IN (plus Middle East/Africa exchange-linked deployments),https://www.63moons.com/discover-63-moons/evolution.html
capital-markets-trading-clearing,63 moons technologies,"Exchange trading, clearing and settlement platform (DOME framework) that ran MCX",DOME 2002. It ran MCX's trading and clearing from the exchange's start in 2003 until October 2023,"Exchanges it built or ran: MCX, DGCX, NSEL, MCX-SX, IEX. No current count disclosed","IN, UAE",https://www.moneylife.in/article/sebi-slaps-rs25-lakh-penalty-on-mcx-for-delay-in-disclosures-linked-to-63-moons-contract/77238.html
capital-markets-trading-clearing,ASX Limited (in-house),CHESS (Clearing House Electronic Subregister System),1994. The RBA called it a 29-year-old system in 2023,Single market utility. My parse of ASX's own lists (Sept 2026) found about 59 ASX Trading Participant entities and about 68 entities on the ASX Clear list,AU,https://rba.gov.au/payments-and-infrastructure/financial-market-infrastructure/clearing-and-settlement-facilities/assessments/2022-2023/special-topic-the-current-chess.html
capital-markets-trading-clearing,"PT Micro Piranti Computer (MPC), majority-owned by IDX Solusi Teknologi Informasi since Dec 2020","S21 / S21+ BOFIS (Brokerage Office System): back office, front office, remote trading",Not found in a source I could open,"The vendor claims more than half of IDX exchange members use MPC products. I saw this only in search snippets because mpc.id returned HTTP 500, so it is unverified",ID,https://marketnews.id/market-update/2020/12/pt-idx-solusi-teknologi-informasi-akuisisi-pt-micro-piranti-computer/
capital-markets-trading-clearing,Financial Software Solutions JSC (FSS),FLEX core securities system; FDS derivatives system,FSS was founded in March 2008. FLEX's first ship date was not found,"FLEX: nearly 40 Vietnamese securities companies (VNDirect, VCBS, BSC, TCBS, VPBankS, BVSC). FDS: 10+ firms",VN,https://fss.com.vn/en/capital-market/
capital-markets-trading-clearing,National Stock Exchange of India (in-house),NOW (NEAT on Web) broker trading front end,About 2008. It was shut in 2020 after 12 years,"About 800 NSE trading members, at least a third of whom relied only on NOW (Moneylife, June 2020)",IN,https://www.moneylife.in/article/nse-pulls-plug-from-its-now-trading-software-63-moons-offers-its-odin-at-50-percentage-discount/60586.html
port-terminal-operating-system,Kaleris (Navis),"SPARCS / SPARCS Express, then SPARCS N4 / N4","Navis founded 1988 (Tracxn). Academic history dates the first Navis TOS to 1989. The first N4 site went live in March 2006 at Lyttelton, migrating from SPARCS.",2012: 50 N4 sites live. 2022: GPA says N4 is at 389 terminals globally (59 in North America). 2024: Kaleris says the Navis TOS is used in more than 500 ports worldwide.,"Global. Confirmed in-region users include Georgia Ports Authority (US), PTP and Northport (MY), TIPS Laem Chabang (TH), SPCT (VN), JNPCT (IN), DP World Australia and VICT (AU), PD Ports (UK).",https://kaleris.com/news/northport-partners-with-kaleris-to-enhance-terminal-operating-system/
port-terminal-operating-system,Kaleris (Navis),SPARCS N4: first-site and site-count history,"2006 (Lyttelton Port of Christchurch, March 2006)","50 N4 sites live in April 2012, more than 65 expected by end-2012",Global,https://www.globenewswire.com/en/news-release/2012/04/05/1771866/0/en/50th-site-now-live-with-Navis-SPARCS-N4-investments-continue-in-port-automation-technologies.html
port-terminal-operating-system,PSA International,"CITOS (Computer Integrated Terminal Operations System), in-house",1988,In-house only (PSA Singapore). No external customer count found.,"SG (PSA terminals). Being superseded at Tuas, where PSA describes 'intelligent data-driven operations management systems' but does not name the new TOS on the page read.",https://arxiv.org/pdf/1904.13251
port-terminal-operating-system,Hutchison Ports,"nGen (Next Generation Terminal Management System), in-house. The AI-enhanced nGen-VERONICA went live at Sohar in 2025.",30 Oct 2003 (Yantian International Container Terminals),"No count found. Used across the Hutchison network, including Felixstowe (UK, 2018) and Thailand.","Global Hutchison network: UK, EU, TH, ID, AU and others",https://www.yict.com.cn/about-event/milestones.html?locale=en_US
port-terminal-operating-system,Tideworks Technology (SSA Marine),"Mainsail, Mainsail Vanguard (2010), Mainsail 10 (2020)",Company launched January 1999. Mainsail Vanguard announced 2010.,130+ global terminal deployments and 30M+ TEU a year (current site). 100 rail and marine terminals in 22 countries by 2014.,"US, Latin America, EU (offices in Seattle, Jacksonville, Panama, Netherlands)",https://tideworks.com/about-us/
port-terminal-operating-system,Total Soft Bank (TSB),CATOS (Computer Automated Terminal Operating System),"Not confirmed. TSB was founded in Busan in 1998 per ITEA, while a search snippet says 1988. Neither the CATOS launch date nor the tsb.co.kr pages could be read (403).",Over 110 port terminal operators worldwide (ITEA partner profile),"Global, with offices in Greece, Vietnam, Hong Kong, Japan, Taiwan",https://itea4.org/organisation/total-soft-bank-ltd-1.html
port-terminal-operating-system,Realtime Business Solutions (RBS),TOPX / TOPS (TOPS Expert Cloud from 2017),"1996 (TOPX, first contract at Evergreen's Taiwan terminal). Company founded 1991 in Sydney.",Over 35 terminals worldwide,"AU, ID (via PT Primus Indonesia), VN (RBSVN; Saigon Newport Cat Lai has used TOPX since 2008), EU, South America",https://rbs-tops.com/how-it-all-started/
civil-registration-identity,"Genesis Systems, Inc.","Vital Records COTS suite (Birth, Death, Fetal Death, ITOP, Marriage, Divorce, Fee & Issuance; Genesis Interoperability Module)",Company in vital-records software since 1987. It says it built the original Electronic Birth Certificate (EBC) software,"252 clients (vendor site, 2025)",US,https://www.genesisinfo.com/index1.html
civil-registration-identity,Netsmart Technologies,Vital Records System (VRS). Wisconsin's SVRIS is licensed from Netsmart and described by the state as 'antiquated',Not stated on vendor page,No VRS customer count on the vendor page,US (state and county),https://www.ntst.com/offerings/vital-records
civil-registration-identity,LexisNexis Risk Solutions (VitalChek),"DAVE (Database Application for Vital Events), renamed VitalIQ in May 2024",2005,"16 US states (press release, 20 May 2024)",US,https://risk.lexisnexis.com/about-us/press-room/press-release/20240520-vitaliq
civil-registration-identity,Unisys,"Philippine Civil Registry System (CRS-ITP 1999-2015; CRS-ITP2 2016-2028), PPP design-build-operate using Unisys InfoImage","1999 (CRS-ITP, NSO with Unisys Australia Ltd, contract from 23 Dec 1999)","Single customer (PSA). CRS-ITP2 worth PHP 1.59B, about US$32.9M",PH,https://www.unisys.com/news-release/ph-philippine-government-selects-unisys-to-design-and-operate/
civil-registration-identity,HSH Soft- und Hardware Vertriebs GmbH,MESO / VOIS|MESO (resident registration),MESO release date not stated. HSH founded 1991,About three quarters of all German registration authorities (Meldebehörden) use MESO or VOIS|MESO (vendor),EU (Germany),https://www.vois.org/fachverfahren/vois-meso/
civil-registration-identity,AKDB (Anstalt für Kommunale Datenverarbeitung in Bayern),OK.EWO (resident registration),Not stated,"Over 2,000 installations in 12 German federal states (directory listing)",EU (Germany),https://www.kommunal-edv.de/anbieter/meldewesen/akdb-ok-ewo/
civil-registration-identity,IRIS Corporation Berhad / Datasonic Group,MyKad national ID card platform for JPN Malaysia (IRIS built the original MyKad; Datasonic supplied cards 2016-2019),2001 (MyKad implementation contract to IRIS),"Single customer (JPN). Datasonic card contract RM260.4M, Jul 2016-Dec 2019",MY,https://theedgemalaysia.com/article/newsbreak-iris-datasonic-could-be-vying-mykad-contract
civil-registration-identity,Thales (ex-Gemalto),"Civil Identity Suite (civil registry, national ID, eID)",Not stated,More than 300 national identity programmes and over 500 million people enrolled. Behind one in three civil IDs issued each year (2025),"Global (EU, APAC, others)",https://www.biometricupdate.com/202504/thales-driving-digital-inclusion-behind-one-in-every-three-smart-civil-ids
civil-registration-identity,IDEMIA (ex-OT-Morpho),Identification and civil registry platform (e.g. Colombia Registraduría Nacional del Estado Civil),About 1997 (vendor said in 2017 it created the Colombia platform 20 years earlier),No total programme count found in opened sources,Global (cited example Colombia),https://www.biometricupdate.com/201710/idemia-to-revamp-colombias-identification-and-civil-registry-platform
regulatory-prudential-reporting,"Regnology (ex-BearingPoint RegTech, ex-KPMG Abacus)",Abacus / Regnology Reporting Hub,Abacus project started 1993 inside KPMG; first licences sold 1994,"Page opened says clients in more than 100 countries and 1,800+ regulated entities via the Invoke acquisition; no single total customer count on the page opened","EU, UK, Americas, APAC (APAC HQ Singapore), Africa/Middle East",https://www.regnology.net/en/about-us/about-us/
regulatory-prudential-reporting,"Wolters Kluwer FRR (acquired by Regnology, closed 1 Dec 2025, EV about EUR 450m)","OneSumX for Finance, Risk and Regulatory Reporting",Not stated in sources opened,"Not disclosed on page opened (describes global Tier 1 banks, local institutions and authorities)","Global (Europe, Americas, APAC)",https://www.regnology.net/en/resources/news/regnology-completes-acquisition-of-wolters-kluwers-finance-risk-regulatory-reporting/
regulatory-prudential-reporting,Lombard Risk / VERMEG AGILE division (acquired by Regnology Nov 2024),AGILE / AgileREPORTER,"Lombard Risk founded 1989 (per search result, not confirmed on page opened); product ship date not stated",Over 150 global and international banks (2024),"UK, Europe, APAC (Hong Kong, Singapore, Australia), North America",https://www.regnology.net/en/resources/news/regnology-acquires-vermegs-regulatory-reporting-business/
regulatory-prudential-reporting,"Nasdaq (AxiomSL, via Adenza acquisition Nov 2023)",AxiomSL ControllerView,AxiomSL founded 1991 in New York,Not on pages opened (Nasdaq 8-K exhibit gives no AxiomSL client count),"North America, EMEA, APAC, LATAM; listed by the Fed as a vendor for FFIEC/FR reports",https://www.alleywatch.com/2017/09/nyc-startup-axiomsl-capitalizes-risk-management/
regulatory-prudential-reporting,"Moody's Analytics (Regulatory Reporting & ALM business sold to Regnology, closed 5 May 2026)","Moody's RegReporting (Basel III, IFRS 9, Solvency II, prudential and statistical reporting)",Not stated in source opened,Not disclosed,Global,https://www.regnology.net/en/resources/news/regnology-acquires-moodys-regulatory-and-alm-solutions/
regulatory-prudential-reporting,Jack Henry & Associates,"Regulatory Filing Group (formerly Sheshunoff Information Services) call report software (FFIEC 031/041, FR Y-9C etc.)",Not stated in source opened,Not disclosed,US,https://www.frbservices.org/binaries/content/assets/crsocms/central-bank/reporting-central/vendor-contact-list.pdf
regulatory-prudential-reporting,FIS,"FIS Compliance Solutions (formerly The Intercept Group), callreporter",Not stated in source opened,Not disclosed,US,https://www.frbservices.org/binaries/content/assets/crsocms/central-bank/reporting-central/vendor-contact-list.pdf
regulatory-prudential-reporting,DBI Financial Systems,Call report / FR Y-9 preparation software,Not stated in source opened,Not disclosed,US,https://www.frbservices.org/binaries/content/assets/crsocms/central-bank/reporting-central/vendor-contact-list.pdf
regulatory-prudential-reporting,Australian Prudential Regulation Authority (regulator platform),Direct to APRA (D2A),Development completed by 2002 (CFR Annual Report 2002); super funds moved to new forms from 2004,"About 1,800 reporting entities engaged in APRA's 2018 replacement consultation",AU,https://www.cfr.gov.au/news/annual-reports/2002/pdf/2002.pdf
regulatory-prudential-reporting,Workiva,"Workiva platform (financial services: Basel, Fed, EBA/ECB, US insurance statutory reporting)",First solution released March 2010 (operations from 2008),"More than 6,600 organizations in total (FY2025 10-K); no banking/insurance split",Global,https://www.sec.gov/Archives/edgar/data/1445305/000144530526000016/wk-20251231.htm
regulatory-prudential-reporting,Fintellix (ICRA-Fintellix),"Fintellix regulatory reporting platform (RBI, MAS, APRA, SAMA, CBUAE formats)",Site references a 17-year journey (about 2007); exact year not stated,Not disclosed on homepage (says clients include some of the 500 largest global banks),"IN, PH, TH, SG, HK, KR, AU, UK, US, Gulf",https://fintellix.com/
regulatory-prudential-reporting,PT Nawa Data Solutions (Nawadata),Regulatory reporting software for OJK APOLO,Not stated,No count; says a growing number of national commercial banks and regional development banks use it,ID,https://nawadata.com/blog/sistem-apolo-merevolusi-pelaporan-regulasi-di-sektor-perbankan-indonesia/
