workflow_id,soc_code,title,time_share,onet_tasks
agriculture-commodity:wf_receiving_grading,43-5111,"Weighers, Measurers, Checkers, and Samplers, Recordkeeping",0.6,"Weigh or measure materials, equipment, or products to maintain relevant records, using volume meters, scales, rules, or calipers. | Document quantity, quality, type, weight, test result data, and value of materials or products to maintain shipping, receiving, and production records and files. | Collect product samples and prepare them for laboratory analysis or testing. | Operate scalehouse computers to obtain weight information about incoming shipments such as those from waste haulers."
agriculture-commodity:wf_receiving_grading,45-2041,"Graders and Sorters, Agricultural Products",0.5,"Grade and sort products according to factors such as color, species, length, width, appearance, feel, smell, and quality to ensure correct processing and usage. | Record grade or identification numbers on tags or on shipping, receiving, or sales sheets. | Weigh products or estimate their weight, visually or by feel."
agriculture-commodity:wf_receiving_grading,45-2011,Agricultural Inspectors,0.15,"Inspect agricultural commodities or related operations, as well as fish or logging operations, for compliance with laws and regulations governing health, quality, and safety. | Monitor the grading performed by company employees to verify conformance to standards. | Label and seal graded products and issue official grading certificates."
agriculture-commodity:wf_origination_contracts,13-1021,"Buyers and Purchasing Agents, Farm Products",0.55,"Purchase, for further processing or for resale, farm products, such as milk, grains, or Christmas trees. | Negotiate contracts with farmers for the production or purchase of farm products. | Maintain records of business transactions and product inventories, reporting data to companies or government agencies as necessary. | Examine or test crops or products to estimate their value, determine their grade, or locate any evidence of disease or insect damage."
agriculture-commodity:wf_origination_contracts,41-3031,"Securities, Commodities, and Financial Services Sales Agents",0.2,Negotiate prices or contracts for securities or commodities sales or purchases. | Price securities or commodities based on market conditions. | Complete sales order tickets and submit for processing of client-requested transactions. | Keep accurate records of transactions.
agriculture-commodity:wf_settlement_accounting,43-3031,"Bookkeeping, Accounting, and Auditing Clerks",0.5,"Operate computers programmed with accounting software to record, store, and analyze information. | Perform financial calculations, such as amounts due, interest charges, balances, discounts, equity, and principal. | Calculate and prepare checks for utilities, taxes, and other payments. | Reconcile or note and report discrepancies found in records. | Maintain inventory records."
agriculture-commodity:wf_settlement_accounting,43-3021,Billing and Posting Clerks,0.4,"Prepare itemized statements, bills, or invoices and record amounts due for items purchased or services rendered. | Compute credit terms, discounts, shipment charges, or rates for goods or services to complete billing documents. | Resolve discrepancies in accounting records. | Review documents, such as purchase orders, sales tickets, charge slips, or hospital records, to compute fees or charges due."
agriculture-commodity:wf_hedging_risk,41-3031,"Securities, Commodities, and Financial Services Sales Agents",0.4,"Monitor markets or positions. | Devise trading, option, or hedge strategies. | Buy or sell stocks, bonds, commodity futures, foreign currencies, or other securities on behalf of investment dealers. | Report all positions or trading results."
agriculture-commodity:wf_hedging_risk,13-2054,Financial Risk Specialists,0.4,"Confer with traders to identify and communicate risks associated with specific trading strategies or positions. | Devise scenario analyses reflecting possible severe market events. | Gather risk-related data from internal or external resources. | Document, and ensure communication of, key risks."
agriculture-commodity:wf_logistics_docs,43-5011,Cargo and Freight Agents,0.5,"Determine method of shipment and prepare bills of lading, invoices, and other shipping documents. | Negotiate and arrange transport of goods with shipping or freight companies. | Track delivery progress of shipments. | Check import or export documentation to determine cargo contents and use tariff coding system to classify goods according to fee or tariff group."
agriculture-commodity:wf_logistics_docs,43-5071,"Shipping, Receiving, and Inventory Clerks",0.4,"Prepare documents, such as work orders, bills of lading, or shipping orders, to route materials. | Record shipment data, such as weight, charges, space availability, damages, or discrepancies, for reporting, accounting, or recordkeeping purposes. | Compute amounts, such as space available, shipping, storage, or demurrage charges, using computer or price list."
agriculture-commodity:wf_logistics_docs,13-1081,Logisticians,0.3,"Direct availability and allocation of materials, supplies, and finished products. | Redesign the movement of goods to maximize value and minimize costs. | Collaborate with other departments as necessary to meet customer requirements, to take advantage of sales opportunities or, in the case of shortages, to minimize negative impacts on a business."
agriculture-commodity:wf_market_intel,41-3031,"Securities, Commodities, and Financial Services Sales Agents",0.2,"Track and analyze factors that affect price movement, such as trade policies, weather conditions, political developments, or supply and demand changes. | Inform other traders, managers, or customers of market conditions, including volume, price, competition, or dynamics."
agriculture-commodity:wf_market_intel,13-2054,Financial Risk Specialists,0.2,"Interpret data on price, yield, stability, future investment-risk trends, economic influences, and other factors affecting investment programs. | Inform financial decisions by analyzing financial information to forecast business, industry, or economic conditions. | Conduct statistical analyses to quantify risk, using statistical analysis software or econometric models."
agriculture-commodity:wf_market_intel,13-1021,"Buyers and Purchasing Agents, Farm Products",0.15,"Review orders to determine product types and quantities required to meet demand. | Estimate land production possibilities, surveying property and studying factors such as crop rotation history, soil fertility, or irrigation facilities."
airline-pss:reservations_servicing,43-4181,Reservation and Transportation Ticket Agents and Travel Clerks,0.3,"Make and confirm reservations for transportation and accommodations, using telephones, faxes, mail, and computers. | Confer with customers to determine their service requirements and travel preferences. | Determine whether space is available on travel dates requested by customers, assigning requested spaces when available. | Answer inquiries regarding information, such as schedules, accommodations, procedures, or policies. | Assemble and issue required documentation, such as tickets, travel insurance policies, or itineraries. | Prepare customer invoices and accept payment."
airline-pss:reservations_servicing,43-4051,Customer Service Representatives,0.4,"Confer with customers by telephone or in person to provide information about products or services, take or enter orders, cancel accounts, or obtain details of complaints. | Keep records of customer interactions or transactions, recording details of inquiries, complaints, or comments, as well as actions taken. | Determine charges for services requested, collect deposits or payments, or arrange for billing."
airline-pss:irrops_rebooking,43-4181,Reservation and Transportation Ticket Agents and Travel Clerks,0.15,"Contact customers or travel agents to advise them of travel conveyance changes or to confirm reservations. | Plan routes, itineraries, and accommodation details, and compute fares and fees, using schedules, rate books, and computers."
airline-pss:irrops_rebooking,43-4051,Customer Service Representatives,0.25,Contact customers to respond to inquiries or to notify them of claim investigation results or any planned adjustments. | Check to ensure that appropriate changes were made to resolve customers' problems. | Refer unresolved customer grievances to designated departments for further investigation.
airline-pss:checkin_boarding_dcs,43-4181,Reservation and Transportation Ticket Agents and Travel Clerks,0.35,"Examine passenger documentation to determine destinations and to assign boarding passes. | Inform clients of essential travel information, such as travel times, transportation connections, or medical and visa requirements. | Announce arrival and departure information, using public address systems. | Provide boarding or disembarking assistance to passengers needing special assistance."
airline-pss:checkin_boarding_dcs,53-2022,Airfield Operations Specialists,0.1,"Monitor the arrival, parking, refueling, loading, and departure of all aircraft. | Relay departure, arrival, delay, aircraft and airfield status, and other pertinent information to upline controlling agencies."
airline-pss:fares_inventory_pricing,13-1161,Market Research Analysts and Marketing Specialists,0.5,"Gather data on competitors and analyze their prices, sales, and method of marketing and distribution. | Forecast and track marketing and sales trends, analyzing collected data. | Collect and analyze data on customer demographics, preferences, needs, and buying habits to identify potential markets and factors affecting product demand. | Attend staff conferences to provide management with information and proposals concerning the promotion, distribution, design, and pricing of company products or services."
airline-pss:fares_inventory_pricing,43-4181,Reservation and Transportation Ticket Agents and Travel Clerks,0.02,Maintain computerized inventories of available passenger space and provide information on space reserved or available.
airline-pss:ticket_exchanges_refunds_accounting,43-4051,Customer Service Representatives,0.2,"Resolve customers' service or billing complaints by performing activities such as exchanging merchandise, refunding money, or adjusting bills. | Obtain and examine all relevant information to assess validity of complaints and to determine possible causes, such as extreme weather conditions that could increase utility bills."
airline-pss:ticket_exchanges_refunds_accounting,43-4181,Reservation and Transportation Ticket Agents and Travel Clerks,0.08,Prepare customer invoices and accept payment.
airline-pss:ticket_exchanges_refunds_accounting,43-3031,"Bookkeeping, Accounting, and Auditing Clerks",0.45,"Reconcile or note and report discrepancies found in records. | Check figures, postings, and documents for correct entry, mathematical accuracy, and proper codes. | Compare computer printouts to manually maintained journals to determine if they match. | Access computerized financial information to answer general questions as well as those related to specific accounts."
airline-pss:baggage_handling_tracing,39-6011,Baggage Porters and Bellhops,0.55,"Receive and mark baggage by completing and attaching claim checks. | Transfer luggage, trunks, and packages to and from rooms, loading areas, vehicles, or transportation terminals, by hand or using baggage carts. | Complete baggage insurance forms. | Arrange for shipments of baggage, express mail, and parcels by providing weighing and billing services."
airline-pss:baggage_handling_tracing,43-4051,Customer Service Representatives,0.1,"Keep records of customer interactions or transactions, recording details of inquiries, complaints, or comments, as well as actions taken. | Contact customers to respond to inquiries or to notify them of claim investigation results or any planned adjustments."
capital-markets-trading-clearing:order-entry-execution,41-3031,"Securities, Commodities, and Financial Services Sales Agents",0.35,"Relay buy or sell orders to securities exchanges or to firm trading departments. | Complete sales order tickets and submit for processing of client-requested transactions. | Buy or sell stocks, bonds, commodity futures, foreign currencies, or other securities on behalf of investment dealers. | Make bids or offers to buy or sell securities. | Keep accurate records of transactions."
capital-markets-trading-clearing:trade-capture-confirmation,43-4011,Brokerage Clerks,0.3,"Document security transactions, such as purchases, sales, conversions, redemptions, or payments, using computers, accounting ledgers, or certificate records. | Prepare forms, such as receipts, withdrawal orders, transmittal papers, or transfer confirmations, based on transaction requests from stockholders. | Prepare reports summarizing daily transactions and earnings for individual customer accounts."
capital-markets-trading-clearing:trade-capture-confirmation,15-1251,Computer Programmers,0.15,"Perform or direct revision, repair, or expansion of existing programs to increase operating efficiency or adapt to new requirements. | Correct errors by making appropriate changes and rechecking the program to ensure that the desired results are produced. | Consult with and assist computer operators or system analysts to define and resolve problems in running computer programs."
capital-markets-trading-clearing:clearing-settlement-asset-servicing,43-4011,Brokerage Clerks,0.3,"Schedule and coordinate transfer and delivery of security certificates between companies, departments, and customers. | Verify ownership and transaction information and dividend distribution instructions to ensure conformance with governmental regulations, using stock records and reports. | Compute total holdings, dividends, interest, transfer taxes, brokerage fees, or commissions and allocate appropriate payments to customers."
capital-markets-trading-clearing:clearing-settlement-asset-servicing,43-4051,Customer Service Representatives,0.2,"Confer with customers by telephone or in person to provide information about products or services, take or enter orders, cancel accounts, or obtain details of complaints. | Keep records of customer interactions or transactions, recording details of inquiries, complaints, or comments, as well as actions taken. | Refer unresolved customer grievances to designated departments for further investigation."
capital-markets-trading-clearing:clearing-settlement-asset-servicing,15-1251,Computer Programmers,0.1,"Write, update, and maintain computer programs or software packages to handle specific jobs such as tracking inventory, storing or retrieving data, or controlling other equipment. | Conduct trial runs of programs and software applications to be sure they will produce the desired information and that the instructions are correct."
capital-markets-trading-clearing:position-cash-reconciliation,43-3031,"Bookkeeping, Accounting, and Auditing Clerks",0.35,"Reconcile or note and report discrepancies found in records. | Reconcile records of bank transactions. | Compare computer printouts to manually maintained journals to determine if they match. | Check figures, postings, and documents for correct entry, mathematical accuracy, and proper codes."
capital-markets-trading-clearing:position-cash-reconciliation,43-4011,Brokerage Clerks,0.1,"Correspond with customers and confer with coworkers to answer inquiries, discuss market fluctuations, or resolve account problems."
capital-markets-trading-clearing:margin-collateral-risk,13-2054,Financial Risk Specialists,0.4,"Track, measure, or report on aspects of market risk for traded issues. | Confer with traders to identify and communicate risks associated with specific trading strategies or positions. | Maintain input or data quality of risk management systems. | Devise scenario analyses reflecting possible severe market events."
capital-markets-trading-clearing:margin-collateral-risk,43-4011,Brokerage Clerks,0.05,Monitor daily stock prices and compute fluctuations to determine the need for additional collateral to secure loans.
capital-markets-trading-clearing:regulatory-reporting-surveillance,13-1041,Compliance Officers,0.5,"Identify compliance issues that require follow-up or investigation. | Report law or regulation violations to appropriate boards or agencies. | Prepare reports of activities, evaluations, recommendations, or decisions. | Provide assistance to internal or external auditors in compliance reviews. | Verify that all firm and regulatory policies and procedures have been documented, implemented, and communicated."
capital-markets-trading-clearing:regulatory-reporting-surveillance,41-3031,"Securities, Commodities, and Financial Services Sales Agents",0.05,Review all securities transactions to ensure accuracy of information and conformance to governing agency regulations.
card-payments-processing:wf_disputes,43-4051,Customer Service Representatives,0.2,"Obtain and examine all relevant information to assess validity of complaints and to determine possible causes, such as extreme weather conditions that could increase utility bills. | Contact customers to respond to inquiries or to notify them of claim investigation results or any planned adjustments. | Resolve customers' service or billing complaints by performing activities such as exchanging merchandise, refunding money, or adjusting bills. | Compare disputed merchandise with original requisitions and information from invoices and prepare invoices for returned goods."
card-payments-processing:wf_disputes,43-4041,"Credit Authorizers, Checkers, and Clerks",0.25,Consult with customers to resolve complaints or verify financial or credit transactions. | Keep records of customers' charges and payments.
card-payments-processing:wf_settlement_recon,43-3031,"Bookkeeping, Accounting, and Auditing Clerks",0.35,"Reconcile or note and report discrepancies found in records. | Reconcile records of bank transactions. | Compare computer printouts to manually maintained journals to determine if they match. | Debit, credit, and total accounts on computer spreadsheets and databases, using specialized accounting software."
card-payments-processing:wf_settlement_recon,13-2011,Accountants and Auditors,0.15,Review accounts for discrepancies and reconcile differences. | Prepare adjusting journal entries.
card-payments-processing:wf_fraud_alerts,13-2099,"Fraud Examiners, Investigators and Analysts (O*NET 13-2099.04)",0.5,"Review reports of suspected fraud to determine need for further investigation. | Analyze financial data to detect irregularities in areas such as billing trends, financial relationships, and regulatory compliance procedures. | Create and maintain logs, records, or databases of information about fraudulent activity. | Recommend actions in fraud cases."
card-payments-processing:wf_fraud_alerts,43-4051,Customer Service Representatives,0.15,"Confer with customers by telephone or in person to provide information about products or services, take or enter orders, cancel accounts, or obtain details of complaints."
card-payments-processing:wf_cardholder_servicing,43-4051,Customer Service Representatives,0.45,"Confer with customers by telephone or in person to provide information about products or services, take or enter orders, cancel accounts, or obtain details of complaints. | Keep records of customer interactions or transactions, recording details of inquiries, complaints, or comments, as well as actions taken. | Check to ensure that appropriate changes were made to resolve customers' problems. | Refer unresolved customer grievances to designated departments for further investigation."
card-payments-processing:wf_cardholder_servicing,43-3011,Bill and Account Collectors,0.3,"Answer customer questions regarding problems with their accounts. | Locate and monitor overdue accounts, using computers and a variety of automated systems. | Arrange for debt repayment or establish repayment schedules, based on customers' financial situations."
card-payments-processing:wf_underwriting_issuance,13-2041,Credit Analysts,0.4,"Analyze credit data and financial statements to determine the degree of risk involved in extending credit or lending money. | Prepare reports that include the degree of risk involved in extending credit or lending money. | Evaluate customer records and recommend payment plans, based on earnings, savings data, payment history, and purchase activity."
card-payments-processing:wf_underwriting_issuance,43-4041,"Credit Authorizers, Checkers, and Clerks",0.4,"Evaluate customers' computerized credit records and payment histories to decide whether to approve new credit, based on predetermined standards. | Interview credit applicants by telephone or in person to obtain personal and financial data needed to complete credit report. | Prepare credit cards or charge account plates."
card-payments-processing:wf_underwriting_issuance,43-4131,Loan Interviewers and Clerks,0.2,"Establish credit limits and grant extensions of credit on overdue accounts. | Verify and examine information and accuracy of loan application and closing documents. | Contact customers by mail, telephone, or in person concerning acceptance or rejection of applications."
card-payments-processing:wf_core_config,15-1251,Computer Programmers,0.5,"Perform or direct revision, repair, or expansion of existing programs to increase operating efficiency or adapt to new requirements. | Conduct trial runs of programs and software applications to be sure they will produce the desired information and that the instructions are correct. | Correct errors by making appropriate changes and rechecking the program to ensure that the desired results are produced. | Compile and write documentation of program development and subsequent revisions, inserting comments in the coded instructions so others can understand the program."
card-payments-processing:wf_core_config,15-1211,Computer Systems Analysts,0.4,"Expand or modify system to serve new purposes or improve work flow. | Test, maintain, and monitor computer programs and systems, including coordinating the installation of computer programs and systems. | Troubleshoot program and system malfunctions to restore normal functioning. | Specify inputs accessed by the system and plan the distribution and use of the results."
card-payments-processing:wf_core_config,13-2011,Accountants and Auditors,0.1,"Examine and evaluate financial and information systems, recommending controls to ensure system reliability and data integrity. | Prepare detailed reports on audit findings."
construction-project-accounting:wf_ap_job_cost_coding,43-3031,"Bookkeeping, Accounting, and Auditing Clerks",0.35,"Code documents according to company procedures. | Match order forms with invoices, and record the necessary information. | Check figures, postings, and documents for correct entry, mathematical accuracy, and proper codes. | Debit, credit, and total accounts on computer spreadsheets and databases, using specialized accounting software."
construction-project-accounting:wf_ap_job_cost_coding,43-3061,Procurement Clerks,0.3,"Compare suppliers' bills with bids and purchase orders to verify accuracy. | Calculate costs of orders, and charge or forward invoices to appropriate accounts. | Check shipments when they arrive to ensure that orders have been filled correctly and that goods meet specifications. | Approve and pay bills."
construction-project-accounting:wf_ap_job_cost_coding,13-2011,Accountants and Auditors,0.1,Process invoices for payment. | Review accounts for discrepancies and reconcile differences.
construction-project-accounting:wf_field_time_payroll,43-3051,Payroll and Timekeeping Clerks,0.6,"Distribute and collect timecards each pay period. | Verify attendance, hours worked, and pay adjustments, and post information onto designated records. | Compute wages and deductions, and enter data into computers. | Compile employee time, production, and payroll data from time sheets and other records. | Provide information to employees and managers on payroll matters, tax issues, benefit plans, and collective agreement provisions. | Prepare and file payroll tax returns."
construction-project-accounting:wf_field_time_payroll,43-3031,"Bookkeeping, Accounting, and Auditing Clerks",0.1,"Prepare and process payroll information. | Complete and submit tax forms and returns, workers' compensation forms, pension contribution forms, and other government documents."
construction-project-accounting:wf_progress_billing_ar,43-3021,Billing and Posting Clerks,0.5,"Prepare itemized statements, bills, or invoices and record amounts due for items purchased or services rendered. | Verify accuracy of billing data and revise any errors. | Keep records of invoices and support documents. | Contact customers to obtain or relay account information."
construction-project-accounting:wf_progress_billing_ar,43-3011,Bill and Account Collectors,0.4,"Locate and monitor overdue accounts, using computers and a variety of automated systems. | Confer with customers by telephone or in person to determine reasons for overdue payments and to review the terms of sales, service, or credit contracts. | Record information about financial status of customers and status of collection efforts."
construction-project-accounting:wf_progress_billing_ar,43-3031,"Bookkeeping, Accounting, and Auditing Clerks",0.1,"Calculate, prepare, and issue bills, invoices, account statements, and other financial statements according to established procedures."
construction-project-accounting:wf_change_orders_cost_forecast,13-1051,Cost Estimators,0.25,"Confer with engineers, architects, owners, contractors, and subcontractors on changes and adjustments to cost estimates. | Assess cost effectiveness of products, projects or services, tracking actual costs relative to bids as the project develops. | Prepare cost and expenditure statements and other necessary documentation at regular intervals for the duration of the project."
construction-project-accounting:wf_change_orders_cost_forecast,11-9021,Construction Managers,0.1,"Prepare and submit budget estimates, progress reports, or cost tracking reports. | Prepare contracts or negotiate revisions to contractual agreements with architects, consultants, clients, suppliers, or subcontractors."
construction-project-accounting:wf_change_orders_cost_forecast,13-2011,Accountants and Auditors,0.2,"Develop, maintain, or analyze budgets, preparing periodic reports that compare budgeted costs to actual costs. | Analyze business operations, trends, costs, revenues, financial commitments, and obligations to project future revenues and expenses or to provide advice."
construction-project-accounting:wf_wip_close_reporting,13-2011,Accountants and Auditors,0.35,"Prepare adjusting journal entries. | Prepare, examine, or analyze accounting records, financial statements, or other financial reports to assess accuracy, completeness, and conformance to reporting and procedural standards. | Review accounts for discrepancies and reconcile differences. | Report to management regarding the finances of establishment."
construction-project-accounting:wf_wip_close_reporting,11-3031,Treasurers and Controllers,0.4,"Prepare or direct preparation of financial statements, business activity reports, financial position forecasts, annual budgets, or reports required by regulatory agencies. | Develop and maintain relationships with banking, insurance, and external accounting personnel to facilitate financial activities. | Monitor financial activities and details, such as cash flow and reserve levels, to ensure that all legal and regulatory requirements are met."
construction-project-accounting:wf_wip_close_reporting,43-3031,"Bookkeeping, Accounting, and Auditing Clerks",0.1,Prepare trial balances of books. | Reconcile records of bank transactions.
construction-project-accounting:wf_job_setup_master_data,43-3031,"Bookkeeping, Accounting, and Auditing Clerks",0.1,"Operate computers programmed with accounting software to record, store, and analyze information. | Classify, record, and summarize numerical and financial data to compile and keep financial records, using journals and ledgers or computers."
construction-project-accounting:wf_job_setup_master_data,13-2011,Accountants and Auditors,0.05,"Establish tables of accounts and assign entries to proper accounts. | Develop, implement, modify, and document recordkeeping and accounting systems, making use of current computer technology."
construction-project-accounting:wf_job_setup_master_data,13-1051,Cost Estimators,0.05,Set up cost monitoring and reporting systems and procedures.
cooperative-rural-microfinance-banking:wf_loan_origination,13-2072,Loan Officers,0.45,"Meet with applicants to obtain information for loan applications and to answer questions about the process. | Analyze applicants' financial status, credit, and property evaluations to determine feasibility of granting loans. | Approve loans within specified limits, and refer loan applications outside those limits to management for approval. | Obtain and compile copies of loan applicants' credit histories, corporate financial statements, and other financial information. | Compute payment schedules."
cooperative-rural-microfinance-banking:wf_loan_origination,43-4131,Loan Interviewers and Clerks,0.55,"Interview loan applicants to obtain personal and financial data and to assist in completing applications. | Verify and examine information and accuracy of loan application and closing documents. | Record applications for loan and credit, loan information, and disbursements of funds, using computers. | Check value of customer collateral to be held as loan security. | Contact credit bureaus, employers, and other sources to check applicants' credit and personal references."
cooperative-rural-microfinance-banking:wf_loan_origination,13-2041,Credit Analysts,0.5,"Analyze credit data and financial statements to determine the degree of risk involved in extending credit or lending money. | Complete loan applications, including credit analyses and summaries of loan requests, and submit to loan committees for approval. | Generate financial ratios, using computer programs, to evaluate customers' financial status."
cooperative-rural-microfinance-banking:wf_collections,43-3011,Bill and Account Collectors,0.8,"Locate and notify customers of delinquent accounts by mail, telephone, or personal visits to solicit payment. | Locate and monitor overdue accounts, using computers and a variety of automated systems. | Arrange for debt repayment or establish repayment schedules, based on customers' financial situations. | Record information about financial status of customers and status of collection efforts. | Receive payments and post amounts paid to customer accounts."
cooperative-rural-microfinance-banking:wf_collections,13-2072,Loan Officers,0.15,"Prepare reports to send to customers whose accounts are delinquent, and forward irreconcilable accounts for collector action. | Review and update credit and loan files."
cooperative-rural-microfinance-banking:wf_collections,13-2041,Credit Analysts,0.15,"Review individual or commercial customer files to identify and select delinquent accounts for collection. | Evaluate customer records and recommend payment plans, based on earnings, savings data, payment history, and purchase activity."
cooperative-rural-microfinance-banking:wf_teller_cash,43-3071,Tellers,0.85,"Receive checks and cash for deposit, verify amounts, and check accuracy of deposit slips. | Enter customers' transactions into computers to record transactions and issue computer-generated receipts. | Balance currency, coin, and checks in cash drawers at ends of shifts and calculate daily transactions, using computers, calculators, or adding machines. | Receive mortgage, loan, or public utility bill payments, verifying payment dates and amounts due. | Identify transaction mistakes when debits and credits do not balance."
cooperative-rural-microfinance-banking:wf_teller_cash,11-3031,Financial Managers,0.1,"Oversee the flow of cash or financial instruments. | Establish procedures for custody or control of assets, records, loan collateral, or securities to ensure safekeeping."
cooperative-rural-microfinance-banking:wf_member_onboarding_service,43-4141,New Accounts Clerks,0.6,"Interview customers to obtain information needed for opening accounts or renting safe-deposit boxes. | Compile information about new accounts, enter account information into computers, and file related forms or other documents. | Inform customers of procedures for applying for services, such as ATM cards, direct deposit of checks, and certificates of deposit. | Investigate and correct errors upon customers' request, according to customer and bank records."
cooperative-rural-microfinance-banking:wf_member_onboarding_service,43-4051,Customer Service Representatives,0.5,"Confer with customers by telephone or in person to provide information about products or services, take or enter orders, cancel accounts, or obtain details of complaints. | Keep records of customer interactions or transactions, recording details of inquiries, complaints, or comments, as well as actions taken. | Complete contract forms, prepare change of address records, or issue service discontinuance orders, using computers. | Refer unresolved customer grievances to designated departments for further investigation."
cooperative-rural-microfinance-banking:wf_interest_gl_accounting,43-3031,"Bookkeeping, Accounting, and Auditing Clerks",0.6,"Perform financial calculations, such as amounts due, interest charges, balances, discounts, equity, and principal. | Debit, credit, and total accounts on computer spreadsheets and databases, using specialized accounting software. | Reconcile records of bank transactions. | Monitor status of loans and accounts to ensure that payments are up to date. | Compare computer printouts to manually maintained journals to determine if they match."
cooperative-rural-microfinance-banking:wf_interest_gl_accounting,13-2011,Accountants and Auditors,0.35,Review accounts for discrepancies and reconcile differences. | Prepare adjusting journal entries. | Establish tables of accounts and assign entries to proper accounts.
cooperative-rural-microfinance-banking:wf_regulatory_reporting,11-3031,Financial Managers,0.2,"Prepare financial or regulatory reports required by laws, regulations, or boards of directors. | Prepare operational or risk reports for management analysis. | Review collection reports to determine the status of collections and the amounts of outstanding balances."
cooperative-rural-microfinance-banking:wf_regulatory_reporting,13-2011,Accountants and Auditors,0.3,"Prepare, examine, or analyze accounting records, financial statements, or other financial reports to assess accuracy, completeness, and conformance to reporting and procedural standards. | Prepare, analyze, or verify annual reports, financial statements, and other records, using accepted accounting and statistical procedures to assess financial condition and facilitate financial planning. | Examine and evaluate financial and information systems, recommending controls to ensure system reliability and data integrity."
cooperative-rural-microfinance-banking:wf_regulatory_reporting,13-1041,Compliance Officers,0.4,"Identify compliance issues that require follow-up or investigation. | Provide assistance to internal or external auditors in compliance reviews. | Verify that all firm and regulatory policies and procedures have been documented, implemented, and communicated. | Prepare reports of activities, evaluations, recommendations, or decisions."
core-banking:wf-branch-teller,43-3071,Tellers,0.65,"Receive checks and cash for deposit, verify amounts, and check accuracy of deposit slips. | Cash checks and pay out money after verifying that signatures are correct, that written and numerical amounts agree, and that accounts have sufficient funds. | Enter customers' transactions into computers to record transactions and issue computer-generated receipts. | Balance currency, coin, and checks in cash drawers at ends of shifts and calculate daily transactions, using computers, calculators, or adding machines. | Identify transaction mistakes when debits and credits do not balance. | Prepare and verify cashier's checks. | Receive mortgage, loan, or public utility bill payments, verifying payment dates and amounts due."
core-banking:wf-branch-teller,43-4141,New Accounts Clerks,0.2,"Perform teller duties as required. | Collect and record customer deposits and fees and issue receipts, using computers. | Execute wire transfers of funds."
core-banking:wf-onboarding-kyc-aml,43-4141,New Accounts Clerks,0.55,"Interview customers to obtain information needed for opening accounts or renting safe-deposit boxes. | Compile information about new accounts, enter account information into computers, and file related forms or other documents. | Obtain credit records from reporting agencies. | Inform customers of procedures for applying for services, such as ATM cards, direct deposit of checks, and certificates of deposit."
core-banking:wf-onboarding-kyc-aml,43-3071,Tellers,0.1,"Obtain and process information required for the provision of services, such as opening accounts, savings plans, and purchasing bonds."
core-banking:wf-onboarding-kyc-aml,13-2099.04,"Fraud Examiners, Investigators and Analysts",0.45,"Review reports of suspected fraud to determine need for further investigation. | Conduct in-depth investigations of suspicious financial activity, such as suspected money-laundering efforts. | Analyze financial data to detect irregularities in areas such as billing trends, financial relationships, and regulatory compliance procedures. | Document all investigative activities. | Prepare written reports of investigation findings."
core-banking:wf-onboarding-kyc-aml,13-1041,Compliance Officers,0.3,"Identify compliance issues that require follow-up or investigation. | Prepare reports of activities, evaluations, recommendations, or decisions. | Verify that all firm and regulatory policies and procedures have been documented, implemented, and communicated."
core-banking:wf-customer-servicing,43-4051,Customer Service Representatives,0.6,"Confer with customers by telephone or in person to provide information about products or services, take or enter orders, cancel accounts, or obtain details of complaints. | Keep records of customer interactions or transactions, recording details of inquiries, complaints, or comments, as well as actions taken. | Resolve customers' service or billing complaints by performing activities such as exchanging merchandise, refunding money, or adjusting bills. | Complete contract forms, prepare change of address records, or issue service discontinuance orders, using computers. | Refer unresolved customer grievances to designated departments for further investigation."
core-banking:wf-customer-servicing,43-4141,New Accounts Clerks,0.15,"Answer customers' questions and explain available services, such as deposit accounts, bonds, and securities. | Investigate and correct errors upon customers' request, according to customer and bank records."
core-banking:wf-customer-servicing,43-3071,Tellers,0.15,"Resolve problems or discrepancies concerning customers' accounts. | Answer telephones and assist customers with their questions. | Carry out special services for customers, such as ordering bank cards and checks."
core-banking:wf-recon-exceptions-reporting,43-3031,"Bookkeeping, Accounting, and Auditing Clerks",0.55,"Reconcile records of bank transactions. | Reconcile or note and report discrepancies found in records. | Check figures, postings, and documents for correct entry, mathematical accuracy, and proper codes. | Compare computer printouts to manually maintained journals to determine if they match. | Transfer details from separate journals to general ledgers or data processing sheets. | Compile statistical, financial, accounting, or auditing reports and tables pertaining to such matters as cash receipts, expenditures, accounts payable and receivable, and profits and losses."
core-banking:wf-recon-exceptions-reporting,43-3071,Tellers,0.05,"Sort and file deposit slips and checks. | Examine checks for endorsements and to verify other information, such as dates, bank names, identification of the persons receiving payments, and the legality of the documents."
core-banking:wf-lending-collections,13-2072,Loan Officers,0.6,"Meet with applicants to obtain information for loan applications and to answer questions about the process. | Analyze applicants' financial status, credit, and property evaluations to determine feasibility of granting loans. | Approve loans within specified limits, and refer loan applications outside those limits to management for approval. | Review loan agreements to ensure that they are complete and accurate according to policy. | Review and update credit and loan files. | Contact borrowers with delinquent accounts to obtain payment in full or to negotiate repayment plans."
core-banking:wf-lending-collections,43-4131,Loan Interviewers and Clerks,0.7,"Interview loan applicants to obtain personal and financial data and to assist in completing applications. | Verify and examine information and accuracy of loan application and closing documents. | Record applications for loan and credit, loan information, and disbursements of funds, using computers. | Check value of customer collateral to be held as loan security. | Calculate, review, and correct errors on interest, principal, payment, and closing costs, using computers or calculators. | Review customer accounts to determine whether payments are made on time and that other loan terms are being followed."
core-banking:wf-lending-collections,13-2041,Credit Analysts,0.5,"Analyze credit data and financial statements to determine the degree of risk involved in extending credit or lending money. | Complete loan applications, including credit analyses and summaries of loan requests, and submit to loan committees for approval. | Generate financial ratios, using computer programs, to evaluate customers' financial status. | Prepare reports that include the degree of risk involved in extending credit or lending money."
core-banking:wf-lending-collections,43-3011,Bill and Account Collectors,0.5,"Locate and monitor overdue accounts, using computers and a variety of automated systems. | Locate and notify customers of delinquent accounts by mail, telephone, or personal visits to solicit payment. | Arrange for debt repayment or establish repayment schedules, based on customers' financial situations. | Record information about financial status of customers and status of collection efforts. | Receive payments and post amounts paid to customer accounts."
core-banking:wf-core-ledger-batch-maintenance,15-1251,Computer Programmers,0.5,"Perform or direct revision, repair, or expansion of existing programs to increase operating efficiency or adapt to new requirements. | Correct errors by making appropriate changes and rechecking the program to ensure that the desired results are produced. | Conduct trial runs of programs and software applications to be sure they will produce the desired information and that the instructions are correct. | Consult with and assist computer operators or system analysts to define and resolve problems in running computer programs. | Compile and write documentation of program development and subsequent revisions, inserting comments in the coded instructions so others can understand the program."
core-banking:wf-core-ledger-batch-maintenance,15-1211,Computer Systems Analysts,0.4,"Troubleshoot program and system malfunctions to restore normal functioning. | Test, maintain, and monitor computer programs and systems, including coordinating the installation of computer programs and systems. | Expand or modify system to serve new purposes or improve work flow. | Coordinate and link the computer systems within an organization to increase compatibility so that information can be shared. | Review and analyze computer printouts and performance indicators to locate code problems, and correct errors by correcting codes."
core-banking:wf-core-ledger-batch-maintenance,43-3031,"Bookkeeping, Accounting, and Auditing Clerks",0.1,"Perform financial calculations, such as amounts due, interest charges, balances, discounts, equity, and principal. | Debit, credit, and total accounts on computer spreadsheets and databases, using specialized accounting software."
courts-justice:courts-justice:intake-docketing,43-4031,"Court, Municipal, and License Clerks",0.35,"Examine legal documents submitted to courts for adherence to laws or court procedures. | Perform administrative tasks, such as answering telephone calls, filing court documents, or maintaining office supplies or equipment. | Question applicants to obtain required information, such as name, address, or age, and record data on prescribed forms. | Plan or direct the maintenance, filing, safekeeping, or computerization of all municipal documents."
courts-justice:courts-justice:intake-docketing,23-2011,Paralegals and Legal Assistants,0.1,"File pleadings with court clerks. | Prepare, edit, or review legal documents, including legislation, briefs, pleadings, appeals, wills, contracts, and real estate closing statements. | Prepare affidavits or other documents, such as legal correspondence, and organize and maintain documents in paper or electronic filing system."
courts-justice:courts-justice:courtroom-record,27-3092,Court Reporters and Simultaneous Captioners,0.6,"Record verbatim proceedings of courts, legislative assemblies, committee meetings, and other proceedings, using computerized recording equipment, electronic stenograph machines, or stenomasks. | Provide transcripts of proceedings upon request of judges, lawyers, or the public. | Transcribe recorded proceedings in accordance with established formats. | File a legible transcript of records of a court case with the court clerk's office. | Log and store exhibits from court proceedings."
courts-justice:courts-justice:courtroom-record,43-4031,"Court, Municipal, and License Clerks",0.15,"Prepare documents recording the outcomes of court proceedings. | Record case dispositions, court orders, or arrangements made for payment of court fees."
courts-justice:courts-justice:judicial-research-drafting,23-1012,Judicial Law Clerks,0.6,"Prepare briefs, legal memoranda, or statements of issues involved in cases, including appropriate suggestions or recommendations. | Research laws, court decisions, documents, opinions, briefs, or other information related to cases before the court. | Draft or proofread judicial opinions, decisions, or citations. | Review complaints, petitions, motions, or pleadings that have been filed to determine issues involved or basis for relief."
courts-justice:courts-justice:judicial-research-drafting,23-1023,"Judges, Magistrate Judges, and Magistrates",0.3,Write decisions on cases. | Read documents on pleadings and motions to ascertain facts and issues. | Research legal issues and write opinions on the issues.
courts-justice:courts-justice:judicial-research-drafting,43-4031,"Court, Municipal, and License Clerks",0.05,"Prepare and issue orders of the court, such as probation orders, release documentation, sentencing information, or summonses."
courts-justice:courts-justice:calendaring-notices,43-4031,"Court, Municipal, and License Clerks",0.25,"Prepare dockets or calendars of cases to be called. | Instruct parties about timing of court appearances. | Answer inquiries from the general public regarding judicial procedures, court appearances, trial dates, adjournments, outstanding warrants, summonses, subpoenas, witness fees, or payment of fines. | Search files and contact witnesses, attorneys, or litigants to obtain information for the court."
courts-justice:courts-justice:calendaring-notices,23-1012,Judicial Law Clerks,0.1,"Review dockets of pending litigation to ensure adequate progress. | Coordinate judges' meeting and appointment schedules. | Enter information into computerized court calendar, filing, or case management systems."
courts-justice:courts-justice:fines-fees-collections,43-3011,Bill and Account Collectors,0.5,"Locate and notify customers of delinquent accounts by mail, telephone, or personal visits to solicit payment. | Arrange for debt repayment or establish repayment schedules, based on customers' financial situations. | Receive payments and post amounts paid to customer accounts. | Record information about financial status of customers and status of collection efforts."
courts-justice:courts-justice:fines-fees-collections,43-4031,"Court, Municipal, and License Clerks",0.1,"Record and maintain all vital and fiscal records and accounts. | Record case dispositions, court orders, or arrangements made for payment of court fees."
courts-justice:courts-justice:evidence-discovery-review,23-2011,Paralegals and Legal Assistants,0.3,"Request, review, and summarize relevant records for the cases. | Investigate facts and law of cases and search pertinent sources, such as public records and internet sources, to determine causes of action and to prepare cases. | Prepare for trial by performing tasks such as organizing exhibits."
ehr-hospital:wf_clinical_documentation,29-1141,Registered Nurses,0.25,"Record patients' medical information and vital signs. | Maintain accurate, detailed reports and records. | Monitor, record, and report symptoms or changes in patients' conditions."
ehr-hospital:wf_clinical_documentation,29-1229,"Hospitalists (Physicians, All Other)",0.25,"Write patient discharge summaries and send them to primary care physicians. | Diagnose, treat, or provide continuous care to hospital inpatients. | Communicate with patients' primary care physicians upon admission, when treatment plans change, or at discharge to maintain continuity and quality of care."
ehr-hospital:wf_clinical_documentation,31-9094,Medical Transcriptionists,0.6,"Transcribe dictation for a variety of medical reports, such as patient histories, physical examinations, emergency room visits, operations, chart reviews, consultation, or discharge summaries. | Return dictated reports in printed or electronic form for physician's review, signature, and corrections and for inclusion in patients' medical records. | Review and edit transcribed reports or dictated material for spelling, grammar, clarity, consistency, and proper medical terminology."
ehr-hospital:wf_orders_medication,29-1051,Pharmacists,0.5,"Review prescriptions to assure accuracy, to ascertain the needed ingredients, and to evaluate their suitability. | Provide information and advice regarding drug interactions, side effects, dosage, and proper medication storage. | Maintain records, such as pharmacy files, patient profiles, charge system files, inventories, control records for radioactive nuclei, or registries of poisons, narcotics, or controlled drugs. | Update or troubleshoot pharmacy information databases."
ehr-hospital:wf_orders_medication,29-2052,Pharmacy Technicians,0.4,"Receive written prescription or refill requests and verify that information is complete and accurate. | Enter prescription information into computer databases. | Establish or maintain patient profiles, including lists of medications taken by individual patients. | Compute charges for medication or equipment dispensed to hospital patients and enter data in computer."
ehr-hospital:wf_orders_medication,29-1141,Registered Nurses,0.2,Administer medications to patients and monitor patients for reactions or side effects. | Modify patient treatment plans as indicated by patients' responses and conditions.
ehr-hospital:wf_orders_medication,29-1229,"Hospitalists (Physicians, All Other)",0.15,Prescribe medications or treatment regimens to hospital inpatients. | Order or interpret the results of tests such as laboratory tests and radiographs (x-rays).
ehr-hospital:wf_registration_adt,43-4111,"Interviewers, Except Eligibility and Loan (hospital admitting/registration)",0.6,"Ask questions in accordance with instructions to obtain various specified information, such as person's name, address, age, religious preference, or state of residency. | Ensure payment for services by verifying benefits with the person's insurance provider or working out financing options. | Review data obtained from interview for completeness and accuracy. | Compile, record, and code results or data from interview or survey, using computer or specified form."
ehr-hospital:wf_registration_adt,43-6013,Medical Secretaries and Administrative Assistants,0.35,"Schedule and confirm patient diagnostic appointments, surgeries, or medical consultations. | Interview patients to complete documents, case histories, or forms, such as intake or insurance forms. | Schedule tests or procedures for patients, such as lab work or x-rays, based on physician orders."
ehr-hospital:wf_registration_adt,29-2072,Medical Records Specialists,0.1,"Process patient admission or discharge documents. | Enter data, such as demographic characteristics, history and extent of disease, diagnostic procedures, or treatment into computer."
ehr-hospital:wf_coding_revenue_him,29-2072,Medical Records Specialists,0.5,"Identify, compile, abstract, and code patient data, using standard classification systems. | Assign the patient to diagnosis-related groups (DRGs), using appropriate computer software. | Resolve or clarify codes or diagnoses with conflicting, missing, or unclear information by consulting with doctors or others or by participating in the coding team's regular meetings. | Review records for completeness, accuracy, and compliance with regulations. | Scan patients' health records into electronic formats. | Release information to persons or agencies according to regulations."
ehr-hospital:wf_coding_revenue_him,29-9021,Health Information Technologists and Medical Registrars,0.4,"Identify, compile, abstract, and code patient data, using standard classification systems. | Assign the patient to diagnosis-related groups (DRGs), using appropriate computer software. | Protect the security of medical records to ensure that confidentiality is maintained. | Compile medical care and census data for statistical reports on diseases treated, surgery performed, or use of hospital beds."
ehr-hospital:wf_coding_revenue_him,43-3021,Billing and Posting Clerks,0.5,"Verify accuracy of billing data and revise any errors. | Review documents, such as purchase orders, sales tickets, charge slips, or hospital records, to compute fees or charges due. | Consult sources, such as rate books, manuals, or insurance company representatives, to determine specific charges or information such as rules, regulations, or government tax and tariff information. | Resolve discrepancies in accounting records."
ehr-hospital:wf_coding_revenue_him,43-4111,"Interviewers, Except Eligibility and Loan (hospital admitting/registration)",0.15,Ensure payment for services by verifying benefits with the person's insurance provider or working out financing options.
ehr-hospital:wf_care_coordination,21-1022,Healthcare Social Workers,0.4,"Plan discharge from care facility to home or other care facility. | Refer patient, client, or family to community resources to assist in recovery from mental or physical illness and to provide access to services such as financial assistance, legal aid, housing, job placement or education. | Utilize consultation data and social work experience to plan and coordinate client or patient care and rehabilitation, following through to ensure service efficacy. | Oversee Medicaid- and Medicare-related paperwork and recordkeeping in hospitals."
ehr-hospital:wf_care_coordination,29-1141,Registered Nurses,0.15,"Consult and coordinate with healthcare team members to assess, plan, implement, or evaluate patient care plans. | Instruct individuals, families, or other groups on topics such as health education, disease prevention, or childbirth and develop health improvement programs."
ehr-hospital:wf_care_coordination,29-1229,"Hospitalists (Physicians, All Other)",0.15,"Conduct discharge planning and discharge patients. | Refer patients to medical specialists, social services, or other professionals as appropriate."
ehr-hospital:wf_care_coordination,43-6013,Medical Secretaries and Administrative Assistants,0.25,"Receive and route messages or documents, such as laboratory results, to appropriate staff. | Transmit correspondence or medical records by mail, e-mail, or fax. | Answer telephones and direct calls to appropriate staff."
ehr-hospital:wf_ehr_build_maintenance,15-1211,Computer Systems Analysts (incl. Health Informatics Specialists 15-1211.01),0.5,"Troubleshoot program and system malfunctions to restore normal functioning. | Test, maintain, and monitor computer programs and systems, including coordinating the installation of computer programs and systems. | Coordinate and link the computer systems within an organization to increase compatibility so that information can be shared. | Expand or modify system to serve new purposes or improve work flow. | Use informatics science to design or implement health information technology applications for resolution of clinical or health care administrative problems. | Design, develop, select, test, implement, and evaluate new or modified informatics solutions, data structures, and decision-support mechanisms to support patients, health care professionals, and their information management and human-computer and human-technology interactions within health care contexts."
ehr-hospital:wf_ehr_build_maintenance,15-1251,Computer Programmers,0.4,"Perform or direct revision, repair, or expansion of existing programs to increase operating efficiency or adapt to new requirements. | Correct errors by making appropriate changes and rechecking the program to ensure that the desired results are produced. | Write, update, and maintain computer programs or software packages to handle specific jobs such as tracking inventory, storing or retrieving data, or controlling other equipment. | Compile and write documentation of program development and subsequent revisions, inserting comments in the coded instructions so others can understand the program."
ehr-hospital:wf_ehr_build_maintenance,29-9021,Health Information Technologists and Medical Registrars,0.15,"Evaluate and recommend upgrades or improvements to existing computerized healthcare systems. | Write or maintain archived procedures, procedural codes, or queries for applications. | Plan, develop, maintain, or operate a variety of health record indexes or storage and retrieval systems to collect, classify, store, or analyze information."
erp-distribution:order_intake,43-4151,Order Clerks,0.6,"Obtain customers' names, addresses, and billing information, product numbers, and specifications of items to be purchased, and enter this information on order forms. | Review orders for completeness according to reporting procedures and forward incomplete orders for further processing. | Check inventory records to determine availability of requested merchandise. | Verify customer and order information for correctness, checking it against previously obtained information as necessary. | Inform customers by mail or telephone of order information, such as unit prices, shipping dates, and any anticipated delays. | Confer with production, sales, shipping, warehouse, or common carrier personnel to expedite or trace shipments."
erp-distribution:order_intake,43-4051,Customer Service Representatives,0.45,"Confer with customers by telephone or in person to provide information about products or services, take or enter orders, cancel accounts, or obtain details of complaints. | Keep records of customer interactions or transactions, recording details of inquiries, complaints, or comments, as well as actions taken. | Resolve customers' service or billing complaints by performing activities such as exchanging merchandise, refunding money, or adjusting bills. | Compare disputed merchandise with original requisitions and information from invoices and prepare invoices for returned goods."
erp-distribution:order_intake,41-4012,"Sales Representatives, Wholesale and Manufacturing, Except Technical and Scientific Products",0.15,"Prepare sales contracts and order forms. | Answer customers' questions about products, prices, availability, product uses, and credit terms."
erp-distribution:quoting_pricing,41-4012,"Sales Representatives, Wholesale and Manufacturing, Except Technical and Scientific Products",0.35,"Estimate or quote prices, credit or contract terms, warranties, and delivery dates. | Recommend products to customers, based on customers' needs and interests. | Contact regular and prospective customers to demonstrate products, explain product features, and solicit orders. | Prepare drawings, estimates, and bids that meet specific customer needs. | Negotiate details of contracts and payments. | Monitor market conditions, product innovations, and competitors' products, prices, and sales."
erp-distribution:quoting_pricing,43-4151,Order Clerks,0.15,Compute total charges for merchandise or services and shipping charges. | Recommend merchandise or services that will meet customers' needs. | Attempt to sell additional merchandise or services to prospective or current customers by telephone or through visits.
erp-distribution:purchasing_replenishment,13-1022,"Wholesale and Retail Buyers, Except Farm Products",0.6,"Buy merchandise or commodities for resale to wholesale or retail consumers. | Negotiate prices, discount terms, or transportation arrangements with suppliers. | Monitor and analyze sales records, trends, or economic conditions to anticipate consumer buying patterns, company sales, and needed inventory. | Examine, select, order, or purchase merchandise consistent with quality, quantity, specification requirements, or other factors, such as environmental soundness. | Authorize payment of invoices or return of merchandise."
erp-distribution:purchasing_replenishment,13-1023,"Purchasing Agents, Except Wholesale, Retail, and Farm Products",0.55,"Prepare purchase orders, solicit bid proposals, and review requisitions for goods and services. | Study sales records and inventory levels of current stock to develop strategic purchasing programs that facilitate employee access to supplies. | Monitor shipments to ensure that goods come in on time, and resolve problems related to undelivered goods. | Maintain and review computerized or manual records of purchased items, costs, deliveries, product performance, and inventories. | Confer with staff, users, and vendors to discuss defective or unacceptable goods or services and determine corrective action."
erp-distribution:purchasing_replenishment,43-5061,"Production, Planning, and Expediting Clerks",0.3,"Contact suppliers to verify shipment details. | Confer with establishment personnel, vendors, or customers to coordinate production or shipping activities and to resolve complaints or eliminate delays. | Requisition and maintain inventories of materials or supplies necessary to meet production demands."
erp-distribution:warehouse_inventory,43-5071,"Shipping, Receiving, and Inventory Clerks",0.7,"Examine shipment contents and compare with records, such as manifests, invoices, or orders, to verify accuracy. | Record shipment data, such as weight, charges, space availability, damages, or discrepancies, for reporting, accounting, or recordkeeping purposes. | Prepare documents, such as work orders, bills of lading, or shipping orders, to route materials. | Confer or correspond with establishment representatives to rectify problems, such as damages, shortages, or nonconformance to specifications. | Contact carrier representatives to make arrangements or to issue instructions for shipping and delivery of materials."
erp-distribution:warehouse_inventory,53-7065,Stockers and Order Fillers,0.8,"Receive and count stock items, and record data manually or on computer. | Read orders to ascertain catalog numbers, sizes, colors, and quantities of merchandise. | Obtain merchandise from bins or shelves. | Compare merchandise invoices to items actually received to ensure that shipments are correct. | Take inventory or examine merchandise to identify items to be reordered or replenished. | Keep records of out-going orders."
erp-distribution:warehouse_inventory,43-4151,Order Clerks,0.05,Adjust inventory records to reflect product movement. | Direct specified departments or units to prepare and ship orders to designated locations.
erp-distribution:ap_invoice_matching,43-3031,"Bookkeeping, Accounting, and Auditing Clerks",0.35,"Match order forms with invoices, and record the necessary information. | Check figures, postings, and documents for correct entry, mathematical accuracy, and proper codes. | Reconcile or note and report discrepancies found in records. | Code documents according to company procedures. | Operate computers programmed with accounting software to record, store, and analyze information."
erp-distribution:ap_invoice_matching,13-1022,"Wholesale and Retail Buyers, Except Farm Products",0.05,Authorize payment of invoices or return of merchandise.
erp-distribution:ar_credit_collections,43-3011,Bill and Account Collectors,0.8,"Locate and monitor overdue accounts, using computers and a variety of automated systems. | Locate and notify customers of delinquent accounts by mail, telephone, or personal visits to solicit payment. | Receive payments and post amounts paid to customer accounts. | Record information about financial status of customers and status of collection efforts. | Negotiate credit extensions when necessary."
erp-distribution:ar_credit_collections,43-3021,Billing and Posting Clerks,0.5,"Verify accuracy of billing data and revise any errors. | Prepare itemized statements, bills, or invoices and record amounts due for items purchased or services rendered. | Create billing documents, shipping labels, credit memorandums, or credit forms. | Compute credit terms, discounts, shipment charges, or rates for goods or services to complete billing documents. | Resolve discrepancies in accounting records."
erp-distribution:ar_credit_collections,43-3031,"Bookkeeping, Accounting, and Auditing Clerks",0.25,"Receive, record, and bank cash, checks, and vouchers. | Calculate, prepare, and issue bills, invoices, account statements, and other financial statements according to established procedures. | Monitor status of loans and accounts to ensure that payments are up to date."
erp-manufacturing:wf-production-planning,43-5061,"Production, Planning, and Expediting Clerks",0.45,"Distribute production schedules or work orders to departments. | Revise production schedules when required due to design changes, labor or material shortages, backlogs, or other interruptions, collaborating with management, marketing, sales, production, or engineering. | Review documents, such as production schedules, work orders, or staffing tables, to determine personnel or materials requirements or material priorities. | Plan production commitments or timetables for business units, specific programs, or jobs, using sales forecasts."
erp-manufacturing:wf-production-planning,51-1011,First-Line Supervisors of Production and Operating Workers,0.15,"Read and analyze charts, work orders, production schedules, and other records and reports to determine production requirements and to evaluate current production estimates and outputs. | Plan and establish work schedules, assignments, and production sequences to meet production goals."
erp-manufacturing:wf-production-planning,17-2112,Industrial Engineers,0.1,"Regulate and alter workflow schedules according to established manufacturing sequences and lead times to expedite production operations. | Schedule deliveries based on production forecasts, material substitutions, storage and handling facilities, and maintenance requirements."
erp-manufacturing:wf-production-planning,11-3051,Industrial Production Managers,0.1,"Review processing schedules or production orders to make decisions concerning inventory requirements, staffing requirements, work procedures, or duty assignments, considering budgetary limitations and time constraints."
erp-manufacturing:wf-procurement,13-1023,"Purchasing Agents, Except Wholesale, Retail, and Farm Products",0.6,"Prepare purchase orders, solicit bid proposals, and review requisitions for goods and services. | Monitor shipments to ensure that goods come in on time, and resolve problems related to undelivered goods. | Maintain and review computerized or manual records of purchased items, costs, deliveries, product performance, and inventories. | Research and evaluate suppliers, based on price, quality, selection, service, support, availability, reliability, production and distribution capabilities, and the supplier's reputation and history. | Confer with staff, users, and vendors to discuss defective or unacceptable goods or services and determine corrective action."
erp-manufacturing:wf-procurement,43-5061,"Production, Planning, and Expediting Clerks",0.2,"Arrange for delivery, assembly, or distribution of supplies or parts to expedite flow of materials and meet production schedules. | Contact suppliers to verify shipment details. | Requisition and maintain inventories of materials or supplies necessary to meet production demands."
erp-manufacturing:wf-procurement,11-3051,Industrial Production Managers,0.05,Negotiate materials prices with suppliers.
erp-manufacturing:wf-order-to-promise,43-4151,Order Clerks,0.7,"Obtain customers' names, addresses, and billing information, product numbers, and specifications of items to be purchased, and enter this information on order forms. | Review orders for completeness according to reporting procedures and forward incomplete orders for further processing. | Verify customer and order information for correctness, checking it against previously obtained information as necessary. | Check inventory records to determine availability of requested merchandise. | Inform customers by mail or telephone of order information, such as unit prices, shipping dates, and any anticipated delays."
erp-manufacturing:wf-order-to-promise,13-1051,Cost Estimators,0.5,"Analyze blueprints and other documentation to prepare time, cost, materials, and labor estimates. | Collect historical cost data to estimate costs for current or future products. | Review material and labor requirements to decide whether it is more cost-effective to produce or purchase components. | Prepare estimates used by management for purposes such as planning, organizing, and scheduling work."
erp-manufacturing:wf-shop-floor-inventory,43-5071,"Shipping, Receiving, and Inventory Clerks",0.6,"Examine shipment contents and compare with records, such as manifests, invoices, or orders, to verify accuracy. | Record shipment data, such as weight, charges, space availability, damages, or discrepancies, for reporting, accounting, or recordkeeping purposes. | Prepare documents, such as work orders, bills of lading, or shipping orders, to route materials."
erp-manufacturing:wf-shop-floor-inventory,51-1011,First-Line Supervisors of Production and Operating Workers,0.15,"Keep records of employees' attendance and hours worked. | Maintain operations data, such as time, production, and cost records, and prepare management reports of production results. | Requisition materials, supplies, equipment parts, or repair services."
erp-manufacturing:wf-shop-floor-inventory,43-5061,"Production, Planning, and Expediting Clerks",0.15,"Record production data, including volume produced, consumption of raw materials, or quality control measures. | Compile information, such as production rates and progress, materials inventories, materials used, or customer information, so that status reports can be completed."
erp-manufacturing:wf-quality,51-9061,"Inspectors, Testers, Sorters, Samplers, and Weighers",0.35,"Record inspection or test data, such as weights, temperatures, grades, or moisture content, and quantities inspected or graded. | Write test or inspection reports describing results, recommendations, or needed repairs. | Check arriving materials to ensure that they match purchase orders, submitting discrepancy reports as necessary. | Inspect, test, or measure materials, products, installations, or work for conformance to specifications."
erp-manufacturing:wf-quality,11-3051.01,Quality Control Systems Managers,0.4,"Produce reports regarding nonconformance of products or processes, daily production quality, root cause analyses, or quality trends. | Direct the tracking of defects, test results, or other regularly reported quality control data. | Verify that raw materials, purchased parts or components, in-process samples, and finished products meet established testing and inspection standards."
erp-manufacturing:wf-quality,17-2112,Industrial Engineers,0.1,"Implement methods and procedures for disposition of discrepant material and defective or damaged parts, and assess cost and responsibility."
erp-manufacturing:wf-costing-engineering,17-2112,Industrial Engineers,0.25,"Plan and establish sequence of operations to fabricate and assemble parts or products and to promote efficient utilization. | Estimate production costs, cost saving methods, and the effects of product design changes on expenditures for management review, action, and control. | Record or oversee recording of information to ensure currency of engineering drawings and documentation of production problems. | Develop manufacturing methods, labor utilization standards, and cost analysis systems to promote efficient staff and facility utilization."
erp-manufacturing:wf-costing-engineering,13-2011,Accountants and Auditors,0.15,"Develop, maintain, or analyze budgets, preparing periodic reports that compare budgeted costs to actual costs. | Examine inventory to verify journal and ledger entries. | Review accounts for discrepancies and reconcile differences."
erp-manufacturing:wf-costing-engineering,13-1051,Cost Estimators,0.15,"Conduct special studies to develop and establish standard hour and related cost data or to reduce cost. | Assess cost effectiveness of products, projects or services, tracking actual costs relative to bids as the project develops."
erp-manufacturing:wf-costing-engineering,11-3051,Industrial Production Managers,0.1,Initiate or coordinate inventory or cost control programs.
field-service-maintenance:intake_triage,43-4051,Customer Service Representatives,0.4,"Confer with customers by telephone or in person to provide information about products or services, take or enter orders, cancel accounts, or obtain details of complaints. | Keep records of customer interactions or transactions, recording details of inquiries, complaints, or comments, as well as actions taken. | Refer unresolved customer grievances to designated departments for further investigation. | Determine charges for services requested, collect deposits or payments, or arrange for billing."
field-service-maintenance:intake_triage,43-5032,"Dispatchers, Except Police, Fire, and Ambulance",0.3,"Receive or prepare work orders. | Confer with customers or supervising personnel to address questions, problems, or requests for service or equipment. | Record and maintain files or records of customer requests, work or services performed, charges, expenses, inventory, or other dispatch information."
field-service-maintenance:dispatch_scheduling,43-5032,"Dispatchers, Except Police, Fire, and Ambulance",0.5,"Schedule or dispatch workers, work crews, equipment, or service vehicles to appropriate locations, according to customer requests, specifications, or needs, using radios or telephones. | Prepare daily work and run schedules. | Relay work orders, messages, or information to or from work crews, supervisors, or field inspectors, using telephones or two-way radios. | Monitor personnel or equipment locations and utilization to coordinate service and schedules. | Determine types or amounts of equipment, vehicles, materials, or personnel required, according to work orders or specifications."
field-service-maintenance:dispatch_scheduling,49-1011,"First-Line Supervisors of Mechanics, Installers, and Repairers",0.15,"Determine schedules, sequences, and assignments for work activities, based on work priority, quantity of equipment, and skill of personnel. | Monitor employees' work levels and review work performance."
field-service-maintenance:pm_planning,43-5061,"Production, Planning, and Expediting Clerks",0.5,"Distribute production schedules or work orders to departments. | Revise production schedules when required due to design changes, labor or material shortages, backlogs, or other interruptions, collaborating with management, marketing, sales, production, or engineering. | Review documents, such as production schedules, work orders, or staffing tables, to determine personnel or materials requirements or material priorities. | Compile and prepare documentation related to production sequences, transportation, personnel schedules, or purchase, maintenance, or repair orders."
field-service-maintenance:pm_planning,49-1011,"First-Line Supervisors of Mechanics, Installers, and Repairers",0.15,"Develop, implement, or evaluate maintenance policies and procedures. | Examine objects, systems, or facilities and analyze information to determine needed installations, services, or repairs."
field-service-maintenance:pm_planning,11-3013,Facilities Managers,0.2,"Oversee the maintenance and repair of machinery, equipment, and electrical and mechanical systems. | Prepare and review operational reports and schedules to ensure accuracy and efficiency. | Set goals and deadlines for the department."
field-service-maintenance:execution_closeout,49-9071,"Maintenance and Repair Workers, General",0.65,"Inspect, operate, or test machinery or equipment to diagnose machine malfunctions. | Diagnose mechanical problems and determine how to correct them, checking blueprints, repair manuals, or parts catalogs, as necessary. | Repair machines, equipment, or structures, using tools such as hammers, hoists, saws, drills, wrenches, or equipment such as precision measuring instruments or electrical or electronic testing devices. | Perform routine maintenance, such as inspecting drives, motors, or belts, checking fluid levels, replacing filters, or doing other preventive maintenance actions. | Record type and cost of maintenance or repair work."
field-service-maintenance:execution_closeout,49-9041,Industrial Machinery Mechanics,0.7,"Analyze test results, machine error messages, or information obtained from operators to diagnose equipment problems. | Repair or replace broken or malfunctioning components of machinery or equipment. | Record repairs and maintenance performed. | Operate newly repaired machinery or equipment to verify the adequacy of repairs."
field-service-maintenance:execution_closeout,49-9021,"Heating, Air Conditioning, and Refrigeration Mechanics and Installers",0.65,"Discuss heating or cooling system malfunctions with users to isolate problems or to verify that repairs corrected malfunctions. | Repair or replace defective equipment, components, or wiring. | Record and report time, materials, faults, deficiencies, or other unusual occurrences on work orders. | Keep records of repairs and replacements made and causes of malfunctions."
field-service-maintenance:parts_inventory,43-3061,Procurement Clerks,0.4,"Track the status of requisitions, contracts, and orders. | Prepare purchase orders and send copies to suppliers and to departments originating requests. | Determine if inventory quantities are sufficient for needs, ordering more materials when necessary. | Contact suppliers to schedule or expedite deliveries and to resolve shortages, missed or late deliveries, and other problems."
field-service-maintenance:parts_inventory,43-5071,"Shipping, Receiving, and Inventory Clerks",0.3,"Examine shipment contents and compare with records, such as manifests, invoices, or orders, to verify accuracy. | Prepare documents, such as work orders, bills of lading, or shipping orders, to route materials. | Record shipment data, such as weight, charges, space availability, damages, or discrepancies, for reporting, accounting, or recordkeeping purposes."
field-service-maintenance:parts_inventory,49-1011,"First-Line Supervisors of Mechanics, Installers, and Repairers",0.1,"Monitor tool and part inventories and the condition and maintenance of shops to ensure adequate working conditions. | Requisition materials and supplies, such as tools, equipment, or replacement parts."
field-service-maintenance:parts_inventory,49-9071,"Maintenance and Repair Workers, General",0.1,"Order parts, supplies, or equipment from catalogs or suppliers."
field-service-maintenance:asset_records_compliance,49-1011,"First-Line Supervisors of Mechanics, Installers, and Repairers",0.15,"Compile operational or personnel records, such as time and production records, inventory data, repair or maintenance statistics, or test results. | Inspect, test, and measure completed work, using devices such as hand tools or gauges to verify conformance to standards or repair requirements. | Develop or implement electronic maintenance programs or computer information management systems. | Investigate accidents or injuries and prepare reports of findings."
field-service-maintenance:asset_records_compliance,43-5061,"Production, Planning, and Expediting Clerks",0.2,"Maintain files, such as maintenance records, bills of lading, or cost reports. | Examine documents, materials, or products and monitor work processes to assess completeness, accuracy, and conformance to standards and specifications."
field-service-maintenance:asset_records_compliance,11-3013,Facilities Managers,0.15,"Monitor the facility to ensure that it remains safe, secure, and well-maintained."
financial-close-gl:wf_reconciliation,43-3031,"Bookkeeping, Accounting, and Auditing Clerks",0.25,"Reconcile records of bank transactions. | Reconcile or note and report discrepancies found in records. | Compare computer printouts to manually maintained journals to determine if they match. | Check figures, postings, and documents for correct entry, mathematical accuracy, and proper codes."
financial-close-gl:wf_reconciliation,13-2011,Accountants and Auditors,0.15,"Review accounts for discrepancies and reconcile differences. | Inspect cash on hand, notes receivable and payable, negotiable securities, and canceled checks to confirm records are accurate. | Examine inventory to verify journal and ledger entries."
financial-close-gl:wf_journal_entries,13-2011,Accountants and Auditors,0.15,Prepare adjusting journal entries. | Establish tables of accounts and assign entries to proper accounts.
financial-close-gl:wf_journal_entries,43-3031,"Bookkeeping, Accounting, and Auditing Clerks",0.25,"Transfer details from separate journals to general ledgers or data processing sheets. | Debit, credit, and total accounts on computer spreadsheets and databases, using specialized accounting software. | Classify, record, and summarize numerical and financial data to compile and keep financial records, using journals and ledgers or computers. | Prepare trial balances of books."
financial-close-gl:wf_journal_entries,11-3031,Treasurers and Controllers (Financial Managers),0.05,"Determine depreciation rates to apply to capitalized items and advise management on actions regarding the purchase, lease, or disposal of such items."
financial-close-gl:wf_flux_reporting,13-2011,Accountants and Auditors,0.15,"Prepare, examine, or analyze accounting records, financial statements, or other financial reports to assess accuracy, completeness, and conformance to reporting and procedural standards. | Prepare, analyze, or verify annual reports, financial statements, and other records, using accepted accounting and statistical procedures to assess financial condition and facilitate financial planning. | Develop, maintain, or analyze budgets, preparing periodic reports that compare budgeted costs to actual costs. | Report to management regarding the finances of establishment."
financial-close-gl:wf_flux_reporting,11-3031,Treasurers and Controllers (Financial Managers),0.15,"Prepare or direct preparation of financial statements, business activity reports, financial position forecasts, annual budgets, or reports required by regulatory agencies. | Analyze the financial details of past, present, and expected operations to identify development opportunities and areas where improvement is needed. | Advise management on short-term and long-term financial objectives, policies, and actions."
financial-close-gl:wf_flux_reporting,43-3031,"Bookkeeping, Accounting, and Auditing Clerks",0.05,"Compile statistical, financial, accounting, or auditing reports and tables pertaining to such matters as cash receipts, expenditures, accounts payable and receivable, and profits and losses."
financial-close-gl:wf_consolidation,13-2011,Accountants and Auditors,0.08,"Review data about material assets, net worth, liabilities, capital stock, surplus, income, or expenditures. | Prepare, analyze, or verify annual reports, financial statements, and other records, using accepted accounting and statistical procedures to assess financial condition and facilitate financial planning."
financial-close-gl:wf_consolidation,11-3031,Treasurers and Controllers (Financial Managers),0.05,"Monitor and mitigate foreign exchange risks and exposures from rate volatility. | Coordinate and direct the financial planning, budgeting, procurement, or investment activities of all or part of an organization."
financial-close-gl:wf_close_review_audit,11-3031,Treasurers and Controllers (Financial Managers),0.15,"Develop internal control policies, guidelines, and procedures for activities, such as budget administration, cash and credit management, and accounting. | Supervise employees performing financial reporting, accounting, billing, collections, payroll, and budgeting duties. | Conduct or coordinate audits of company accounts and financial transactions to ensure compliance with state and federal requirements and statutes. | Monitor and evaluate the performance of accounting and other financial staff, recommending and implementing personnel actions, such as promotions and dismissals."
financial-close-gl:wf_close_review_audit,13-2011,Accountants and Auditors,0.12,"Collect and analyze data to detect deficient controls, duplicated effort, extravagance, fraud, or non-compliance with laws, regulations, and management policies. | Examine records and interview workers to ensure recording of transactions and compliance with laws and regulations. | Examine and evaluate financial and information systems, recommending controls to ensure system reliability and data integrity. | Confer with company officials about financial and regulatory matters."
financial-close-gl:wf_gl_core,13-2011,Accountants and Auditors,0.05,"Develop, implement, modify, and document recordkeeping and accounting systems, making use of current computer technology. | Inspect account books and accounting systems for efficiency, effectiveness, and use of accepted accounting procedures to record transactions. | Conduct pre-implementation audits to determine if systems and programs under development will work as planned."
financial-close-gl:wf_gl_core,43-3031,"Bookkeeping, Accounting, and Auditing Clerks",0.1,"Operate computers programmed with accounting software to record, store, and analyze information. | Code documents according to company procedures."
financial-close-gl:wf_gl_core,15-1211,Computer Systems Analysts,0.05,"Assess the usefulness of pre-developed application packages and adapt them to a user environment. | Test, maintain, and monitor computer programs and systems, including coordinating the installation of computer programs and systems. | Expand or modify system to serve new purposes or improve work flow. | Coordinate and link the computer systems within an organization to increase compatibility so that information can be shared."
gov-benefits:wf_intake,43-4061,"Eligibility Interviewers, Government Programs",0.25,"Interview and investigate applicants for public assistance to gather information pertinent to their applications. | Compile, record, and evaluate personal and financial data to verify completeness and accuracy, and to determine eligibility status. | Check with employers or other references to verify answers and obtain further information. | Provide applicants with assistance in completing application forms, such as those for job referrals or unemployment compensation claims."
gov-benefits:wf_intake,43-9021,Data Entry Keyers,0.6,"Read source documents such as canceled checks, sales reports, or bills, and enter data in specific data fields or onto tapes or disks for subsequent entry, using keyboards or scanners. | Compare data with source documents, or re-enter data in verification format to detect errors. | Locate and correct data entry errors, or report them to supervisors. | Compile, sort, and verify the accuracy of data before it is entered."
gov-benefits:wf_eligibility,43-4061,"Eligibility Interviewers, Government Programs",0.3,"Compute and authorize amounts of assistance for programs, such as grants, monetary payments, and food stamps. | Initiate procedures to grant, modify, deny, or terminate assistance, or refer applicants to other agencies for assistance. | Schedule benefits claimants for adjudication interviews to address questions of eligibility."
gov-benefits:wf_eligibility,13-1031,"Claims Adjusters, Examiners, and Investigators",0.45,"Pay and process claims within designated authority level. | Verify and analyze data used in settling claims to ensure that claims are valid and that settlements are made according to company practices and procedures. | Enter claim payments, reserves and new claims on computer system, inputting concise yet sufficient file documentation. | Contact or interview claimants, doctors, medical specialists, or employers to get additional information."
gov-benefits:wf_renewals,43-4061,"Eligibility Interviewers, Government Programs",0.2,"Interview benefits recipients at specified intervals to certify their eligibility for continuing benefits. | Monitor the payments of benefits throughout the duration of a claim. | Keep records of assigned cases, and prepare required reports."
gov-benefits:wf_renewals,43-9021,Data Entry Keyers,0.2,"Read source documents such as canceled checks, sales reports, or bills, and enter data in specific data fields or onto tapes or disks for subsequent entry, using keyboards or scanners. | Maintain logs of activities and completed work."
gov-benefits:wf_renewals,43-4051,Customer Service Representatives,0.15,"Contact customers to respond to inquiries or to notify them of claim investigation results or any planned adjustments. | Complete contract forms, prepare change of address records, or issue service discontinuance orders, using computers."
gov-benefits:wf_contact_referral,43-4051,Customer Service Representatives,0.65,"Confer with customers by telephone or in person to provide information about products or services, take or enter orders, cancel accounts, or obtain details of complaints. | Keep records of customer interactions or transactions, recording details of inquiries, complaints, or comments, as well as actions taken. | Refer unresolved customer grievances to designated departments for further investigation. | Check to ensure that appropriate changes were made to resolve customers' problems."
gov-benefits:wf_contact_referral,43-4061,"Eligibility Interviewers, Government Programs",0.1,"Answer applicants' questions about benefits and claim procedures. | Interpret and explain information such as eligibility requirements, application details, payment methods, and applicants' legal rights. | Refer applicants to job openings or to interviews with other staff, in accordance with administrative guidelines or office procedures."
gov-benefits:wf_contact_referral,21-1093,Social and Human Service Assistants,0.35,"Provide information or refer individuals to public or private agencies or community services for assistance. | Advise clients regarding food stamps, child care, food, money management, sanitation, or housekeeping. | Assist clients with preparation of forms, such as tax or rent forms. | Visit individuals in homes or attend group meetings to provide information on agency services, requirements, or procedures."
gov-benefits:wf_integrity,13-1031,"Claims Adjusters, Examiners, and Investigators",0.3,"Report overpayments, underpayments, and other irregularities. | Analyze information gathered by investigation and report findings and recommendations. | Refer questionable claims to investigator or claims adjuster for investigation or settlement. | Collect evidence to support contested claims in court."
gov-benefits:wf_integrity,43-4061,"Eligibility Interviewers, Government Programs",0.1,Investigate claimants for the possibility of fraud or abuse.
gov-benefits:wf_integrity,43-3011,Bill and Account Collectors,0.6,"Arrange for debt repayment or establish repayment schedules, based on customers' financial situations. | Locate and notify customers of delinquent accounts by mail, telephone, or personal visits to solicit payment. | Receive payments and post amounts paid to customer accounts. | Record information about financial status of customers and status of collection efforts."
gov-benefits:wf_integrity,23-1021,"Administrative Law Judges, Adjudicators, and Hearing Officers",0.7,"Conduct hearings to review and decide claims regarding issues, such as social program eligibility, environmental protection, or enforcement of health and safety regulations. | Review and evaluate data on documents, such as claim applications, birth or death certificates, or physician or employer records. | Prepare written opinions and decisions. | Explain to claimants how they can appeal rulings that go against them."
gov-benefits:wf_integrity,13-1041,Compliance Officers,0.3,"Evaluate applications, records, or documents to gather information about eligibility or liability issues. | Identify compliance issues that require follow-up or investigation. | Provide assistance to internal or external auditors in compliance reviews."
gov-benefits:wf_rules_maint,15-1251,Computer Programmers,0.6,"Perform or direct revision, repair, or expansion of existing programs to increase operating efficiency or adapt to new requirements. | Correct errors by making appropriate changes and rechecking the program to ensure that the desired results are produced. | Conduct trial runs of programs and software applications to be sure they will produce the desired information and that the instructions are correct. | Compile and write documentation of program development and subsequent revisions, inserting comments in the coded instructions so others can understand the program."
gov-licensing-permits:intake_completeness,43-4031,"Court, Municipal, and License Clerks",0.35,"Evaluate information on applications to verify completeness and accuracy and to determine whether applicants are qualified to obtain desired licenses. | Code information on license applications for entry into computers. | Question applicants to obtain required information, such as name, address, or age, and record data on prescribed forms."
gov-licensing-permits:intake_completeness,43-9061,"Office Clerks, General",0.2,"Process and prepare documents, such as business or government forms and expense reports. | Maintain and update filing, inventory, mailing, and database systems, either manually or using a computer. | Compile, copy, sort, and file records of office activities, business transactions, and other activities."
gov-licensing-permits:plan_review,47-4011,Construction and Building Inspectors,0.3,"Review and interpret plans, blueprints, site layouts, specifications, or construction methods to ensure compliance to legal requirements and safety regulations. | Approve building plans that meet required specifications. | Issue permits for construction, relocation, demolition, or occupancy."
gov-licensing-permits:plan_review,19-3051,Urban and Regional Planners,0.3,"Recommend approval, denial, or conditional approval of proposals. | Assess the feasibility of land use proposals and identify necessary changes. | Determine the effects of regulatory limitations on land use projects."
gov-licensing-permits:field_inspections,47-4011,Construction and Building Inspectors,0.45,"Inspect and monitor construction sites to ensure adherence to safety standards, building codes, or specifications. | Monitor installation of plumbing, wiring, equipment, or appliances to ensure that installation is performed properly and is in compliance with applicable regulations. | Maintain daily logs and supplement inspection records with photographs. | Conduct inspections, using survey instruments, metering devices, tape measures, or test equipment."
gov-licensing-permits:code_enforcement,13-1041,Compliance Officers,0.3,"Warn violators of infractions or penalties. | Report law or regulation violations to appropriate boards or agencies. | Identify compliance issues that require follow-up or investigation. | Prepare reports of activities, evaluations, recommendations, or decisions."
gov-licensing-permits:code_enforcement,47-4011,Construction and Building Inspectors,0.1,"Confer with owners, violators, or authorities to explain regulations or recommend remedial actions."
gov-licensing-permits:licensing_renewals_fees,13-1041,Compliance Officers,0.4,"Issue licenses to individuals meeting standards. | Collect fees for licenses. | Evaluate applications, records, or documents to gather information about eligibility or liability issues. | Prepare correspondence to inform concerned parties of licensing decisions or appeals processes."
gov-licensing-permits:licensing_renewals_fees,43-4031,"Court, Municipal, and License Clerks",0.25,"Issue various permits and licenses, such as marriage, fishing, hunting, and dog licenses, and collect appropriate fees. | Perform record checks on past or current licensees, as required by investigations. | Record and maintain all vital and fiscal records and accounts."
gov-licensing-permits:applicant_inquiries,43-4031,"Court, Municipal, and License Clerks",0.2,"Answer questions or provide advice to the public regarding licensing policies, procedures, or regulations. | Respond to requests for information from the public, other municipalities, state officials, or state and federal legislative offices."
gov-licensing-permits:applicant_inquiries,13-1041,Compliance Officers,0.15,"Advise licensees or other individuals or groups concerning licensing, permit, or passport regulations. | Confer with or interview officials, technical or professional specialists, or applicants to obtain information or to clarify facts relevant to licensing decisions."
gov-licensing-permits:applicant_inquiries,19-3051,Urban and Regional Planners,0.1,Respond to public inquiries and complaints.
gov-licensing-permits:applicant_inquiries,43-4051,Customer Service Representatives,0.3,"Confer with customers by telephone or in person to provide information about products or services, take or enter orders, cancel accounts, or obtain details of complaints. | Keep records of customer interactions or transactions, recording details of inquiries, complaints, or comments, as well as actions taken."
gov-tax:returns-intake,43-9021,Data Entry Keyers,0.75,"Read source documents such as canceled checks, sales reports, or bills, and enter data in specific data fields or onto tapes or disks for subsequent entry, using keyboards or scanners. | Compile, sort, and verify the accuracy of data before it is entered. | Compare data with source documents, or re-enter data in verification format to detect errors. | Locate and correct data entry errors, or report them to supervisors. | Store completed documents in appropriate locations."
gov-tax:returns-intake,43-9061,"Office Clerks, General",0.3,"Open, sort, and route incoming mail, answer correspondence, and prepare outgoing mail. | Operate office machines, such as photocopiers and scanners, facsimile machines, voice mail systems, and personal computers. | Compile, copy, sort, and file records of office activities, business transactions, and other activities."
gov-tax:returns-intake,13-2081,"Tax Examiners and Collectors, and Revenue Agents",0.05,Enter tax return information into computers for processing.
gov-tax:return-validation-adjustments,13-2081,"Tax Examiners and Collectors, and Revenue Agents",0.25,"Check tax forms to verify that names and taxpayer identification numbers are correct, that computations have been performed correctly, or that amounts match those on supporting documentation. | Contact taxpayers by mail or telephone to address discrepancies and to request supporting documentation. | Notify taxpayers of any overpayment or underpayment, and either issue a refund or request further payment. | Review filed tax returns to determine whether claimed tax credits and deductions are allowed by law. | Maintain records for each case, including contacts, telephone numbers, and actions taken. | Participate in informal appeals hearings on contested cases from other agents."
gov-tax:return-validation-adjustments,43-9021,Data Entry Keyers,0.15,"Locate and correct data entry errors, or report them to supervisors. | Compare data with source documents, or re-enter data in verification format to detect errors."
gov-tax:taxpayer-service,43-4051,Customer Service Representatives,0.7,"Confer with customers by telephone or in person to provide information about products or services, take or enter orders, cancel accounts, or obtain details of complaints. | Keep records of customer interactions or transactions, recording details of inquiries, complaints, or comments, as well as actions taken. | Contact customers to respond to inquiries or to notify them of claim investigation results or any planned adjustments. | Refer unresolved customer grievances to designated departments for further investigation. | Complete contract forms, prepare change of address records, or issue service discontinuance orders, using computers."
gov-tax:taxpayer-service,13-2081,"Tax Examiners and Collectors, and Revenue Agents",0.1,"Answer questions from taxpayers and assist them in completing tax forms. | Confer with taxpayers or their representatives to discuss the issues, laws, and regulations involved in returns, and to resolve problems with returns."
gov-tax:audit-compliance-fraud,13-2081,"Tax Examiners and Collectors, and Revenue Agents",0.35,"Review selected tax returns to determine the nature and extent of audits to be performed on them. | Examine accounting systems and records to determine whether accounting methods used were appropriate and in compliance with statutory provisions. | Secure a taxpayer's agreement to discharge a tax assessment or submit contested determinations to other administrative or judicial conferees for appeals hearings. | Prepare briefs and assist in searching and seizing records to prepare charges and documentation for court cases. | Maintain knowledge of tax code changes, and of accounting procedures and theory to properly evaluate financial information."
gov-tax:audit-compliance-fraud,13-2011,Accountants and Auditors,0.4,"Review taxpayer accounts, and conduct audits on-site, by correspondence, or by summoning taxpayer to office. | Evaluate taxpayer finances to determine tax liability, using knowledge of interest and discount rates, annuities, valuation of stocks and bonds, and amortization valuation of depletable assets. | Prepare detailed reports on audit findings. | Collect and analyze data to detect deficient controls, duplicated effort, extravagance, fraud, or non-compliance with laws, regulations, and management policies."
gov-tax:audit-compliance-fraud,13-2099,"Fraud Examiners, Investigators and Analysts (O*NET 13-2099.04)",0.6,"Review reports of suspected fraud to determine need for further investigation. | Analyze financial data to detect irregularities in areas such as billing trends, financial relationships, and regulatory compliance procedures. | Create and maintain logs, records, or databases of information about fraudulent activity. | Design, implement, or maintain fraud detection tools or procedures. | Recommend actions in fraud cases."
gov-tax:payments-collections,43-3031,"Bookkeeping, Accounting, and Auditing Clerks",0.5,"Receive, record, and bank cash, checks, and vouchers. | Check figures, postings, and documents for correct entry, mathematical accuracy, and proper codes. | Reconcile or note and report discrepancies found in records. | Reconcile records of bank transactions. | Debit, credit, and total accounts on computer spreadsheets and databases, using specialized accounting software."
gov-tax:payments-collections,43-3011,Bill and Account Collectors,0.7,"Locate and monitor overdue accounts, using computers and a variety of automated systems. | Locate and notify customers of delinquent accounts by mail, telephone, or personal visits to solicit payment. | Arrange for debt repayment or establish repayment schedules, based on customers' financial situations. | Record information about financial status of customers and status of collection efforts. | Receive payments and post amounts paid to customer accounts."
gov-tax:payments-collections,13-2081,"Tax Examiners and Collectors, and Revenue Agents",0.25,"Send notices to taxpayers when accounts are delinquent. | Collect taxes from individuals or businesses according to prescribed laws and regulations. | Determine appropriate methods of debt settlement, such as offers of compromise, wage garnishment, or seizure and sale of property. | Impose payment deadlines on delinquent taxpayers and monitor payments to ensure that deadlines are met. | Direct service of legal documents, such as subpoenas, warrants, notices of assessment, and garnishments. | Investigate claims of inability to pay taxes by researching court information for the status of liens, mortgages, or financial statements, or by locating assets through third parties."
gov-tax:property-assessment,13-2023,Appraisers and Assessors of Real Estate,0.7,"Inspect properties, considering factors such as market value, location, and building or replacement costs to determine appraisal value. | Review information about transfers of property to ensure its accuracy, checking basic information on buyers, sellers, and sales prices and making corrections as necessary. | Prepare and maintain current data on each parcel assessed, including maps of boundaries, inventories of land and structures, property characteristics, and any applicable exemptions. | Identify the ownership of each piece of taxable property. | Conduct regular reviews of property within jurisdictions to determine changes in property due to construction or demolition. | Calculate tax bills for properties by multiplying assessed values by jurisdiction tax rates. | Explain assessed values to property owners and defend appealed assessments at public hearings."
insurance-claims:fnol_intake,43-9041,Insurance Claims and Policy Processing Clerks,0.35,"Prepare insurance claim forms or related documents, and review them for completeness. | Interview clients and take their calls to provide customer service and obtain information on claims. | Enter insurance- and claims-related information into database systems. | Process and record new insurance policies and claims."
insurance-claims:fnol_intake,43-4051,Customer Service Representatives,0.25,"Confer with customers by telephone or in person to provide information about products or services, take or enter orders, cancel accounts, or obtain details of complaints. | Keep records of customer interactions or transactions, recording details of inquiries, complaints, or comments, as well as actions taken. | Review insurance policy terms to determine whether a particular loss is covered by insurance."
insurance-claims:coverage_investigation,13-1031,"Claims Adjusters, Examiners, and Investigators",0.3,"Examine claims forms and other records to determine insurance coverage. | Interview or correspond with claimants, witnesses, police, physicians, or other relevant parties to determine claim settlement, denial, or review. | Review police reports, medical treatment records, medical bills, or physical property damage to determine the extent of liability. | Analyze information gathered by investigation and report findings and recommendations."
insurance-claims:coverage_investigation,43-9041,Insurance Claims and Policy Processing Clerks,0.1,Review insurance policy to determine coverage. | Contact insured or other involved persons to obtain missing information.
insurance-claims:damage_appraisal_estimating,13-1032,"Insurance Appraisers, Auto Damage",0.75,"Examine damaged vehicle to determine extent of structural, body, mechanical, electrical, or interior damage. | Estimate parts and labor to repair damage, using standard automotive labor and parts cost manuals and knowledge of automotive repair. | Evaluate practicality of repair as opposed to payment of market value of vehicle before accident. | Review repair cost estimates with automobile repair shop to secure agreement on cost of repairs. | Prepare insurance forms to indicate repair cost estimates and recommendations. | Determine salvage value on total-loss vehicle."
insurance-claims:damage_appraisal_estimating,13-1031,"Claims Adjusters, Examiners, and Investigators",0.1,Investigate and assess damage to property and create or review property damage estimates.
insurance-claims:reserve_settlement_payment,13-1031,"Claims Adjusters, Examiners, and Investigators",0.25,"Adjust reserves or provide reserve recommendations to ensure that reserve activities are consistent with corporate policies. | Enter claim payments, reserves and new claims on computer system, inputting concise yet sufficient file documentation. | Pay and process claims within designated authority level. | Negotiate claim settlements or recommend litigation when settlement cannot be negotiated. | Investigate, evaluate, and settle claims, applying technical knowledge and human relations skills to effect fair and prompt disposal of cases and to contribute to a reduced loss ratio."
insurance-claims:reserve_settlement_payment,43-9041,Insurance Claims and Policy Processing Clerks,0.2,"Calculate amount of claim. | Transmit claims for payment or further investigation. | Pay small claims. | Modify, update, or process existing policies and claims to reflect any change in beneficiary, amount of coverage, or type of insurance."
insurance-claims:claim_file_documents,43-9041,Insurance Claims and Policy Processing Clerks,0.25,"Post or attach information to claim file. | Organize or work with detailed office or warehouse records, using computers to enter, access, search or retrieve data. | Transcribe data to worksheets, and enter data into computer for use in preparing documents and adjusting accounts. | Correspond with insured or agent to obtain information or to inform them of account status or changes."
insurance-claims:claim_file_documents,13-1031,"Claims Adjusters, Examiners, and Investigators",0.1,"Maintain claim files, such as records of settled claims and an inventory of claims requiring detailed analysis. | Conduct detailed bill reviews to implement sound litigation management and expense control. | Prepare reports to be submitted to company's data processing department."
insurance-claims:fraud_recovery_litigation,13-1031,"Claims Adjusters, Examiners, and Investigators",0.15,"Refer questionable claims to investigator or claims adjuster for investigation or settlement. | Report overpayments, underpayments, and other irregularities. | Confer with legal counsel on claims requiring litigation. | Collect evidence to support contested claims in court. | Attend mediations or trials."
insurance-claims:fraud_recovery_litigation,23-2011,Paralegals and Legal Assistants,0.4,"Request, review, and summarize relevant records for the cases. | Prepare for trial by performing tasks such as organizing exhibits. | Prepare affidavits or other documents, such as legal correspondence, and organize and maintain documents in paper or electronic filing system. | Investigate facts and law of cases and search pertinent sources, such as public records and internet sources, to determine causes of action and to prepare cases."
insurance-policy-admin:wf-new-business,43-9041,Insurance Claims and Policy Processing Clerks,0.35,"Process and record new insurance policies and claims. | Review and verify data, such as age, name, address, and principal sum and value of property, on insurance applications and policies. | Enter insurance- and claims-related information into database systems. | Transcribe data to worksheets, and enter data into computer for use in preparing documents and adjusting accounts. | Collect initial premiums and issue receipts."
insurance-policy-admin:wf-new-business,41-3021,Insurance Sales Agents,0.15,"Contact underwriter and submit forms to obtain binder coverage. | Ensure that policy requirements are fulfilled, including any necessary medical examinations and the completion of appropriate forms. | Calculate premiums and establish payment method."
insurance-policy-admin:wf-underwriting,13-2053,Insurance Underwriters,0.6,"Examine documents to determine degree of risk from factors such as applicant health, financial standing and value, and condition of property. | Decline excessive risks. | Write to field representatives, medical personnel, or others to obtain further information, quote rates, or explain company underwriting policies. | Review company records to determine amount of insurance in force on single risk or group of closely related risks. | Decrease value of policy when risk is substandard and specify applicable endorsements or apply rating to ensure safe, profitable distribution of risks, using reference materials. | Authorize reinsurance of policy when risk is high."
insurance-policy-admin:wf-policy-servicing,43-9041,Insurance Claims and Policy Processing Clerks,0.35,"Modify, update, or process existing policies and claims to reflect any change in beneficiary, amount of coverage, or type of insurance. | Examine letters from policyholders or agents, original insurance applications, and other company documents to determine if changes are needed and effects of changes. | Compare information from application to criteria for policy reinstatement, and approve reinstatement when criteria are met. | Notify insurance agent and accounting department of policy cancellation. | Obtain computer printout of policy cancellations, or retrieve cancellation cards from file."
insurance-policy-admin:wf-policy-servicing,41-3021,Insurance Sales Agents,0.1,"Perform administrative tasks, such as maintaining records and handling policy renewals. | Call on policyholders to deliver and explain policy, to analyze insurance program and suggest additions or changes, or to change beneficiaries."
insurance-policy-admin:wf-service-inquiries,43-4051,Customer Service Representatives,0.5,"Confer with customers by telephone or in person to provide information about products or services, take or enter orders, cancel accounts, or obtain details of complaints. | Keep records of customer interactions or transactions, recording details of inquiries, complaints, or comments, as well as actions taken. | Complete contract forms, prepare change of address records, or issue service discontinuance orders, using computers. | Review insurance policy terms to determine whether a particular loss is covered by insurance. | Refer unresolved customer grievances to designated departments for further investigation."
insurance-policy-admin:wf-service-inquiries,43-9041,Insurance Claims and Policy Processing Clerks,0.1,"Correspond with insured or agent to obtain information or to inform them of account status or changes. | Provide customer service, such as limited instructions on proceeding with claims or referrals to auto repair facilities or local contractors."
insurance-policy-admin:wf-service-inquiries,13-2053,Insurance Underwriters,0.05,Answer agents' questions about insurance coverage.
insurance-policy-admin:wf-billing-commissions,43-3021,Billing and Posting Clerks,0.5,"Verify accuracy of billing data and revise any errors. | Prepare itemized statements, bills, or invoices and record amounts due for items purchased or services rendered. | Resolve discrepancies in accounting records. | Contact customers to obtain or relay account information. | Consult sources, such as rate books, manuals, or insurance company representatives, to determine specific charges or information such as rules, regulations, or government tax and tariff information."
insurance-policy-admin:wf-billing-commissions,43-9041,Insurance Claims and Policy Processing Clerks,0.1,"Calculate premiums, refunds, commissions, adjustments, or new reserve requirements, using insurance rate standards."
insurance-policy-admin:wf-product-config-reporting,15-1251,Computer Programmers,0.3,"Perform or direct revision, repair, or expansion of existing programs to increase operating efficiency or adapt to new requirements. | Correct errors by making appropriate changes and rechecking the program to ensure that the desired results are produced. | Conduct trial runs of programs and software applications to be sure they will produce the desired information and that the instructions are correct. | Write, update, and maintain computer programs or software packages to handle specific jobs such as tracking inventory, storing or retrieving data, or controlling other equipment."
insurance-policy-admin:wf-product-config-reporting,15-2011,Actuaries,0.2,"Analyze data to determine premium rates required and cash reserves and liabilities necessary to ensure payment of future benefits. | Determine policy contract provisions for each type of insurance. | Collaborate with programmers, underwriters, accounts, claims experts, and senior management to help companies develop plans for new lines of business or improvements to existing business. | Develop and maintain projection models."
lab-information:accessioning-order-entry,31-9097,Phlebotomists,0.3,"Match laboratory requisition forms to specimen tubes. | Enter patient, specimen, insurance, or billing information into computer. | Confirm the identities of patients by verifying their personal information. | Document route of specimens from collection to laboratory analysis and diagnosis."
lab-information:accessioning-order-entry,43-9021,Data Entry Keyers,0.6,"Read source documents such as canceled checks, sales reports, or bills, and enter data in specific data fields or onto tapes or disks for subsequent entry, using keyboards or scanners. | Compile, sort, and verify the accuracy of data before it is entered. | Compare data with source documents, or re-enter data in verification format to detect errors. | Locate and correct data entry errors, or report them to supervisors."
lab-information:accessioning-order-entry,29-2011,Cytotechnologists,0.1,Document specimens by verifying patients' and specimens' information.
lab-information:result-verification-release,29-2011,Medical and Clinical Laboratory Technologists,0.3,"Analyze laboratory findings to check the accuracy of the results. | Enter data from analysis of medical tests or clinical results into computer for storage. | Provide technical information about test results to physicians, family members, or researchers. | Cultivate, isolate, or assist in identifying microbial organisms or perform various tests on these microorganisms."
lab-information:result-verification-release,29-2012,Medical and Clinical Laboratory Technicians,0.25,"Conduct chemical analyses of body fluids, such as blood or urine, using microscope or automatic analyzer to detect abnormalities or diseases and enter findings into computer. | Analyze and record test data to issue reports that use charts, graphs, or narratives. | Analyze the results of tests or experiments to ensure conformity to specifications, using special mechanical or electrical devices."
lab-information:qc-instrument-management,29-2011,Medical and Clinical Laboratory Technologists,0.15,"Establish or monitor quality assurance programs or activities to ensure the accuracy of laboratory results. | Operate, calibrate, or maintain equipment used in quantitative or qualitative analysis, such as spectrophotometers, calorimeters, flame photometers, or computer-controlled analyzers. | Set up, clean, and maintain laboratory equipment."
lab-information:qc-instrument-management,29-2012,Medical and Clinical Laboratory Technicians,0.2,"Perform quality control analyses to ensure accuracy of test results. | Set up, maintain, calibrate, clean, and test sterility of medical laboratory equipment."
lab-information:qc-instrument-management,29-2011,Histotechnologists,0.1,"Compile and maintain records of preventive maintenance and instrument performance checks according to schedule and regulations. | Resolve problems with laboratory equipment and instruments, such as microscopes, mass spectrometers, microtomes, immunostainers, tissue processors, embedding centers, and water baths."
lab-information:ap-case-reporting,29-1222,"Physicians, Pathologists",0.45,"Write pathology reports summarizing analyses, results, and conclusions. | Examine microscopic samples to identify diseases or other abnormalities. | Communicate pathologic findings to surgeons or other physicians."
lab-information:ap-case-reporting,29-2011,Histotechnologists,0.25,"Compile materials for distribution to pathologists, such as surgical working drafts, requisitions, and slides. | Examine slides under microscopes to ensure tissue preparation meets laboratory requirements."
lab-information:ap-case-reporting,29-2011,Cytotechnologists,0.3,Submit slides with abnormal cell structures to pathologists for further examination. | Provide patient clinical data or microscopic findings to assist pathologists in the preparation of pathology reports.
lab-information:ap-case-reporting,43-6013,Medical Secretaries and Administrative Assistants,0.3,"Transcribe recorded messages or practitioners' diagnoses or recommendations into patients' medical records. | Receive and route messages or documents, such as laboratory results, to appropriate staff."
lab-information:sendouts-coding-billing,43-3021,Billing and Posting Clerks,0.5,"Verify accuracy of billing data and revise any errors. | Review documents, such as purchase orders, sales tickets, charge slips, or hospital records, to compute fees or charges due. | Consult sources, such as rate books, manuals, or insurance company representatives, to determine specific charges or information such as rules, regulations, or government tax and tariff information."
lab-information:sendouts-coding-billing,29-2072,Medical Records Specialists,0.15,"Identify, compile, abstract, and code patient data, using standard classification systems. | Review records for completeness, accuracy, and compliance with regulations. | Enter data, such as demographic characteristics, history and extent of disease, diagnostic procedures, or treatment into computer."
lab-information:lis-admin-validation-compliance,15-1211,Computer Systems Analysts,0.4,"Coordinate and link the computer systems within an organization to increase compatibility so that information can be shared. | Test, maintain, and monitor computer programs and systems, including coordinating the installation of computer programs and systems. | Troubleshoot program and system malfunctions to restore normal functioning. | Expand or modify system to serve new purposes or improve work flow. | Train staff and users to work with computer systems and programs."
lab-information:lis-admin-validation-compliance,11-9111,Medical and Health Services Managers,0.15,"Develop and maintain computerized record management systems to store and process data, such as personnel activities and information, and to produce reports. | Prepare activity reports to inform management of the status and implementation plans of programs, services, and quality initiatives. | Manage change in integrated health care delivery systems, such as work restructuring, technological innovations, and shifts in the focus of care."
lab-information:lis-admin-validation-compliance,29-2011,Medical and Clinical Laboratory Technologists,0.05,"Develop, standardize, evaluate, or modify procedures, techniques, or tests used in the analysis of specimens or in medical laboratory experiments."
land-registry:intake-indexing,43-4031,"Court, Municipal, and License Clerks",0.35,"Plan or direct the maintenance, filing, safekeeping, or computerization of all municipal documents. | Code information on license applications for entry into computers. | Record and maintain all vital and fiscal records and accounts. | Perform administrative tasks, such as answering telephone calls, filing court documents, or maintaining office supplies or equipment."
land-registry:intake-indexing,43-9021,Data Entry Keyers,0.5,"Read source documents such as canceled checks, sales reports, or bills, and enter data in specific data fields or onto tapes or disks for subsequent entry, using keyboards or scanners. | Compare data with source documents, or re-enter data in verification format to detect errors. | Locate and correct data entry errors, or report them to supervisors. | Compile, sort, and verify the accuracy of data before it is entered."
land-registry:intake-indexing,43-4071,File Clerks,0.2,"Assign and record or stamp identification numbers or codes to index materials for filing. | Input data, such as file numbers, new or updated information, or document information codes into computer systems to support document and information retrieval. | Complete general financial activities, such as processing accounts payable, reviewing invoices, collecting cash payments, or issuing receipts."
land-registry:examination-registration,23-2093,"Title Examiners, Abstractors, and Searchers",0.4,"Verify accuracy and completeness of land-related documents accepted for registration, preparing rejection notices when documents are not acceptable. | Determine whether land-related documents can be registered under the relevant legislation, such as the Land Titles Act. | Enter into record-keeping systems appropriate data needed to create new title records or to update existing ones. | Assess fees related to registration of property-related documents. | Confer with realtors, lending institution personnel, buyers, sellers, contractors, surveyors, and courthouse personnel to exchange title-related information or to resolve problems."
land-registry:examination-registration,43-4031,"Court, Municipal, and License Clerks",0.25,"Evaluate information on applications to verify completeness and accuracy and to determine whether applicants are qualified to obtain desired licenses. | Verify the authenticity of documents, such as foreign identification or immigration documents. | Coordinate or maintain office tracking systems for correspondence or follow-up actions."
land-registry:title-search-copies,23-2093,"Title Examiners, Abstractors, and Searchers",0.4,"Examine documentation such as mortgages, liens, judgments, easements, plat books, maps, contracts, and agreements to verify factors such as properties' legal descriptions, ownership, or restrictions. | Prepare lists of all legal instruments applying to a specific piece of land and the buildings on it. | Prepare reports describing any title encumbrances encountered during searching activities and outlining actions needed to clear titles. | Read search requests to ascertain types of title evidence required and to obtain descriptions of properties and names of involved parties. | Copy or summarize recorded documents, such as mortgages, trust deeds, and contracts, that affect property titles."
land-registry:title-search-copies,43-4071,File Clerks,0.35,"Find, retrieve, and make copies of information from files in response to requests and deliver information to authorized users. | Retrieve documents stored in microfilm or microfiche and place them in viewers for reading. | Track materials removed from files to ensure that borrowed files are returned."
land-registry:title-search-copies,43-4031,"Court, Municipal, and License Clerks",0.15,"Research information in the municipal archives upon request of public officials or private citizens. | Respond to requests for information from the public, other municipalities, state officials, or state and federal legislative offices."
land-registry:cadastral-mapping,17-3031,Surveying and Mapping Technicians,0.6,"Enter Global Positioning System (GPS) data, legal deeds, field notes, or land survey reports into geographic information system (GIS) workstations so that information can be transformed into graphic land descriptions, such as maps and drawings. | Research and combine existing property information to describe property boundaries in relation to adjacent properties, taking into account parcel splits, combinations, or land boundary adjustments. | Operate and manage land-information computer systems, performing tasks such as storing data, making inquiries, and producing plots and reports. | Check all layers of maps to ensure accuracy, identifying and marking errors and making corrections. | Write boundary or easement legal descriptions."
land-registry:cadastral-mapping,17-1022,Surveyors,0.3,"Direct or conduct surveys to establish legal boundaries for properties, based on legal deeds and titles. | Search legal records, survey records, and land titles to obtain information about property boundaries in areas to be surveyed. | Write descriptions of property boundary surveys for use in deeds, leases, or other legal documents. | Verify the accuracy of survey data, including measurements and calculations conducted at survey sites."
land-registry:cadastral-mapping,17-1021,Cartographers and Photogrammetrists,0.4,"Study legal records to establish boundaries of local, national, and international properties. | Revise existing maps and charts, making all necessary corrections and adjustments. | Compile data required for map preparation, including aerial photographs, survey notes, records, reports, and original maps."
land-registry:backfile-digitization,43-4071,File Clerks,0.3,"Scan or read incoming materials to determine how and where they should be classified or filed. | Sort or classify information according to guidelines, such as content, purpose, user criteria, or chronological, alphabetical, or numerical order. | Perform periodic inspections of materials or files to ensure correct placement, legibility, or proper condition. | Eliminate outdated or unnecessary materials, destroying them or transferring them to inactive storage, according to file maintenance guidelines or legal requirements."
land-registry:backfile-digitization,43-9021,Data Entry Keyers,0.35,"Read source documents such as canceled checks, sales reports, or bills, and enter data in specific data fields or onto tapes or disks for subsequent entry, using keyboards or scanners. | Store completed documents in appropriate locations. | Maintain logs of activities and completed work."
land-registry:ownership-sync-assessor,13-2023,Appraisers and Assessors of Real Estate,0.15,"Review information about transfers of property to ensure its accuracy, checking basic information on buyers, sellers, and sales prices and making corrections as necessary. | Identify the ownership of each piece of taxable property. | Verify legal descriptions of properties by comparing them to county records. | Prepare and maintain current data on each parcel assessed, including maps of boundaries, inventories of land and structures, property characteristics, and any applicable exemptions."
land-registry:ownership-sync-assessor,43-4031,"Court, Municipal, and License Clerks",0.05,"Respond to requests for information from the public, other municipalities, state officials, or state and federal legislative offices. | Record and maintain all vital and fiscal records and accounts."
loan-origination-servicing:wf_intake,13-2072,Loan Officers,0.4,"Meet with applicants to obtain information for loan applications and to answer questions about the process. | Explain to customers the different types of loans and credit options that are available, as well as the terms of those services. | Obtain and compile copies of loan applicants' credit histories, corporate financial statements, and other financial information. | Contact applicants or creditors to resolve questions about applications or to assist with completion of paperwork."
loan-origination-servicing:wf_intake,43-4131,Loan Interviewers and Clerks,0.2,"Interview loan applicants to obtain personal and financial data and to assist in completing applications. | Answer questions and advise customers regarding loans and transactions. | Contact customers by mail, telephone, or in person concerning acceptance or rejection of applications. | Present loan and repayment schedules to customers."
loan-origination-servicing:wf_underwrite,13-2041,Credit Analysts,0.65,"Analyze credit data and financial statements to determine the degree of risk involved in extending credit or lending money. | Complete loan applications, including credit analyses and summaries of loan requests, and submit to loan committees for approval. | Generate financial ratios, using computer programs, to evaluate customers' financial status. | Prepare reports that include the degree of risk involved in extending credit or lending money."
loan-origination-servicing:wf_underwrite,13-2072,Loan Officers,0.3,"Analyze applicants' financial status, credit, and property evaluations to determine feasibility of granting loans. | Approve loans within specified limits, and refer loan applications outside those limits to management for approval. | Submit applications to credit analysts for verification and recommendation. | Confer with underwriters to resolve mortgage application problems."
loan-origination-servicing:wf_underwrite,43-4131,Loan Interviewers and Clerks,0.3,"Contact credit bureaus, employers, and other sources to check applicants' credit and personal references. | Submit loan applications with recommendation for underwriting approval. | Check value of customer collateral to be held as loan security. | Verify and examine information and accuracy of loan application and closing documents."
loan-origination-servicing:wf_close_board,43-4131,Loan Interviewers and Clerks,0.3,"Prepare and type loan applications, closing documents, legal documents, letters, forms, government notices, and checks, using computers. | Assemble and compile documents for loan closings, such as title abstracts, insurance forms, loan forms, and tax receipts. | Schedule and conduct closings of mortgage transactions. | Record applications for loan and credit, loan information, and disbursements of funds, using computers. | File and maintain loan records."
loan-origination-servicing:wf_close_board,23-2093,"Title Examiners, Abstractors, and Searchers",0.4,"Retrieve and examine real estate closing files for accuracy and to ensure that information included is recorded and executed according to regulations. | Prepare real estate closing statements, using knowledge and expertise in real estate procedures. | Confer with realtors, lending institution personnel, buyers, sellers, contractors, surveyors, and courthouse personnel to exchange title-related information or to resolve problems."
loan-origination-servicing:wf_close_board,13-2072,Loan Officers,0.05,Review loan agreements to ensure that they are complete and accurate according to policy. | Review and update credit and loan files.
loan-origination-servicing:wf_payments_escrow,43-3031,"Bookkeeping, Accounting, and Auditing Clerks",0.5,"Receive, record, and bank cash, checks, and vouchers. | Reconcile or note and report discrepancies found in records. | Calculate and prepare checks for utilities, taxes, and other payments. | Monitor status of loans and accounts to ensure that payments are up to date. | Reconcile records of bank transactions."
loan-origination-servicing:wf_payments_escrow,43-4131,Loan Interviewers and Clerks,0.15,"Accept payment on accounts. | Calculate, review, and correct errors on interest, principal, payment, and closing costs, using computers or calculators. | Order property insurance or mortgage insurance policies to ensure protection against loss on mortgaged property. | Review customer accounts to determine whether payments are made on time and that other loan terms are being followed."
loan-origination-servicing:wf_customer_service,43-4051,Customer Service Representatives,0.6,"Confer with customers by telephone or in person to provide information about products or services, take or enter orders, cancel accounts, or obtain details of complaints. | Keep records of customer interactions or transactions, recording details of inquiries, complaints, or comments, as well as actions taken. | Determine charges for services requested, collect deposits or payments, or arrange for billing. | Complete contract forms, prepare change of address records, or issue service discontinuance orders, using computers. | Refer unresolved customer grievances to designated departments for further investigation."
loan-origination-servicing:wf_collections,43-3011,Bill and Account Collectors,0.75,"Locate and notify customers of delinquent accounts by mail, telephone, or personal visits to solicit payment. | Arrange for debt repayment or establish repayment schedules, based on customers' financial situations. | Confer with customers by telephone or in person to determine reasons for overdue payments and to review the terms of sales, service, or credit contracts. | Record information about financial status of customers and status of collection efforts. | Notify credit departments, order merchandise repossession or service disconnection, and turn over account records to attorneys when customers fail to respond to collection attempts."
loan-origination-servicing:wf_collections,13-2072,Loan Officers,0.1,"Contact borrowers with delinquent accounts to obtain payment in full or to negotiate repayment plans. | Prepare reports to send to customers whose accounts are delinquent, and forward irreconcilable accounts for collector action. | Review accounts to determine write-offs for collection agencies."
loan-origination-servicing:wf_collections,13-2041,Credit Analysts,0.1,"Review individual or commercial customer files to identify and select delinquent accounts for collection. | Evaluate customer records and recommend payment plans, based on earnings, savings data, payment history, and purchase activity."
mainframe-cobol-general:batch-operations,15-1244,Network and Computer Systems Administrators,0.25,"Operate master consoles to monitor the performance of computer systems and networks and to coordinate computer network access and use. | Perform routine network startup and shutdown procedures, and maintain control records. | Perform data backups and disaster recovery operations. | Diagnose, troubleshoot, and resolve hardware, software, or other network and system problems, and replace defective components when necessary."
mainframe-cobol-general:batch-operations,15-1232,Computer User Support Specialists,0.2,"Oversee the daily performance of computer systems. | Enter commands and observe system functioning to verify correct operations and detect errors. | Maintain records of daily data communication transactions, problems and remedial actions taken, or installation activities. | Refer major hardware or software problems or defective products to vendors or technicians for service."
mainframe-cobol-general:greenscreen-data-entry,43-9021,Data Entry Keyers,0.6,"Read source documents such as canceled checks, sales reports, or bills, and enter data in specific data fields or onto tapes or disks for subsequent entry, using keyboards or scanners. | Compare data with source documents, or re-enter data in verification format to detect errors. | Locate and correct data entry errors, or report them to supervisors. | Compile, sort, and verify the accuracy of data before it is entered."
mainframe-cobol-general:greenscreen-data-entry,43-9041,Insurance Claims and Policy Processing Clerks,0.35,"Transcribe data to worksheets, and enter data into computer for use in preparing documents and adjusting accounts. | Organize or work with detailed office or warehouse records, using computers to enter, access, search or retrieve data. | Process and record new insurance policies and claims. | Review and verify data, such as age, name, address, and principal sum and value of property, on insurance applications and policies."
mainframe-cobol-general:greenscreen-data-entry,43-4061,"Eligibility Interviewers, Government Programs",0.2,"Compile, record, and evaluate personal and financial data to verify completeness and accuracy, and to determine eligibility status. | Keep records of assigned cases, and prepare required reports. | Initiate procedures to grant, modify, deny, or terminate assistance, or refer applicants to other agencies for assistance."
mainframe-cobol-general:inquiry-servicing,43-4051,Customer Service Representatives,0.3,"Confer with customers by telephone or in person to provide information about products or services, take or enter orders, cancel accounts, or obtain details of complaints. | Keep records of customer interactions or transactions, recording details of inquiries, complaints, or comments, as well as actions taken. | Complete contract forms, prepare change of address records, or issue service discontinuance orders, using computers. | Check to ensure that appropriate changes were made to resolve customers' problems."
mainframe-cobol-general:inquiry-servicing,43-9061,"Office Clerks, General",0.15,"Review files, records, and other documents to obtain information to respond to requests. | Communicate with customers, employees, and other individuals to answer questions, disseminate or explain information, take orders, and address complaints. | Maintain and update filing, inventory, mailing, and database systems, either manually or using a computer."
mainframe-cobol-general:inquiry-servicing,43-4061,"Eligibility Interviewers, Government Programs",0.2,"Answer applicants' questions about benefits and claim procedures. | Interpret and explain information such as eligibility requirements, application details, payment methods, and applicants' legal rights. | Monitor the payments of benefits throughout the duration of a claim."
mainframe-cobol-general:reconcile-and-report,43-3031,"Bookkeeping, Accounting, and Auditing Clerks",0.3,"Reconcile or note and report discrepancies found in records. | Compare computer printouts to manually maintained journals to determine if they match. | Check figures, postings, and documents for correct entry, mathematical accuracy, and proper codes. | Access computerized financial information to answer general questions as well as those related to specific accounts. | Transfer details from separate journals to general ledgers or data processing sheets."
mainframe-cobol-general:reconcile-and-report,43-9061,"Office Clerks, General",0.1,"Compute, record, and proofread data and other information, such as records or reports. | Compile, copy, sort, and file records of office activities, business transactions, and other activities."
mainframe-cobol-general:cobol-maintenance,15-1251,Computer Programmers,0.6,"Correct errors by making appropriate changes and rechecking the program to ensure that the desired results are produced. | Perform or direct revision, repair, or expansion of existing programs to increase operating efficiency or adapt to new requirements. | Compile and write documentation of program development and subsequent revisions, inserting comments in the coded instructions so others can understand the program. | Conduct trial runs of programs and software applications to be sure they will produce the desired information and that the instructions are correct. | Consult with and assist computer operators or system analysts to define and resolve problems in running computer programs."
mainframe-cobol-general:cobol-maintenance,15-1211,Computer Systems Analysts,0.3,"Troubleshoot program and system malfunctions to restore normal functioning. | Review and analyze computer printouts and performance indicators to locate code problems, and correct errors by correcting codes. | Expand or modify system to serve new purposes or improve work flow. | Test, maintain, and monitor computer programs and systems, including coordinating the installation of computer programs and systems."
mainframe-cobol-general:modernization-migration,15-1252,Software Developers,0.25,"Modify existing software to correct errors, adapt it to new hardware, or upgrade interfaces and improve performance. | Analyze information to determine, recommend, and plan installation of a new system or modification of an existing system. | Develop or direct software system testing or validation procedures, programming, or documentation. | Store, retrieve, and manipulate data for analysis of system capabilities and requirements."
mainframe-cobol-general:modernization-migration,15-1299.08,Computer Systems Engineers/Architects,0.3,"Evaluate existing systems to determine effectiveness, and suggest changes to meet organizational requirements. | Verify stability, interoperability, portability, security, or scalability of system architecture. | Document design specifications, installation instructions, and other system-related information. | Define and analyze objectives, scope, issues, or organizational impact of information systems."
mainframe-cobol-general:modernization-migration,15-1299.09,Information Technology Project Managers,0.3,"Manage project execution to ensure adherence to budget, schedule, and scope. | Perform risk assessments to develop response strategies. | Identify, review, or select vendors or consultants to meet project needs. | Develop implementation plans that include analyses such as cost-benefit or return on investment (ROI)."
mainframe-cobol-general:modernization-migration,15-1211,Computer Systems Analysts,0.2,"Analyze information processing or computation needs and plan and design computer systems, using techniques such as structured analysis, data modeling, and information engineering. | Prepare cost-benefit and return-on-investment analyses to aid in decisions on system implementation. | Interview or survey workers, observe job performance, or perform the job to determine what information is processed and how it is processed."
medical-billing-rcm:rcm-patient-access,43-4111,"Interviewers, Except Eligibility and Loan",0.6,"Ask questions in accordance with instructions to obtain various specified information, such as person's name, address, age, religious preference, or state of residency. | Ensure payment for services by verifying benefits with the person's insurance provider or working out financing options. | Review data obtained from interview for completeness and accuracy. | Assist individuals in filling out applications or questionnaires."
medical-billing-rcm:rcm-patient-access,43-6013,Medical Secretaries and Administrative Assistants,0.25,"Interview patients to complete documents, case histories, or forms, such as intake or insurance forms. | Schedule and confirm patient diagnostic appointments, surgeries, or medical consultations."
medical-billing-rcm:rcm-coding,29-2072,Medical Records Specialists,0.55,"Identify, compile, abstract, and code patient data, using standard classification systems. | Assign the patient to diagnosis-related groups (DRGs), using appropriate computer software. | Resolve or clarify codes or diagnoses with conflicting, missing, or unclear information by consulting with doctors or others or by participating in the coding team's regular meetings. | Consult classification manuals to locate information about disease processes. | Review records for completeness, accuracy, and compliance with regulations."
medical-billing-rcm:rcm-charge-claims,43-3021,Billing and Posting Clerks,0.45,"Review documents, such as purchase orders, sales tickets, charge slips, or hospital records, to compute fees or charges due. | Verify accuracy of billing data and revise any errors. | Prepare itemized statements, bills, or invoices and record amounts due for items purchased or services rendered. | Consult sources, such as rate books, manuals, or insurance company representatives, to determine specific charges or information such as rules, regulations, or government tax and tariff information."
medical-billing-rcm:rcm-charge-claims,43-9041,Insurance Claims and Policy Processing Clerks,0.5,"Prepare insurance claim forms or related documents, and review them for completeness. | Calculate amount of claim. | Transmit claims for payment or further investigation. | Enter insurance- and claims-related information into database systems."
medical-billing-rcm:rcm-charge-claims,43-6013,Medical Secretaries and Administrative Assistants,0.1,Complete insurance or other claim forms.
medical-billing-rcm:rcm-denials-ar,43-3011,Bill and Account Collectors,0.4,"Contact insurance companies to check on status of claims payments and write appeal letters for denial on claims. | Locate and monitor overdue accounts, using computers and a variety of automated systems. | Record information about financial status of customers and status of collection efforts."
medical-billing-rcm:rcm-denials-ar,43-9041,Insurance Claims and Policy Processing Clerks,0.3,Contact insured or other involved persons to obtain missing information. | Post or attach information to claim file. | Correspond with insured or agent to obtain information or to inform them of account status or changes.
medical-billing-rcm:rcm-denials-ar,11-9111,Medical and Health Services Managers,0.1,"Review and analyze facility activities and data to aid planning and cash and risk management and to improve service utilization. | Conduct and administer fiscal operations, including accounting, planning budgets, authorizing expenditures, establishing rates for services, and coordinating financial reporting."
medical-billing-rcm:rcm-payment-posting,43-3021,Billing and Posting Clerks,0.35,"Perform bookkeeping work, including posting data or keeping other records concerning costs of goods or services or the shipment of goods. | Resolve discrepancies in accounting records. | Compare previously prepared bank statements with canceled checks and reconcile discrepancies."
medical-billing-rcm:rcm-payment-posting,43-3031,"Bookkeeping, Accounting, and Auditing Clerks",0.3,"Receive, record, and bank cash, checks, and vouchers. | Reconcile records of bank transactions. | Debit, credit, and total accounts on computer spreadsheets and databases, using specialized accounting software. | Check figures, postings, and documents for correct entry, mathematical accuracy, and proper codes."
medical-billing-rcm:rcm-patient-billing,43-3011,Bill and Account Collectors,0.4,"Answer customer questions regarding problems with their accounts. | Arrange for debt repayment or establish repayment schedules, based on customers' financial situations. | Receive payments and post amounts paid to customer accounts. | Notify credit departments, order merchandise repossession or service disconnection, and turn over account records to attorneys when customers fail to respond to collection attempts."
medical-billing-rcm:rcm-patient-billing,43-3021,Billing and Posting Clerks,0.15,Contact customers to obtain or relay account information.
medical-billing-rcm:rcm-patient-billing,43-4111,"Interviewers, Except Eligibility and Loan",0.1,"Perform office duties, such as telemarketing or customer service inquiries, maintaining staff records, billing patients, or receiving payments."
medical-billing-rcm:rcm-patient-billing,43-6013,Medical Secretaries and Administrative Assistants,0.15,"Perform bookkeeping duties, such as credits or collections, preparing and sending financial statements or bills, and keeping financial records."
mortgage-servicing:ms-borrower-service,43-4051,Customer Service Representatives,0.7,"Confer with customers by telephone or in person to provide information about products or services, take or enter orders, cancel accounts, or obtain details of complaints. | Keep records of customer interactions or transactions, recording details of inquiries, complaints, or comments, as well as actions taken. | Determine charges for services requested, collect deposits or payments, or arrange for billing. | Complete contract forms, prepare change of address records, or issue service discontinuance orders, using computers."
mortgage-servicing:ms-borrower-service,43-4131,Loan Interviewers and Clerks,0.2,Answer questions and advise customers regarding loans and transactions. | Accept payment on accounts. | Present loan and repayment schedules to customers.
mortgage-servicing:ms-collections-lossmit,43-3011,Bill and Account Collectors,0.8,"Locate and monitor overdue accounts, using computers and a variety of automated systems. | Confer with customers by telephone or in person to determine reasons for overdue payments and to review the terms of sales, service, or credit contracts. | Arrange for debt repayment or establish repayment schedules, based on customers' financial situations. | Record information about financial status of customers and status of collection efforts."
mortgage-servicing:ms-collections-lossmit,13-2071,Credit Counselors,0.5,"Assess clients' overall financial situations by reviewing income, assets, debts, expenses, credit reports, or other financial information. | Calculate clients' available monthly income to meet debt obligations. | Advise clients on housing matters, such as housing rental, homeownership, mortgage delinquency, or foreclosure prevention."
mortgage-servicing:ms-collections-lossmit,13-2072,Loan Officers,0.15,"Contact borrowers with delinquent accounts to obtain payment in full or to negotiate repayment plans. | Prepare reports to send to customers whose accounts are delinquent, and forward irreconcilable accounts for collector action."
mortgage-servicing:ms-cashiering-escrow,43-3031,"Bookkeeping, Accounting, and Auditing Clerks",0.5,"Receive, record, and bank cash, checks, and vouchers. | Perform financial calculations, such as amounts due, interest charges, balances, discounts, equity, and principal. | Reconcile records of bank transactions. | Calculate and prepare checks for utilities, taxes, and other payments."
mortgage-servicing:ms-cashiering-escrow,43-4131,Loan Interviewers and Clerks,0.35,"Order property insurance or mortgage insurance policies to ensure protection against loss on mortgaged property. | Calculate, review, and correct errors on interest, principal, payment, and closing costs, using computers or calculators. | Review customer accounts to determine whether payments are made on time and that other loan terms are being followed. | File and maintain loan records."
mortgage-servicing:ms-default-foreclosure,23-2011,Paralegals and Legal Assistants,0.6,"Prepare affidavits or other documents, such as legal correspondence, and organize and maintain documents in paper or electronic filing system. | Request, review, and summarize relevant records for the cases. | File pleadings with court clerks."
mortgage-servicing:ms-default-foreclosure,43-3011,Bill and Account Collectors,0.1,"Notify credit departments, order merchandise repossession or service disconnection, and turn over account records to attorneys when customers fail to respond to collection attempts."
mortgage-servicing:ms-investor-reporting-boarding,13-2011,Accountants and Auditors,0.4,"Review accounts for discrepancies and reconcile differences. | Prepare adjusting journal entries. | Examine and evaluate financial and information systems, recommending controls to ensure system reliability and data integrity."
mortgage-servicing:ms-investor-reporting-boarding,43-3031,"Bookkeeping, Accounting, and Auditing Clerks",0.3,"Reconcile or note and report discrepancies found in records. | Check figures, postings, and documents for correct entry, mathematical accuracy, and proper codes. | Compile statistical, financial, accounting, or auditing reports and tables pertaining to such matters as cash receipts, expenditures, accounts payable and receivable, and profits and losses."
mortgage-servicing:ms-complaints-compliance,13-1041,Compliance Officers,0.4,"Identify compliance issues that require follow-up or investigation. | Prepare reports of activities, evaluations, recommendations, or decisions. | Provide assistance to internal or external auditors in compliance reviews."
mortgage-servicing:ms-complaints-compliance,43-4051,Customer Service Representatives,0.15,"Obtain and examine all relevant information to assess validity of complaints and to determine possible causes, such as extreme weather conditions that could increase utility bills. | Refer unresolved customer grievances to designated departments for further investigation. | Resolve customers' service or billing complaints by performing activities such as exchanging merchandise, refunding money, or adjusting bills."
payroll-hr:payroll-run,43-3051,Payroll and Timekeeping Clerks,0.55,"Verify attendance, hours worked, and pay adjustments, and post information onto designated records. | Compute wages and deductions, and enter data into computers. | Process and issue employee paychecks and statements of earnings and deductions. | Review time sheets, work charts, wage computation, and other information to detect and reconcile payroll discrepancies. | Compile employee time, production, and payroll data from time sheets and other records. | Issue and record adjustments to pay related to previous errors or retroactive increases. | Keep track of leave time, such as vacation, personal, and sick leave, for employees."
payroll-hr:payroll-run,43-3031,"Bookkeeping, Accounting, and Auditing Clerks",0.08,"Prepare and process payroll information. | Check figures, postings, and documents for correct entry, mathematical accuracy, and proper codes."
payroll-hr:employee-records,43-4161,"Human Resources Assistants, Except Payroll and Timekeeping",0.35,"Process, verify, and maintain personnel related documentation, including staffing, recruitment, training, grievances, performance evaluations, classifications, and employee leaves of absence. | Record data for each employee, including such information as addresses, weekly earnings, absences, amount of sales or production, supervisory reports on performance, and dates of and reasons for terminations. | Gather personnel records from other departments or employees. | Prepare and set up for new employee orientations."
payroll-hr:employee-records,13-1071,Human Resources Specialists,0.15,"Prepare or maintain employment records related to events, such as hiring, termination, leaves, transfers, or promotions, using human resources management system software. | Hire employees and process hiring-related paperwork. | Conduct exit interviews and ensure that necessary employment termination paperwork is completed."
payroll-hr:employee-records,43-3051,Payroll and Timekeeping Clerks,0.1,"Process paperwork for new employees and enter employee information into the payroll system. | Record employee information, such as exemptions, transfers, and resignations, to maintain and update payroll records."
payroll-hr:payroll-tax-compliance,43-3051,Payroll and Timekeeping Clerks,0.15,"Prepare and file payroll tax returns. | Keep informed about changes in tax and deduction laws that apply to the payroll process. | Prepare and balance period-end reports, and reconcile issued payrolls to bank statements. | Balance cash and payroll accounts. | Compile statistical reports, statements, and summaries related to pay and benefits accounts, and submit them to appropriate departments."
payroll-hr:payroll-tax-compliance,43-3031,"Bookkeeping, Accounting, and Auditing Clerks",0.05,"Complete and submit tax forms and returns, workers' compensation forms, pension contribution forms, and other government documents. | Reconcile records of bank transactions."
payroll-hr:payroll-tax-compliance,13-2011,Accountants and Auditors,0.04,"Audit payroll and personnel records to determine unemployment insurance premiums, workers' compensation coverage, liabilities, and compliance with tax laws. | Compute taxes owed and prepare tax returns, ensuring compliance with payment, reporting, or other tax requirements. | Review accounts for discrepancies and reconcile differences."
payroll-hr:employee-inquiries,43-4161,"Human Resources Assistants, Except Payroll and Timekeeping",0.25,"Answer questions regarding examinations, eligibility, salaries, benefits, and other pertinent information. | Explain company personnel policies, benefits, and procedures to employees or job applicants. | Examine employee files to answer inquiries and provide information for personnel actions. | Search employee files to obtain information for authorized persons and organizations, such as credit bureaus and finance companies."
payroll-hr:employee-inquiries,43-3051,Payroll and Timekeeping Clerks,0.1,"Provide information to employees and managers on payroll matters, tax issues, benefit plans, and collective agreement provisions. | Conduct verifications of employment."
payroll-hr:employee-inquiries,13-1071,Human Resources Specialists,0.15,"Interpret and explain human resources policies, procedures, laws, standards, or regulations. | Address employee relations issues, such as harassment allegations, work complaints, or other employee concerns."
payroll-hr:benefits-admin,13-1141,"Compensation, Benefits, and Job Analysis Specialists",0.3,"Administer employee insurance, pension, and savings plans, working with insurance brokers and plan carriers. | Ensure company compliance with federal and state laws, including reporting requirements. | Assist in preparing and maintaining personnel records and handbooks."
payroll-hr:benefits-admin,11-3111,Compensation and Benefits Managers,0.2,"Administer, direct, and review employee benefit programs, including the integration of benefit programs following mergers and acquisitions. | Mediate between benefits providers and employees, such as by assisting in handling employees' benefits-related questions or taking suggestions. | Fulfill all reporting requirements of all relevant government rules and regulations, including the Employee Retirement Income Security Act (ERISA)."
payroll-hr:benefits-admin,43-4161,"Human Resources Assistants, Except Payroll and Timekeeping",0.1,Provide assistance in administering employee benefit programs and worker's compensation plans.
payroll-hr:benefits-admin,43-3051,Payroll and Timekeeping Clerks,0.05,"Complete, verify, and process forms and documentation for administration of benefits, such as pension plans, and unemployment and medical insurance."
payroll-hr:pay-rules-config,15-1211,Computer Systems Analysts,0.2,"Test, maintain, and monitor computer programs and systems, including coordinating the installation of computer programs and systems. | Expand or modify system to serve new purposes or improve work flow. | Troubleshoot program and system malfunctions to restore normal functioning. | Specify inputs accessed by the system and plan the distribution and use of the results."
payroll-hr:pay-rules-config,13-1141,"Compensation, Benefits, and Job Analysis Specialists",0.1,"Develop and administer compensation programs, such as merit or incentive pay. | Evaluate job positions, determining classification, exempt or non-exempt status, and salary. | Prepare occupational classifications, job descriptions, and salary scales."
payroll-hr:pay-rules-config,43-3051,Payroll and Timekeeping Clerks,0.05,Keep informed about changes in tax and deduction laws that apply to the payroll process. | Train employees on organizations' timekeeping systems.
pension-provident-fund-admin:contribution-intake-reconciliation,43-3031,"Bookkeeping, Accounting, and Auditing Clerks",0.5,"Receive, record, and bank cash, checks, and vouchers. | Reconcile or note and report discrepancies found in records. | Check figures, postings, and documents for correct entry, mathematical accuracy, and proper codes. | Reconcile records of bank transactions. | Complete and submit tax forms and returns, workers' compensation forms, pension contribution forms, and other government documents."
pension-provident-fund-admin:contribution-intake-reconciliation,43-9021,Data Entry Keyers,0.5,"Read source documents such as canceled checks, sales reports, or bills, and enter data in specific data fields or onto tapes or disks for subsequent entry, using keyboards or scanners. | Compare data with source documents, or re-enter data in verification format to detect errors. | Locate and correct data entry errors, or report them to supervisors. | Compile, sort, and verify the accuracy of data before it is entered."
pension-provident-fund-admin:contribution-intake-reconciliation,13-1141,"Compensation, Benefits, and Job Analysis Specialists",0.3,"Administer employee insurance, pension, and savings plans, working with insurance brokers and plan carriers. | Ensure company compliance with federal and state laws, including reporting requirements."
pension-provident-fund-admin:employer-arrears-compliance,43-3011,Bill and Account Collectors,0.7,"Locate and monitor overdue accounts, using computers and a variety of automated systems. | Locate and notify customers of delinquent accounts by mail, telephone, or personal visits to solicit payment. | Arrange for debt repayment or establish repayment schedules, based on customers' financial situations. | Record information about financial status of customers and status of collection efforts. | Notify credit departments, order merchandise repossession or service disconnection, and turn over account records to attorneys when customers fail to respond to collection attempts."
pension-provident-fund-admin:employer-arrears-compliance,13-2081,"Tax Examiners and Collectors, and Revenue Agents",0.5,"Send notices to taxpayers when accounts are delinquent. | Impose payment deadlines on delinquent taxpayers and monitor payments to ensure that deadlines are met. | Examine accounting systems and records to determine whether accounting methods used were appropriate and in compliance with statutory provisions. | Determine appropriate methods of debt settlement, such as offers of compromise, wage garnishment, or seizure and sale of property. | Direct service of legal documents, such as subpoenas, warrants, notices of assessment, and garnishments."
pension-provident-fund-admin:employer-arrears-compliance,13-2011,Accountants and Auditors,0.25,"Review taxpayer accounts, and conduct audits on-site, by correspondence, or by summoning taxpayer to office. | Collect and analyze data to detect deficient controls, duplicated effort, extravagance, fraud, or non-compliance with laws, regulations, and management policies. | Prepare detailed reports on audit findings."
pension-provident-fund-admin:member-service-contact,43-4051,Customer Service Representatives,0.75,"Confer with customers by telephone or in person to provide information about products or services, take or enter orders, cancel accounts, or obtain details of complaints. | Keep records of customer interactions or transactions, recording details of inquiries, complaints, or comments, as well as actions taken. | Refer unresolved customer grievances to designated departments for further investigation. | Contact customers to respond to inquiries or to notify them of claim investigation results or any planned adjustments."
pension-provident-fund-admin:member-service-contact,43-4061,"Eligibility Interviewers, Government Programs",0.25,"Answer applicants' questions about benefits and claim procedures. | Interpret and explain information such as eligibility requirements, application details, payment methods, and applicants' legal rights."
pension-provident-fund-admin:benefit-claims-processing,43-4061,"Eligibility Interviewers, Government Programs",0.6,"Compute and authorize amounts of assistance for programs, such as grants, monetary payments, and food stamps. | Compile, record, and evaluate personal and financial data to verify completeness and accuracy, and to determine eligibility status. | Initiate procedures to grant, modify, deny, or terminate assistance, or refer applicants to other agencies for assistance. | Check with employers or other references to verify answers and obtain further information. | Investigate claimants for the possibility of fraud or abuse."
pension-provident-fund-admin:benefit-claims-processing,43-9041,Insurance Claims and Policy Processing Clerks,0.5,"Prepare insurance claim forms or related documents, and review them for completeness. | Calculate amount of claim. | Contact insured or other involved persons to obtain missing information. | Transmit claims for payment or further investigation."
pension-provident-fund-admin:benefit-claims-processing,13-1031,"Claims Adjusters, Examiners, and Investigators",0.6,Examine claims forms and other records to determine insurance coverage. | Verify and analyze data used in settling claims to ensure that claims are valid and that settlements are made according to company practices and procedures. | Pay and process claims within designated authority level. | Refer questionable claims to investigator or claims adjuster for investigation or settlement.
pension-provident-fund-admin:member-employer-data-maintenance,43-9021,Data Entry Keyers,0.4,"Read source documents such as canceled checks, sales reports, or bills, and enter data in specific data fields or onto tapes or disks for subsequent entry, using keyboards or scanners. | Locate and correct data entry errors, or report them to supervisors. | Store completed documents in appropriate locations."
pension-provident-fund-admin:member-employer-data-maintenance,43-9041,Insurance Claims and Policy Processing Clerks,0.3,"Process and record new insurance policies and claims. | Modify, update, or process existing policies and claims to reflect any change in beneficiary, amount of coverage, or type of insurance. | Review and verify data, such as age, name, address, and principal sum and value of property, on insurance applications and policies."
pension-provident-fund-admin:member-employer-data-maintenance,43-4051,Customer Service Representatives,0.1,"Complete contract forms, prepare change of address records, or issue service discontinuance orders, using computers."
pension-provident-fund-admin:payments-crediting-reporting,43-3031,"Bookkeeping, Accounting, and Auditing Clerks",0.3,"Calculate, prepare, and issue bills, invoices, account statements, and other financial statements according to established procedures. | Perform financial calculations, such as amounts due, interest charges, balances, discounts, equity, and principal. | Compile statistical, financial, accounting, or auditing reports and tables pertaining to such matters as cash receipts, expenditures, accounts payable and receivable, and profits and losses."
pension-provident-fund-admin:payments-crediting-reporting,15-2011,Actuaries,0.5,"Analyze data to determine premium rates required and cash reserves and liabilities necessary to ensure payment of future benefits. | Design, review, and help administer insurance, annuity and pension plans, determining financial soundness and calculating premiums. | Analyze statistical information to estimate mortality, accident, sickness, disability, and retirement rates."
pension-provident-fund-admin:payments-crediting-reporting,13-2011,Accountants and Auditors,0.35,"Prepare, analyze, or verify annual reports, financial statements, and other records, using accepted accounting and statistical procedures to assess financial condition and facilitate financial planning. | Review accounts for discrepancies and reconcile differences. | Prepare adjusting journal entries."
pension-provident-fund-admin:payments-crediting-reporting,13-1141,"Compensation, Benefits, and Job Analysis Specialists",0.3,"Ensure company compliance with federal and state laws, including reporting requirements. | Administer employee insurance, pension, and savings plans, working with insurance brokers and plan carriers."
port-terminal-operating-system:vessel_berth_planning,13-1081,Logisticians,0.5,"Redesign the movement of goods to maximize value and minimize costs. | Collaborate with other departments as necessary to meet customer requirements, to take advantage of sales opportunities or, in the case of shortages, to minimize negative impacts on a business. | Review logistics performance with customers against targets, benchmarks, and service agreements. | Direct team activities, establishing task priorities, scheduling and tracking work assignments, providing guidance, and ensuring the availability of resources."
port-terminal-operating-system:vessel_berth_planning,43-5061,"Production, Planning, and Expediting Clerks",0.4,"Revise production schedules when required due to design changes, labor or material shortages, backlogs, or other interruptions, collaborating with management, marketing, sales, production, or engineering. | Confer with establishment personnel, vendors, or customers to coordinate production or shipping activities and to resolve complaints or eliminate delays. | Distribute production schedules or work orders to departments. | Compile information, such as production rates and progress, materials inventories, materials used, or customer information, so that status reports can be completed."
port-terminal-operating-system:yard_planning,53-1043,First-Line Supervisors of Material-Moving Machine and Vehicle Operators,0.3,"Plan work assignments and equipment allocations to meet transportation, operations or production goals. | Review orders, production schedules, blueprints, or shipping or receiving notices to determine work sequences and material shipping dates, types, volumes, or destinations. | Recommend and implement measures to improve worker motivation, equipment performance, work methods, or customer services."
port-terminal-operating-system:yard_planning,11-3071,"Transportation, Storage, and Distribution Managers",0.15,"Monitor inventory levels of products or materials in warehouses. | Develop or implement plans for facility modification or expansion, such as equipment purchase or changes in space allocation or structural design. | Review invoices, work orders, consumption reports, or demand forecasts to estimate peak performance periods and to issue work assignments."
port-terminal-operating-system:equipment_dispatch_execution,43-5032,"Dispatchers, Except Police, Fire, and Ambulance",0.7,"Schedule or dispatch workers, work crews, equipment, or service vehicles to appropriate locations, according to customer requests, specifications, or needs, using radios or telephones. | Relay work orders, messages, or information to or from work crews, supervisors, or field inspectors, using telephones or two-way radios. | Monitor personnel or equipment locations and utilization to coordinate service and schedules. | Arrange for necessary repairs to restore service and schedules."
port-terminal-operating-system:equipment_dispatch_execution,53-7021,Crane and Tower Operators,0.8,"Move levers, depress foot pedals, or turn dials to operate cranes, cherry pickers, electromagnets, or other moving equipment for lifting, moving, or placing loads. | Load or unload bundles from trucks, or move containers to storage bins, using moving equipment. | Review daily work or delivery schedules to determine orders, sequences of deliveries, or special loading instructions."
port-terminal-operating-system:equipment_dispatch_execution,53-7051,Industrial Truck and Tractor Operators,0.6,"Move controls to drive gasoline- or electric-powered trucks, cars, or tractors and transport materials between loading, processing, and storage areas. | Manually or mechanically load or unload materials from pallets, skids, platforms, cars, lifting devices, or other transport vehicles."
port-terminal-operating-system:equipment_dispatch_execution,53-1043,First-Line Supervisors of Material-Moving Machine and Vehicle Operators,0.4,"Direct workers in transportation or related services, such as pumping, moving, storing, or loading or unloading of materials. | Dispatch personnel and vehicles in response to telephone or radio reports of emergencies. | Resolve worker problems or collaborate with employees to assist in problem resolution."
port-terminal-operating-system:gate_and_inventory_checking,43-5111,"Weighers, Measurers, Checkers, and Samplers, Recordkeeping",0.6,"Compare product labels, tags, or tickets, shipping manifests, purchase orders, and bills of lading to verify accuracy of shipment contents, quality specifications, or weights. | Examine products or materials, parts, subassemblies, and packaging for damage, defects, or shortages, using specification sheets, gauges, and standards charts. | Document quantity, quality, type, weight, test result data, and value of materials or products to maintain shipping, receiving, and production records and files. | Count or estimate quantities of materials, parts, or products received or shipped."
port-terminal-operating-system:gate_and_inventory_checking,43-5071,"Shipping, Receiving, and Inventory Clerks",0.5,"Examine shipment contents and compare with records, such as manifests, invoices, or orders, to verify accuracy. | Record shipment data, such as weight, charges, space availability, damages, or discrepancies, for reporting, accounting, or recordkeeping purposes. | Confer or correspond with establishment representatives to rectify problems, such as damages, shortages, or nonconformance to specifications."
port-terminal-operating-system:documentation_edi_customs,43-5011,Cargo and Freight Agents,0.5,"Check import or export documentation to determine cargo contents and use tariff coding system to classify goods according to fee or tariff group. | Notify consignees, passengers, or customers of freight or baggage arrival and arrange for delivery. | Keep records of all goods shipped, received, and stored. | Enter shipping information into a computer by hand or by a hand-held scanner that reads bar codes on goods. | Track delivery progress of shipments."
port-terminal-operating-system:documentation_edi_customs,43-9021,Data Entry Keyers,0.3,"Locate and correct data entry errors, or report them to supervisors. | Compare data with source documents, or re-enter data in verification format to detect errors. | Read source documents such as canceled checks, sales reports, or bills, and enter data in specific data fields or onto tapes or disks for subsequent entry, using keyboards or scanners."
port-terminal-operating-system:billing_and_performance_reporting,43-3021,Billing and Posting Clerks,0.7,"Prepare itemized statements, bills, or invoices and record amounts due for items purchased or services rendered. | Verify accuracy of billing data and revise any errors. | Compute credit terms, discounts, shipment charges, or rates for goods or services to complete billing documents. | Consult sources, such as rate books, manuals, or insurance company representatives, to determine specific charges or information such as rules, regulations, or government tax and tariff information. | Resolve discrepancies in accounting records."
port-terminal-operating-system:billing_and_performance_reporting,43-5071,"Shipping, Receiving, and Inventory Clerks",0.15,"Compute amounts, such as space available, shipping, storage, or demurrage charges, using computer or price list."
port-terminal-operating-system:billing_and_performance_reporting,11-3071,"Transportation, Storage, and Distribution Managers",0.2,"Establish or monitor specific supply chain-based performance measurement systems. | Maintain metrics, reports, process documentation, customer service logs, or training or safety records. | Advise sales and billing departments of transportation charges for customers' accounts. | Prepare management recommendations, such as proposed fee and tariff increases or schedule changes."
procurement-ap:invoice-capture-match,43-3031,"Bookkeeping, Accounting, and Auditing Clerks",0.35,"Match order forms with invoices, and record the necessary information. | Check figures, postings, and documents for correct entry, mathematical accuracy, and proper codes. | Code documents according to company procedures. | Operate computers programmed with accounting software to record, store, and analyze information."
procurement-ap:invoice-capture-match,43-3061,Procurement Clerks,0.15,"Compare suppliers' bills with bids and purchase orders to verify accuracy. | Calculate costs of orders, and charge or forward invoices to appropriate accounts."
procurement-ap:invoice-capture-match,13-2011,Accountants and Auditors,0.05,Process invoices for payment.
procurement-ap:vendor-inquiry-statement-recon,43-3031,"Bookkeeping, Accounting, and Auditing Clerks",0.15,"Reconcile or note and report discrepancies found in records. | Access computerized financial information to answer general questions as well as those related to specific accounts. | Perform general office duties, such as filing, answering telephones, and handling routine correspondence."
procurement-ap:vendor-inquiry-statement-recon,43-3061,Procurement Clerks,0.1,"Respond to customer and supplier inquiries about order status, changes, or cancellations."
procurement-ap:vendor-inquiry-statement-recon,13-2011,Accountants and Auditors,0.05,"Review accounts for discrepancies and reconcile differences. | Collect and analyze data to detect deficient controls, duplicated effort, extravagance, fraud, or non-compliance with laws, regulations, and management policies."
procurement-ap:requisition-to-po,43-3061,Procurement Clerks,0.4,"Prepare purchase orders and send copies to suppliers and to departments originating requests. | Review requisition orders to verify accuracy, terminology, and specifications. | Track the status of requisitions, contracts, and orders. | Contact suppliers to schedule or expedite deliveries and to resolve shortages, missed or late deliveries, and other problems."
procurement-ap:requisition-to-po,13-1023,"Purchasing Agents, Except Wholesale, Retail, and Farm Products",0.25,"Prepare purchase orders, solicit bid proposals, and review requisitions for goods and services. | Monitor shipments to ensure that goods come in on time, and resolve problems related to undelivered goods."
procurement-ap:requisition-to-po,11-3061,Purchasing Managers,0.1,Prepare and process requisitions and purchase orders for supplies and equipment. | Review purchase order claims and contracts for conformance to company policy.
procurement-ap:sourcing-negotiation,13-1023,"Purchasing Agents, Except Wholesale, Retail, and Farm Products",0.35,"Research and evaluate suppliers, based on price, quality, selection, service, support, availability, reliability, production and distribution capabilities, and the supplier's reputation and history. | Analyze price proposals, financial reports, and other data and information to determine reasonable prices. | Negotiate, renegotiate, and administer contracts with suppliers, vendors, and other representatives. | Evaluate and monitor contract performance to ensure compliance with contractual obligations and to determine need for changes."
procurement-ap:sourcing-negotiation,11-3061,Purchasing Managers,0.35,"Represent companies in negotiating contracts and formulating policies with suppliers. | Review, evaluate, and approve specifications for issuing and awarding bids. | Develop cost reduction strategies and savings plans. | Locate vendors of materials, equipment or supplies, and interview them to determine product availability and terms of sales."
procurement-ap:sourcing-negotiation,43-3061,Procurement Clerks,0.15,"Compare prices, specifications, and delivery dates to determine the best bid among potential suppliers. | Prepare invitation-of-bid forms, and mail forms to supplier firms or distribute forms for public posting."
procurement-ap:vendor-master-payment-runs,43-3031,"Bookkeeping, Accounting, and Auditing Clerks",0.15,"Calculate and prepare checks for utilities, taxes, and other payments. | Perform financial calculations, such as amounts due, interest charges, balances, discounts, equity, and principal. | Comply with federal, state, and company policies, procedures, and regulations."
procurement-ap:vendor-master-payment-runs,43-3061,Procurement Clerks,0.05,Approve and pay bills.
procurement-ap:vendor-master-payment-runs,13-2011,Accountants and Auditors,0.05,"Examine and evaluate financial and information systems, recommending controls to ensure system reliability and data integrity."
procurement-ap:receiving-accruals-close,43-5071,"Shipping, Receiving, and Inventory Clerks",0.3,"Examine shipment contents and compare with records, such as manifests, invoices, or orders, to verify accuracy. | Record shipment data, such as weight, charges, space availability, damages, or discrepancies, for reporting, accounting, or recordkeeping purposes. | Confer or correspond with establishment representatives to rectify problems, such as damages, shortages, or nonconformance to specifications."
procurement-ap:receiving-accruals-close,43-3061,Procurement Clerks,0.05,Check shipments when they arrive to ensure that orders have been filled correctly and that goods meet specifications.
procurement-ap:receiving-accruals-close,43-3031,"Bookkeeping, Accounting, and Auditing Clerks",0.1,"Transfer details from separate journals to general ledgers or data processing sheets. | Compile statistical, financial, accounting, or auditing reports and tables pertaining to such matters as cash receipts, expenditures, accounts payable and receivable, and profits and losses."
procurement-ap:receiving-accruals-close,13-2011,Accountants and Auditors,0.1,Prepare adjusting journal entries. | Review accounts for discrepancies and reconcile differences.
retail-pos-merch:checkout-returns,41-2011,Cashiers,0.75,"Receive payment by cash, check, credit cards, vouchers, or automatic debits. | Establish or identify prices of goods, services, or admission, and tabulate bills, using calculators, cash registers, or optical price scanners. | Issue receipts, refunds, credits, or change due to customers. | Process merchandise returns and exchanges. | Issue trading stamps, and redeem food stamps and coupons. | Weigh items sold by weight to determine prices."
retail-pos-merch:checkout-returns,41-2031,Retail Salespersons,0.25,"Compute sales prices, total purchases, and receive and process cash or credit payment. | Exchange merchandise for customers and accept returns. | Place special orders or call other stores to find desired items."
retail-pos-merch:cash-office-reconciliation,41-2011,Cashiers,0.08,"Count money in cash drawers at the beginning of shifts to ensure that amounts are correct and that there is adequate change. | Calculate total payments received during a time period, and reconcile this with total sales. | Compute and record totals of transactions. | Sort, count, and wrap currency and coins. | Keep periodic balance sheets of amounts and numbers of transactions."
retail-pos-merch:cash-office-reconciliation,41-2031,Retail Salespersons,0.03,"Open and close cash registers, performing tasks such as counting money, separating charge slips, coupons, and vouchers, balancing cash drawers, and making deposits."
retail-pos-merch:cash-office-reconciliation,41-1011,First-Line Supervisors of Retail Sales Workers,0.08,"Direct and supervise employees engaged in sales, inventory-taking, reconciling cash receipts, or in performing services for customers. | Keep records of purchases, sales, and requisitions."
retail-pos-merch:receiving-inventory-control,43-5071,"Shipping, Receiving, and Inventory Clerks",0.6,"Examine shipment contents and compare with records, such as manifests, invoices, or orders, to verify accuracy. | Record shipment data, such as weight, charges, space availability, damages, or discrepancies, for reporting, accounting, or recordkeeping purposes. | Confer or correspond with establishment representatives to rectify problems, such as damages, shortages, or nonconformance to specifications. | Deliver or route materials to departments using handtruck, conveyor, or sorting bins."
retail-pos-merch:receiving-inventory-control,53-7065,Stockers and Order Fillers,0.2,"Receive and count stock items, and record data manually or on computer. | Compare merchandise invoices to items actually received to ensure that shipments are correct. | Receive, unload, open, unpack, or issue sales floor merchandise. | Dispose of damaged or defective items, or return them to vendors. | Keep records on the use or damage of stock or stock-handling equipment."
retail-pos-merch:receiving-inventory-control,41-1011,First-Line Supervisors of Retail Sales Workers,0.05,Examine products purchased for resale or received for storage to assess the condition of each product or item.
retail-pos-merch:store-replenishment-shelf,53-7065,Stockers and Order Fillers,0.55,"Take inventory or examine merchandise to identify items to be reordered or replenished. | Stock shelves, racks, cases, bins, and tables with new or transferred merchandise. | Requisition merchandise from supplier, based on available space, merchandise on hand, customer demand, or advertised specials. | Mark stock items, using identification tags, stamps, electric marking tools, or other labeling equipment. | Stamp, attach, or change price tags on merchandise, referring to price list. | Design and set up advertising signs and displays of merchandise on shelves, counters, or tables to attract customers and promote sales."
retail-pos-merch:store-replenishment-shelf,41-1011,First-Line Supervisors of Retail Sales Workers,0.15,Inventory stock and reorder when inventory drops to a specified level. | Examine merchandise to ensure that it is correctly priced and displayed and that it functions as advertised. | Estimate consumer demand and determine the types and amounts of goods to be sold.
retail-pos-merch:store-replenishment-shelf,27-1026,Merchandise Displayers and Window Trimmers,0.5,"Arrange properties, furniture, merchandise, backdrops, or other accessories, as shown in prepared sketches. | Change or rotate window displays, interior display areas, or signage to reflect changes in inventory or promotion. | Place prices or descriptive signs on backdrops, fixtures, merchandise, or floor. | Use computers to produce signage."
retail-pos-merch:store-replenishment-shelf,41-2031,Retail Salespersons,0.15,"Ticket, arrange, and display merchandise to promote sales. | Inventory stock and requisition new stock."
retail-pos-merch:merch-planning-pricing,13-1022,"Wholesale and Retail Buyers, Except Farm Products",0.4,"Monitor and analyze sales records, trends, or economic conditions to anticipate consumer buying patterns, company sales, and needed inventory. | Recommend mark-up rates, mark-down rates, or merchandise selling prices. | Consult with store or merchandise managers about budgets or goods to be purchased. | Determine which products should be featured in advertising, the advertising medium to be used, or when the ads should be run. | Monitor competitors' sales activities by following their advertisements in newspapers or other media."
retail-pos-merch:merch-planning-pricing,13-1161,Market Research Analysts and Marketing Specialists,0.3,"Forecast and track marketing and sales trends, analyzing collected data. | Gather data on competitors and analyze their prices, sales, and method of marketing and distribution. | Prepare reports of findings, illustrating data graphically and translating complex findings into written text."
retail-pos-merch:merch-planning-pricing,41-1011,First-Line Supervisors of Retail Sales Workers,0.04,"Formulate pricing policies for merchandise, according to profitability requirements. | Review inventory and sales records to prepare reports for management and budget departments."
retail-pos-merch:item-vendor-buying,13-1022,"Wholesale and Retail Buyers, Except Farm Products",0.45,"Negotiate prices, discount terms, or transportation arrangements with suppliers. | Buy merchandise or commodities for resale to wholesale or retail consumers. | Examine, select, order, or purchase merchandise consistent with quality, quantity, specification requirements, or other factors, such as environmental soundness. | Provide clerks with information to print on price tags, such as price, mark-ups or mark-downs, manufacturer number, season code, or style number. | Authorize payment of invoices or return of merchandise."
retail-pos-merch:item-vendor-buying,13-1023,"Purchasing Agents, Except Wholesale, Retail, and Farm Products",0.5,"Prepare purchase orders, solicit bid proposals, and review requisitions for goods and services. | Negotiate, renegotiate, and administer contracts with suppliers, vendors, and other representatives. | Maintain and review computerized or manual records of purchased items, costs, deliveries, product performance, and inventories. | Monitor shipments to ensure that goods come in on time, and resolve problems related to undelivered goods. | Evaluate and monitor contract performance to ensure compliance with contractual obligations and to determine need for changes."
student-information:registration-records,11-9033,"Education Administrators, Postsecondary",0.25,"Direct activities of administrative departments, such as admissions, registration, and career services. | Review registration statistics, and consult with faculty officials to develop registration policies. | Provide assistance to faculty and staff in duties such as teaching classes, conducting orientation programs, issuing transcripts, and scheduling events."
student-information:registration-records,43-9061,"Office Clerks, General",0.45,"Communicate with customers, employees, and other individuals to answer questions, disseminate or explain information, take orders, and address complaints. | Review files, records, and other documents to obtain information to respond to requests. | Maintain and update filing, inventory, mailing, and database systems, either manually or using a computer. | Process and prepare documents, such as business or government forms and expense reports."
student-information:admissions-intake,11-9033,"Education Administrators, Postsecondary",0.1,"Participate in student recruitment, selection, and admission, making admissions recommendations when required to do so. | Confer with other academic staff to explain and formulate admission requirements and course credit policies."
student-information:admissions-intake,21-1012,"Educational, Guidance, and Career Counselors and Advisors",0.15,"Plan, direct, and participate in recruitment and enrollment activities. | Review transcripts to ensure that students meet graduation or college entrance requirements, and write letters of recommendation."
student-information:admissions-intake,43-9061,"Office Clerks, General",0.15,"Compute, record, and proofread data and other information, such as records or reports. | Compile, copy, sort, and file records of office activities, business transactions, and other activities."
student-information:scheduling-timetabling,11-9033,"Education Administrators, Postsecondary",0.1,"Determine course schedules, and coordinate teaching assignments and room assignments to ensure optimum use of buildings and equipment. | Coordinate the production and dissemination of university publications, such as course catalogs and class schedules."
student-information:scheduling-timetabling,11-9032,"Education Administrators, Kindergarten through Secondary",0.1,"Determine the scope of educational program offerings, and prepare drafts of course schedules and descriptions to estimate staffing and facility requirements."
student-information:scheduling-timetabling,21-1012,"Educational, Guidance, and Career Counselors and Advisors",0.05,"Collaborate with teachers and administrators in the development, evaluation, and revision of school programs and in the preparation of master schedules for curriculum offerings."
student-information:attendance-grades,43-6014,"Secretaries and Administrative Assistants, Except Legal, Medical, and Executive",0.3,"Set up and manage paper or electronic filing systems, recording information, updating paperwork, or maintaining documents, such as attendance records, correspondence, or other material. | Answer telephones and give information to callers, take messages, or transfer calls to appropriate individuals. | Create, maintain, and enter information into databases."
student-information:attendance-grades,25-2031,"Secondary School Teachers, Except Special and Career/Technical Education",0.08,"Maintain accurate and complete student records as required by laws, district policies, and administrative regulations. | Prepare, administer, and grade tests and assignments to evaluate students' progress."
student-information:attendance-grades,25-1123,"English Language and Literature Teachers, Postsecondary",0.05,"Maintain student attendance records, grades, and other required records. | Evaluate and grade students' class work, assignments, and papers."
student-information:attendance-grades,11-9032,"Education Administrators, Kindergarten through Secondary",0.05,"Enforce discipline and attendance rules. | Prepare, maintain, or oversee the preparation and maintenance of attendance, activity, planning, or personnel reports and records."
student-information:advising-degree-audit,21-1012,"Educational, Guidance, and Career Counselors and Advisors",0.35,"Counsel students regarding educational issues, such as course and program selection, class scheduling and registration, school adjustment, truancy, study habits, and career planning. | Review transcripts to ensure that students meet graduation or college entrance requirements, and write letters of recommendation. | Maintain accurate and complete student records as required by laws, district policies, and administrative regulations."
student-information:advising-degree-audit,11-9033,"Education Administrators, Postsecondary",0.1,"Advise students on issues such as course selection, progress toward graduation, and career decisions. | Confer with other academic staff to explain and formulate admission requirements and course credit policies."
student-information:compliance-reporting,43-9111,Statistical Assistants,0.4,"Compile statistics from source materials, such as production or sales records, quality-control or test records, time sheets, or survey sheets. | Check source data to verify completeness and accuracy. | Compile reports, charts, or graphs that describe and interpret findings of analyses."
student-information:compliance-reporting,11-9033,"Education Administrators, Postsecondary",0.05,Prepare reports on academic or institutional data. | Consult with government regulatory and licensing agencies to ensure the institution's conformance with applicable standards.
student-information:compliance-reporting,11-9032,"Education Administrators, Kindergarten through Secondary",0.05,"Collect and analyze survey data, regulatory information, and data on demographic and employment trends to forecast enrollment patterns and curriculum change needs."
telecom-bss:wf_care,43-4051,Customer Service Representatives,0.55,"Confer with customers by telephone or in person to provide information about products or services, take or enter orders, cancel accounts, or obtain details of complaints. | Keep records of customer interactions or transactions, recording details of inquiries, complaints, or comments, as well as actions taken. | Refer unresolved customer grievances to designated departments for further investigation. | Solicit sales of new or additional services or products. | Recommend improvements in products, packaging, shipping, service, or billing methods and procedures to prevent future problems."
telecom-bss:wf_order,43-4151,Order Clerks,0.6,"Review orders for completeness according to reporting procedures and forward incomplete orders for further processing. | Obtain customers' names, addresses, and billing information, product numbers, and specifications of items to be purchased, and enter this information on order forms. | Verify customer and order information for correctness, checking it against previously obtained information as necessary. | Inform customers by mail or telephone of order information, such as unit prices, shipping dates, and any anticipated delays."
telecom-bss:wf_order,41-2031,Retail Salespersons,0.3,"Greet customers and ascertain what each customer wants or needs. | Compute sales prices, total purchases, and receive and process cash or credit payment. | Sell or arrange for delivery, insurance, financing, or service contracts for merchandise. | Estimate and quote trade-in allowances."
telecom-bss:wf_order,43-4051,Customer Service Representatives,0.15,"Complete contract forms, prepare change of address records, or issue service discontinuance orders, using computers."
telecom-bss:wf_dispute,43-3021,Billing and Posting Clerks,0.35,"Verify accuracy of billing data and revise any errors. | Resolve discrepancies in accounting records. | Contact customers to obtain or relay account information. | Answer inquiries regarding rates, routing, or procedures."
telecom-bss:wf_dispute,43-4051,Customer Service Representatives,0.15,"Obtain and examine all relevant information to assess validity of complaints and to determine possible causes, such as extreme weather conditions that could increase utility bills. | Resolve customers' service or billing complaints by performing activities such as exchanging merchandise, refunding money, or adjusting bills. | Contact customers to respond to inquiries or to notify them of claim investigation results or any planned adjustments. | Check to ensure that appropriate changes were made to resolve customers' problems."
telecom-bss:wf_collections,43-3011,Bill and Account Collectors,0.8,"Locate and monitor overdue accounts, using computers and a variety of automated systems. | Locate and notify customers of delinquent accounts by mail, telephone, or personal visits to solicit payment. | Arrange for debt repayment or establish repayment schedules, based on customers' financial situations. | Notify credit departments, order merchandise repossession or service disconnection, and turn over account records to attorneys when customers fail to respond to collection attempts. | Receive payments and post amounts paid to customer accounts. | Record information about financial status of customers and status of collection efforts."
telecom-bss:wf_billrun_catalog,43-3021,Billing and Posting Clerks,0.4,"Prepare itemized statements, bills, or invoices and record amounts due for items purchased or services rendered. | Compute credit terms, discounts, shipment charges, or rates for goods or services to complete billing documents. | Review compiled data on operating costs and revenues to set rates. | Consult sources, such as rate books, manuals, or insurance company representatives, to determine specific charges or information such as rules, regulations, or government tax and tariff information. | Update manuals when rates, rules, or regulations are amended."
telecom-bss:wf_billrun_catalog,15-1211,Computer Systems Analysts,0.4,"Expand or modify system to serve new purposes or improve work flow. | Test, maintain, and monitor computer programs and systems, including coordinating the installation of computer programs and systems. | Troubleshoot program and system malfunctions to restore normal functioning. | Develop, document, and revise system design procedures, test procedures, and quality standards. | Coordinate and link the computer systems within an organization to increase compatibility so that information can be shared."
telecom-bss:wf_field,43-5032,"Dispatchers, Except Police, Fire, and Ambulance",0.6,"Schedule or dispatch workers, work crews, equipment, or service vehicles to appropriate locations, according to customer requests, specifications, or needs, using radios or telephones. | Receive or prepare work orders. | Relay work orders, messages, or information to or from work crews, supervisors, or field inspectors, using telephones or two-way radios. | Record and maintain files or records of customer requests, work or services performed, charges, expenses, inventory, or other dispatch information."
telecom-bss:wf_field,49-2022,"Telecommunications Equipment Installers and Repairers, Except Line Installers",0.25,"Assemble and install communication equipment such as data and telephone communication lines, wiring, switching equipment, wiring frames, power apparatus, computer systems, and networks. | Test connections to ensure that power supplies are adequate and that communications links function. | Maintain computer and manual records pertaining to facilities and equipment. | Demonstrate equipment to customers and explain its use, responding to any inquiries or complaints."
trade-finance:tf-lc-issuance,43-4131,Loan Interviewers and Clerks,0.3,"Record applications for loan and credit, loan information, and disbursements of funds, using computers. | Prepare and type loan applications, closing documents, legal documents, letters, forms, government notices, and checks, using computers. | Verify and examine information and accuracy of loan application and closing documents."
trade-finance:tf-lc-issuance,43-9021,Data Entry Keyers,0.15,"Read source documents such as canceled checks, sales reports, or bills, and enter data in specific data fields or onto tapes or disks for subsequent entry, using keyboards or scanners. | Compare data with source documents, or re-enter data in verification format to detect errors. | Locate and correct data entry errors, or report them to supervisors."
trade-finance:tf-lc-issuance,43-4021,Correspondence Clerks,0.2,"Read incoming correspondence to ascertain nature of writers' concerns and to determine disposition of correspondence. | Prepare documents and correspondence, such as damage claims, credit and billing inquiries, invoices, and service complaints. | Route correspondence to other departments for reply."
trade-finance:tf-doc-exam,43-4131,Loan Interviewers and Clerks,0.25,"Verify and examine information and accuracy of loan application and closing documents. | Contact customers by mail, telephone, or in person concerning acceptance or rejection of applications. | File and maintain loan records."
trade-finance:tf-doc-exam,43-4021,Correspondence Clerks,0.2,"Gather records pertinent to specific problems, review them for completeness and accuracy, and attach records to correspondence as necessary. | Compose letters in reply to correspondence concerning such items as requests for merchandise, damage claims, credit information requests, delinquent accounts, incorrect billing, or unsatisfactory service. | Complete form letters in response to requests or problems identified by correspondence."
trade-finance:tf-doc-exam,43-4071,File Clerks,0.3,"Scan or read incoming materials to determine how and where they should be classified or filed. | Keep records of materials filed or removed, using logbooks or computers and generate computerized reports. | Place materials into storage receptacles, such as file cabinets, boxes, bins, or drawers, according to classification and identification information. | Input data, such as file numbers, new or updated information, or document information codes into computer systems to support document and information retrieval."
trade-finance:tf-sanctions-tbml,13-1041,Compliance Officers,0.15,"Identify compliance issues that require follow-up or investigation. | Evaluate applications, records, or documents to gather information about eligibility or liability issues. | Prepare reports of activities, evaluations, recommendations, or decisions. | Report law or regulation violations to appropriate boards or agencies."
trade-finance:tf-sanctions-tbml,13-2099,"Fraud Examiners, Investigators and Analysts",0.2,"Conduct in-depth investigations of suspicious financial activity, such as suspected money-laundering efforts. | Analyze financial data to detect irregularities in areas such as billing trends, financial relationships, and regulatory compliance procedures. | Review reports of suspected fraud to determine need for further investigation. | Document all investigative activities."
trade-finance:tf-guarantees,23-2011,Paralegals and Legal Assistants,0.1,"Prepare, edit, or review legal documents, including legislation, briefs, pleadings, appeals, wills, contracts, and real estate closing statements. | Prepare affidavits or other documents, such as legal correspondence, and organize and maintain documents in paper or electronic filing system."
trade-finance:tf-guarantees,43-4131,Loan Interviewers and Clerks,0.15,"Prepare and type loan applications, closing documents, legal documents, letters, forms, government notices, and checks, using computers. | File and maintain loan records."
trade-finance:tf-guarantees,13-2072,Loan Officers,0.1,"Review loan agreements to ensure that they are complete and accurate according to policy. | Approve loans within specified limits, and refer loan applications outside those limits to management for approval."
trade-finance:tf-limits-settlement,43-3031,"Bookkeeping, Accounting, and Auditing Clerks",0.2,"Reconcile records of bank transactions. | Debit, credit, and total accounts on computer spreadsheets and databases, using specialized accounting software. | Perform financial calculations, such as amounts due, interest charges, balances, discounts, equity, and principal. | Reconcile or note and report discrepancies found in records."
trade-finance:tf-limits-settlement,13-2041,Credit Analysts,0.15,"Analyze credit data and financial statements to determine the degree of risk involved in extending credit or lending money. | Complete loan applications, including credit analyses and summaries of loan requests, and submit to loan committees for approval."
trade-finance:tf-limits-settlement,43-4131,Loan Interviewers and Clerks,0.1,"Check value of customer collateral to be held as loan security. | Establish credit limits and grant extensions of credit on overdue accounts. | Calculate, review, and correct errors on interest, principal, payment, and closing costs, using computers or calculators."
trade-finance:tf-client-advisory,13-2072,Loan Officers,0.2,"Meet with applicants to obtain information for loan applications and to answer questions about the process. | Explain to customers the different types of loans and credit options that are available, as well as the terms of those services. | Obtain and compile copies of loan applicants' credit histories, corporate financial statements, and other financial information. | Market bank products to individuals and firms, promoting bank services that may meet customers' needs."
trade-finance:tf-client-advisory,43-4051,Customer Service Representatives,0.1,"Confer with customers by telephone or in person to provide information about products or services, take or enter orders, cancel accounts, or obtain details of complaints. | Keep records of customer interactions or transactions, recording details of inquiries, complaints, or comments, as well as actions taken."
utility-billing-cis:wf-meter-to-bill,43-5041,"Meter Readers, Utilities",0.8,"Read electric, gas, water, or steam consumption meters and enter data in route books or hand-held computers. | Upload into office computers all information collected on hand-held computers during meter rounds, or return route books or hand-held computers to business offices so that data can be compiled. | Walk or drive vehicles along established routes to take readings of meter dials. | Verify readings in cases where consumption appears to be abnormal, and record possible reasons for fluctuations. | Report to service departments any problems, such as meter irregularities, damaged equipment, or impediments to meter access, including dogs."
utility-billing-cis:wf-meter-to-bill,43-3021,Billing and Posting Clerks,0.5,"Verify accuracy of billing data and revise any errors. | Prepare itemized statements, bills, or invoices and record amounts due for items purchased or services rendered. | Compute credit terms, discounts, shipment charges, or rates for goods or services to complete billing documents. | Resolve discrepancies in accounting records. | Keep records of invoices and support documents."
utility-billing-cis:wf-customer-contact,43-4051,Customer Service Representatives,0.55,"Confer with customers by telephone or in person to provide information about products or services, take or enter orders, cancel accounts, or obtain details of complaints. | Keep records of customer interactions or transactions, recording details of inquiries, complaints, or comments, as well as actions taken. | Obtain and examine all relevant information to assess validity of complaints and to determine possible causes, such as extreme weather conditions that could increase utility bills. | Resolve customers' service or billing complaints by performing activities such as exchanging merchandise, refunding money, or adjusting bills. | Refer unresolved customer grievances to designated departments for further investigation."
utility-billing-cis:wf-customer-contact,43-5041,"Meter Readers, Utilities",0.05,"Answer customers' questions about services and charges, or direct them to customer service centers."
utility-billing-cis:wf-service-orders,43-4051,Customer Service Representatives,0.25,"Complete contract forms, prepare change of address records, or issue service discontinuance orders, using computers. | Determine charges for services requested, collect deposits or payments, or arrange for billing. | Check to ensure that appropriate changes were made to resolve customers' problems."
utility-billing-cis:wf-service-orders,43-5032,"Dispatchers, Except Police, Fire, and Ambulance",0.6,"Schedule or dispatch workers, work crews, equipment, or service vehicles to appropriate locations, according to customer requests, specifications, or needs, using radios or telephones. | Receive or prepare work orders. | Relay work orders, messages, or information to or from work crews, supervisors, or field inspectors, using telephones or two-way radios. | Record and maintain files or records of customer requests, work or services performed, charges, expenses, inventory, or other dispatch information. | Prepare daily work and run schedules."
utility-billing-cis:wf-service-orders,43-5041,"Meter Readers, Utilities",0.1,Connect and disconnect utility services at specific locations. | Update client address and meter location information.
utility-billing-cis:wf-collections,43-3011,Bill and Account Collectors,0.85,"Locate and monitor overdue accounts, using computers and a variety of automated systems. | Locate and notify customers of delinquent accounts by mail, telephone, or personal visits to solicit payment. | Arrange for debt repayment or establish repayment schedules, based on customers' financial situations. | Confer with customers by telephone or in person to determine reasons for overdue payments and to review the terms of sales, service, or credit contracts. | Notify credit departments, order merchandise repossession or service disconnection, and turn over account records to attorneys when customers fail to respond to collection attempts. | Record information about financial status of customers and status of collection efforts."
utility-billing-cis:wf-collections,43-4051,Customer Service Representatives,0.1,Contact customers to respond to inquiries or to notify them of claim investigation results or any planned adjustments.
utility-billing-cis:wf-payments-cash,43-3031,"Bookkeeping, Accounting, and Auditing Clerks",0.5,"Receive, record, and bank cash, checks, and vouchers. | Check figures, postings, and documents for correct entry, mathematical accuracy, and proper codes. | Reconcile or note and report discrepancies found in records. | Reconcile records of bank transactions. | Prepare bank deposits by compiling data from cashiers, verifying and balancing receipts, and sending cash, checks, or other forms of payment to banks."
utility-billing-cis:wf-payments-cash,43-3021,Billing and Posting Clerks,0.2,"Return checks to customers or retrieve checks returned to customers in error, adjusting accounts and answering inquiries about errors as necessary. | Post stop-payment notices to prevent payment of protested checks. | Compare previously prepared bank statements with canceled checks and reconcile discrepancies."
utility-billing-cis:wf-payments-cash,43-3011,Bill and Account Collectors,0.05,Receive payments and post amounts paid to customer accounts.
utility-billing-cis:wf-rates-regulatory,43-3021,Billing and Posting Clerks,0.1,"Consult sources, such as rate books, manuals, or insurance company representatives, to determine specific charges or information such as rules, regulations, or government tax and tariff information. | Update manuals when rates, rules, or regulations are amended. | Review compiled data on operating costs and revenues to set rates. | Answer inquiries regarding rates, routing, or procedures."
utility-billing-cis:wf-rates-regulatory,13-1041,Regulatory Affairs Specialists,0.4,"Interpret regulatory rules or rule changes and ensure that they are communicated through corporate policies and procedures. | Coordinate, prepare, or review regulatory submissions for domestic or international projects. | Prepare or direct the preparation of additional information or responses as requested by regulatory agencies. | Recommend changes to company procedures in response to changes in regulations or standards."
warehouse-management:wf_receive_putaway,43-5071,"Shipping, Receiving, and Inventory Clerks",0.35,"Examine shipment contents and compare with records, such as manifests, invoices, or orders, to verify accuracy. | Record shipment data, such as weight, charges, space availability, damages, or discrepancies, for reporting, accounting, or recordkeeping purposes. | Confer or correspond with establishment representatives to rectify problems, such as damages, shortages, or nonconformance to specifications."
warehouse-management:wf_receive_putaway,53-7051,Industrial Truck and Tractor Operators,0.45,"Move levers or controls that operate lifting devices, such as forklifts, lift beams with swivel-hooks, hoists, or elevating platforms, to load, unload, transport, or stack material. | Manually or mechanically load or unload materials from pallets, skids, platforms, cars, lifting devices, or other transport vehicles. | Move controls to drive gasoline- or electric-powered trucks, cars, or tractors and transport materials between loading, processing, and storage areas."
warehouse-management:wf_receive_putaway,53-7065,Stockers and Order Fillers,0.2,"Receive and count stock items, and record data manually or on computer. | Store items in an orderly and accessible manner in warehouses, tool rooms, supply rooms, or other areas. | Compare merchandise invoices to items actually received to ensure that shipments are correct."
warehouse-management:wf_pick_pack_ship,53-7065,Stockers and Order Fillers,0.55,"Read orders to ascertain catalog numbers, sizes, colors, and quantities of merchandise. | Obtain merchandise from bins or shelves. | Issue or distribute materials, products, parts, and supplies to customers or coworkers, based on information from incoming requisitions. | Keep records of out-going orders."
warehouse-management:wf_pick_pack_ship,53-7064,"Packers and Packagers, Hand",0.7,"Examine and inspect containers, materials, or products to ensure that product quality and packing specifications are met. | Measure, weigh, and count products and materials. | Mark and label containers, container tags, or products, using marking tools. | Record product, packaging, and order information on specified forms and records."
warehouse-management:wf_pick_pack_ship,43-5071,"Shipping, Receiving, and Inventory Clerks",0.35,"Prepare documents, such as work orders, bills of lading, or shipping orders, to route materials. | Pack, seal, label, or affix postage to prepare materials for shipping, using hand tools, power tools, or postage meter. | Determine shipping methods, routes, or rates for materials to be shipped."
warehouse-management:wf_pick_pack_ship,53-7062,"Laborers and Freight, Stock, and Material Movers, Hand",0.5,"Move freight, stock, or other materials to and from storage or production areas, loading docks, delivery vehicles, ships, or containers, by hand or using trucks, tractors, or other equipment. | Sort cargo before loading and unloading. | Record numbers of units handled or moved, using daily production sheets or work tickets."
warehouse-management:wf_inventory_control,53-7065,Stockers and Order Fillers,0.15,"Take inventory or examine merchandise to identify items to be reordered or replenished. | Determine proper storage methods, identification, and stock location, based on turnover, environmental factors, and physical capabilities of facilities. | Examine and inspect stock items for wear or defects, reporting any damage to supervisors."
warehouse-management:wf_inventory_control,43-5071,"Shipping, Receiving, and Inventory Clerks",0.15,"Record shipment data, such as weight, charges, space availability, damages, or discrepancies, for reporting, accounting, or recordkeeping purposes. | Requisition and store shipping materials and supplies to maintain inventory of stock."
warehouse-management:wf_inventory_control,13-1081,Logisticians (O*NET 13-1081.02 Logistics Analysts),0.3,"Monitor inventory transactions at warehouse facilities to assess receiving, storage, shipping, or inventory integrity. | Maintain databases of logistics information. | Identify opportunities for inventory reductions. | Compute reporting metrics, such as on-time delivery rates, order fulfillment rates, or inventory turns."
warehouse-management:wf_wave_labor,53-1047,First-Line Supervisors of Transportation and Material Moving Workers (O*NET 53-1043.00 and 53-1042.00),0.45,"Plan work assignments and equipment allocations to meet transportation, operations or production goals. | Review orders, production schedules, blueprints, or shipping or receiving notices to determine work sequences and material shipping dates, types, volumes, or destinations. | Plan work schedules and assign duties to maintain adequate staff for effective performance of activities and response to fluctuating workloads. | Explain and demonstrate work tasks to new workers or assign training tasks to experienced workers. | Enforce safety rules and regulations."
warehouse-management:wf_wave_labor,11-3071,"Transportation, Storage, and Distribution Managers (O*NET 11-3071.04 Supply Chain Managers)",0.25,"Determine appropriate equipment and staffing levels to load, unload, move, or store materials. | Define performance metrics for measurement, comparison, or evaluation of supply chain factors, such as product cost or quality. | Evaluate and select information or other technology solutions to improve tracking and reporting of materials or products distribution, storage, or inventory."
warehouse-management:wf_dock_yard,43-5032,"Dispatchers, Except Police, Fire, and Ambulance",0.3,"Schedule or dispatch workers, work crews, equipment, or service vehicles to appropriate locations, according to customer requests, specifications, or needs, using radios or telephones. | Prepare daily work and run schedules. | Monitor personnel or equipment locations and utilization to coordinate service and schedules."
warehouse-management:wf_dock_yard,43-5071,"Shipping, Receiving, and Inventory Clerks",0.1,"Contact carrier representatives to make arrangements or to issue instructions for shipping and delivery of materials. | Compute amounts, such as space available, shipping, storage, or demurrage charges, using computer or price list."
warehouse-management:wf_dock_yard,53-1047,First-Line Supervisors of Transportation and Material Moving Workers (O*NET 53-1042.00),0.15,Schedule times of shipment and modes of transportation for materials. | Examine freight to determine loading sequences.
warehouse-management:wf_exceptions,43-5061,"Production, Planning, and Expediting Clerks",0.25,"Confer with establishment personnel, vendors, or customers to coordinate production or shipping activities and to resolve complaints or eliminate delays. | Contact suppliers to verify shipment details. | Compile information, such as production rates and progress, materials inventories, materials used, or customer information, so that status reports can be completed."
warehouse-management:wf_exceptions,13-1081,Logisticians (O*NET 13-1081.02 Logistics Analysts),0.3,"Communicate with or monitor service providers, such as ocean carriers, air freight forwarders, global consolidators, customs brokers, or trucking companies. | Track product flow from origin to final delivery. | Enter logistics-related data into databases."
warehouse-management:wf_exceptions,15-1211,Computer Systems Analysts,0.2,"Troubleshoot program and system malfunctions to restore normal functioning. | Coordinate and link the computer systems within an organization to increase compatibility so that information can be shared. | Provide staff and users with assistance solving computer-related problems, such as malfunctions and program problems."
wealth-portfolio-accounting:wpa_recon,43-3031,"Bookkeeping, Accounting, and Auditing Clerks",0.35,"Reconcile or note and report discrepancies found in records. | Check figures, postings, and documents for correct entry, mathematical accuracy, and proper codes. | Compare computer printouts to manually maintained journals to determine if they match. | Debit, credit, and total accounts on computer spreadsheets and databases, using specialized accounting software."
wealth-portfolio-accounting:wpa_recon,13-2011,Accountants and Auditors,0.15,"Review accounts for discrepancies and reconcile differences. | Inspect cash on hand, notes receivable and payable, negotiable securities, and canceled checks to confirm records are accurate. | Prepare, examine, or analyze accounting records, financial statements, or other financial reports to assess accuracy, completeness, and conformance to reporting and procedural standards."
wealth-portfolio-accounting:wpa_corp_actions_pricing,43-4011,Brokerage Clerks,0.3,"Document security transactions, such as purchases, sales, conversions, redemptions, or payments, using computers, accounting ledgers, or certificate records. | Verify ownership and transaction information and dividend distribution instructions to ensure conformance with governmental regulations, using stock records and reports. | Compute total holdings, dividends, interest, transfer taxes, brokerage fees, or commissions and allocate appropriate payments to customers. | Monitor daily stock prices and compute fluctuations to determine the need for additional collateral to secure loans."
wealth-portfolio-accounting:wpa_corp_actions_pricing,43-3031,"Bookkeeping, Accounting, and Auditing Clerks",0.15,"Perform financial calculations, such as amounts due, interest charges, balances, discounts, equity, and principal. | Classify, record, and summarize numerical and financial data to compile and keep financial records, using journals and ledgers or computers."
wealth-portfolio-accounting:wpa_corp_actions_pricing,13-2051,Financial and Investment Analysts,0.05,"Interpret data on price, yield, stability, future investment-risk trends, economic influences, and other factors affecting investment programs. | Evaluate and compare the relative quality of various securities in a given industry."
wealth-portfolio-accounting:wpa_client_reporting,13-2051,Financial and Investment Analysts,0.15,"Draw charts and graphs, using computer spreadsheets, to illustrate technical reports. | Create client presentations of plan details. | Present oral or written reports on general economic trends, individual corporations, and entire industries."
wealth-portfolio-accounting:wpa_client_reporting,13-2052,Personal Financial Advisors,0.1,"Prepare or interpret for clients information, such as investment performance reports, financial document summaries, or income projections."
wealth-portfolio-accounting:wpa_client_reporting,43-3031,"Bookkeeping, Accounting, and Auditing Clerks",0.1,"Compile statistical, financial, accounting, or auditing reports and tables pertaining to such matters as cash receipts, expenditures, accounts payable and receivable, and profits and losses."
wealth-portfolio-accounting:wpa_client_reporting,43-4011,Brokerage Clerks,0.1,Prepare reports summarizing daily transactions and earnings for individual customer accounts.
wealth-portfolio-accounting:wpa_advisor_review,13-2052,Personal Financial Advisors,0.45,"Review clients' accounts and plans regularly to determine whether life changes, economic changes, environmental concerns, or financial performance indicate a need for plan reassessment. | Interview clients to determine their current income, expenses, insurance coverage, tax status, financial objectives, risk tolerance, or other information needed to develop a financial plan. | Manage client portfolios, keeping client plans up-to-date. | Answer clients' questions about the purposes and details of financial plans and strategies. | Contact clients periodically to determine any changes in their financial status."
wealth-portfolio-accounting:wpa_advisor_review,41-3031,"Securities, Commodities, and Financial Services Sales Agents",0.25,Complete sales order tickets and submit for processing of client-requested transactions. | Review all securities transactions to ensure accuracy of information and conformance to governing agency regulations. | Discuss financial options with clients and keep them informed about transactions.
wealth-portfolio-accounting:wpa_alts_data,43-9021,Data Entry Keyers,0.3,"Read source documents such as canceled checks, sales reports, or bills, and enter data in specific data fields or onto tapes or disks for subsequent entry, using keyboards or scanners. | Compare data with source documents, or re-enter data in verification format to detect errors. | Compile, sort, and verify the accuracy of data before it is entered. | Locate and correct data entry errors, or report them to supervisors."
wealth-portfolio-accounting:wpa_alts_data,43-3031,"Bookkeeping, Accounting, and Auditing Clerks",0.1,Code documents according to company procedures. | Transfer details from separate journals to general ledgers or data processing sheets.
wealth-portfolio-accounting:wpa_alts_data,13-2011,Accountants and Auditors,0.05,"Review data about material assets, net worth, liabilities, capital stock, surplus, income, or expenditures."
wealth-portfolio-accounting:wpa_onboarding_billing,43-4141,New Accounts Clerks,0.4,"Compile information about new accounts, enter account information into computers, and file related forms or other documents. | Interview customers to obtain information needed for opening accounts or renting safe-deposit boxes. | Investigate and correct errors upon customers' request, according to customer and bank records."
wealth-portfolio-accounting:wpa_onboarding_billing,43-4011,Brokerage Clerks,0.2,"Prepare forms, such as receipts, withdrawal orders, transmittal papers, or transfer confirmations, based on transaction requests from stockholders. | Schedule and coordinate transfer and delivery of security certificates between companies, departments, and customers."
wealth-portfolio-accounting:wpa_onboarding_billing,43-3021,Billing and Posting Clerks,0.3,"Verify accuracy of billing data and revise any errors. | Prepare itemized statements, bills, or invoices and record amounts due for items purchased or services rendered. | Resolve discrepancies in accounting records."
wealth-portfolio-accounting:wpa_onboarding_billing,13-2052,Personal Financial Advisors,0.05,"Open accounts for clients, and disburse funds from accounts to creditors as agent for clients."
