category,company,founded,hq,funding_usd,strategy,traction,source
core-banking,Thought Machine,2014,"London, UK","About $510M+ across Series A-D (Series D $160M, May 2022, at $2.7B valuation led by Temasek)",migration,"Tier 1 clients named: Intesa Sanpaolo, Lloyds Banking Group, ING, SEB, Standard Chartered, plus JPMorgan Chase. In Sept 2026, with AWS, launched an AI tool (Vault Forge plus AWS Transform) to turn mainframe or COBOL product logic into cloud-native products",https://www.thoughtmachine.net/press-releases/series-d
core-banking,Mambu,2011,"Amsterdam, Netherlands","Series E EUR235M (about $266M) at EUR4.9B valuation, Dec 2021. EUR387M raised in total",greenfield,200+ customers globally at the time of the Series E,https://tech.eu/2021/12/09/mambu-mambos-on-over-to-e235-million-in-new-raise-at-e4-9-billion-valuation/
core-banking,10x Banking,2015,"London, UK","GBP40M debt and equity from AshGrove Capital (Aug 2026). Before that, about $45M in Jan 2024 (BlackRock, JPMorgan). Total in the low hundreds of millions of USD, not confirmed from a primary source",migration,"Clients include Chase UK (JPMorgan), Westpac and Old Mutual. More than 10 new financial institutions onboarded in the 12 months to Aug 2026",https://tech.eu/2026/08/04/10x-banking-banks-ps40m-in-debt-and-equity-raise/
core-banking,Pismo (Visa),2016,"Sao Paulo, Brazil","Acquired by Visa for $1B all cash (announced June 2023, closed 16 Jan 2024)",greenfield,Almost 80M accounts and 40M+ payment cards. About 50B API calls a year for transactions totalling $40B,https://finovate.com/visa-acquires-pismo-to-become-core-banking-provider/
core-banking,Finxact (Fiserv),2016,"Jacksonville, Florida, US",Fiserv bought the remaining stake for about $650M (closed April 2022),acquire,Now listed among Fiserv's principal account processing platforms and sold globally (Fiserv 2024 10-K),https://www.bankingdive.com/news/fiserv-buys-finxact-for-650m/618465/
core-banking,Zeta,Not stated in opened source,"Bengaluru, India",$250M from SoftBank Vision Fund 2 at $1.45B valuation (May 2021),greenfield,"Clients include HDFC Bank, Kotak Mahindra, Axis, IndusInd, Yes Bank, RBL and SBM Bank India. 10+ banks and 25+ fintechs in 8 countries. CEO says most banks still run software from the mainframe and COBOL era",https://www.zeta.tech/in/press/zeta-funding-omni-stack
core-banking,Maximum,2026 (launch),Not stated in opened source (US),$30M seed led by CRV (Aug 2026),ai-service,Pre-traction at launch. Positioned as an AI-native 'operating system' for banks that builds agentic AI into the core. Founder Randy Fernando previously sold Power Finance to Marqeta for $275M cash plus $25M in equity,https://www.americanbanker.com/news/new-fintech-maximum-aims-to-take-on-the-core-banking-cabal
card-payments-processing,Marqeta,2010,"Oakland, California, US",Public (NASDAQ: MQ). Funding total not taken from the 10-K.,greenfield,2025 total processing volume $382.5B (+31% YoY). Net revenue $624.9M (+23%). Certified in 40+ countries.,https://www.sec.gov/Archives/edgar/data/1522540/000152254026000017/mq-20251231.htm
card-payments-processing,Zeta (Tachyon / Omni Stack),Not stated in source (founders Bhavin Turakhia and Ramki Gaddipati),"Bengaluru, India",$250M Series C from SoftBank Vision Fund 2 at a $1.45B valuation (2021),migration,"At the time of the round: 10+ banks and 25 fintechs in 8 countries, incl. HDFC, Axis, Kotak, IndusInd, Yes Bank. Cloud-native credit and debit processing pitched as a replacement for mainframe processors.",https://www.zeta.tech/in/press/zeta-funding-omni-stack
card-payments-processing,Pismo (Visa),Not stated in source,Not stated in Visa release,Acquired by Visa (completed Jan 2024). Deal value not stated in the Visa release.,acquire,"Cloud-native core banking and issuer processing across credit, debit, prepaid and commercial cards via APIs. Now sold through Visa's global client base.",https://usa.visa.com/about-visa/newsroom/press-releases.releaseId.20301.html
card-payments-processing,Thredd (formerly Global Processing Services),Not stated in source,"London, UK","$400M round (Oct 2021 + Jan 2022) co-led by Advent International and Viking Global, with Temasek, MissionOG and Visa",greenfield,"At the time of the round: 1.3B+ transactions a year, 190M cards issued to date, 48 countries. Clients include Revolut, Starling, Curve, Zilch, Paidy.",https://techcrunch.com/2022/01/13/global-processing-services-adds-100m-to-its-coffers-to-grow-its-embedded-finance-and-api-payments-platform/
card-payments-processing,Highnote,2020,"San Francisco, US","About $145M total, incl. $90M Series B led by Adams Street (Jan 2025)",greenfield,"Card issuing, credit program management and acquiring platform. Forbes Fintech 50 in 2024, 2025 and 2026.",https://en.wikipedia.org/wiki/Highnote_(platform)
card-payments-processing,M2P Fintech,Not stated in source,"Chennai, India",About $100M Series D led by Helios Investment Partners (Sep 2024) at about $790M valuation,greenfield,"Powers 200+ banks and 300+ lenders in 30+ markets. FY23 operating revenue Rs 440.7 crore (2.26x YoY). Expanding into ASEAN, Middle East and Africa.",https://entrackr.com/2024/09/m2p-fintech-raises-over-100-mn-in-primary-and-secondary-funding/
loan-origination-servicing,Valon,2019,"New York, US","$230M total; $100M Series C (Oct 2024) at a $1.1B valuation; Rithm Capital minority stake (2026, terms undisclosed)",ai-service,"$65B+ of mortgages serviced, a top-15 US subservicer (2024). Newrez (Rithm) will begin moving about 4M servicing customers to ValonOS in 2027.",https://www.housingwire.com/articles/mortgage-servicing-startup-valon-100m-series-c-funding/
loan-origination-servicing,Sagent,2018 (carved out of Fiserv Lending Solutions),"Dallas, TX, US",Warburg Pincus bought 55% in 2018 (price not found). Amount not verified.,migration,"16M+ active loans, $2.5T+ UPB, 40+ clients. Took over Mr. Cooper's cloud servicing platform in 2022.",https://sagent.com/about/
loan-origination-servicing,nCino,2011,"Wilmington, NC, US",Public (NASDAQ: NCNO); FY2026 revenue $594.8M,greenfield,"FY2026 subscription revenue $523.1M (+12%). 2,700+ customers, including about 1,500 depository institutions, in 25+ countries (10-K per search; the press release confirms 1,500+ depository institutions).",https://www.ncino.com/news/ncino-fourth-quarter-fiscal-year-2026-results
loan-origination-servicing,Vesta,2020,"San Francisco, US",$35M by Jan 2022 ($30M Series A led by a16z); later rounds reportedly bring the total to about $55M (unverified),greenfield,Cloud mortgage LOS that competes with Encompass. No customer count was disclosed in the source.,https://www.housingwire.com/articles/mortgage-origination-startup-vesta-raises-30m/
loan-origination-servicing,LoanPro,2014,"Farmington, UT, US","$100M Series A (FTV Capital, July 2021)",greenfield,"600+ lenders and $15B+ loans under management (2021), US and Canada",https://www.prnewswire.com/news-releases/loanpro-secures-100-million-series-a-investment-from-ftv-capital-301325306.html
loan-origination-servicing,Mambu,2011,"Amsterdam, Netherlands (founded in Berlin)",$266M Series E (Dec 2021) at $5.5B post-money,greenfield,"50M+ end users in 65+ countries, including APAC lenders",https://www.ftpartners.com/transactions/mambu-seriese
loan-origination-servicing,Lentra,2019,"Mumbai, India","$60M Series B (Nov 2022) at a $400M+ valuation, plus a $27M extension (2023); reportedly about $104M total",greenfield,"50+ clients including HDFC Bank, Federal Bank, Standard Chartered and IDFC First. $21B of loans processed by 2022.",https://techcrunch.com/2022/11/13/citi-india-investment-saas-startup-lentra-funding
loan-origination-servicing,kennek,2021,"London, UK","$12.5M seed (Oct 2023, led by HV Capital), after a $4.5M pre-seed",greenfield,Lending OS from origination through servicing and investor reporting for UK alternative and private-credit lenders. No client count disclosed.,https://www.finsmes.com/2023/10/kennek-raises-12-5m-in-seed-funding.html
mortgage-servicing,Valon (Valon Technologies; ValonOS),2019,US (New York; HQ not stated in the source opened),"$230M total as of the Oct 2024 $100M Series C (WestCap, a16z) at a $1.1B valuation",greenfield,"$65B in mortgages serviced by Oct 2024. Carrington bought Valon Mortgage on Aug 4 2026 (about 810K loans, combined book near 2M) and is adopting ValonOS as its core servicing platform. Valon Technologies keeps ValonOS to license to others.",https://www.housingwire.com/articles/carrington-acquires-valon-mortgage/
mortgage-servicing,Sagent (Dara cloud-native servicing),2018 (spun out of Fiserv Lending Solutions),"Dallas, TX, US",Warburg Pincus majority stake (2018). Mr. Cooper took a 20% stake in 2022 in exchange for its servicing platform IP. Amounts not given in the source opened.,acquire,"Mr. Cooper (book of about $710B MSR at the time) signed a 7-year commitment. Sagent reports 16M+ active loans, $2.5T+ UPB and 40+ clients.",https://www.nationalmortgagenews.com/news/mr-cooper-gains-20-stake-in-sagent
mortgage-servicing,PennyMac Servicing Systems Environment (in-house build),Rolled out over years; contract to leave MSP noticed in 2019,"Westlake Village, CA, US",Internal build (public company); not applicable,other,"Moved PennyMac's servicing off MSP onto a cloud-based, module-by-module platform, giving more than 18 months' notice. Shows that large servicers can build in-house.",https://s201.q4cdn.com/340896660/files/doc_presentations/2019/11/2019-Servicing-Systems-Environment-FAQ.pdf
mortgage-servicing,Brace,2017,"Los Angeles, US","30M+ total (Series B $15.7M, Jan 2021, led by Canvas Ventures)",overlay,Overlay for loss mitigation and default servicing that works with large servicers. The CEO frames it as unlocking value 'inside legacy core systems'. Named clients not disclosed.,https://www.housingwire.com/articles/brace-picks-up-15-7-million-in-series-b-funding-round/
mortgage-servicing,Thought Machine (Vault Core),2014,"London, UK",About $585M (Series A-D; $160M Series D in 2022 at $2.7B valuation),greenfield,"UK specialist mortgage lender Together chose Vault (2022) to replace its core systems. Other named clients include Lloyds, JPMorgan Chase, Standard Chartered, Intesa Sanpaolo and Atom.",https://www.thoughtmachine.net/press-releases/together-selects-thought-machine-to-modernise-technology-stack
mortgage-servicing,Lentra,2019,"Mumbai/Pune, India","$60M Series B (Nov 2022, Bessemer, SIG, Citi Ventures) at a valuation over $400M. Cumulative total not stated in the source opened.",greenfield,"50+ clients incl. HDFC Bank, Federal Bank, Standard Chartered, IDFC First. $21B of loans processed by Nov 2022. Strongest in origination and decisioning; servicing coverage is less clear.",https://techcrunch.com/2022/11/13/citi-india-investment-saas-startup-lentra-funding
insurance-policy-admin,EIS (EIS Group),"2008 (as Exigen Insurance Services, rebranded EIS 2014)","San Francisco, US (HQ not stated on the opened page)","Not stated on the opened page. TPG Growth invested in 2021. Third-party trackers in search snippets say about $162-177M, unverified.",greenfield,"Cloud-native core suite (EIS OneSuite powered by CoreGentic, launched Oct 2025). Named clients include Aflac, Allstate, Liberty Mutual, Nationwide and Principal. First core-system vendor certified to ISO/IEC 42001 (2025).",https://www.eisgroup.com/company/
insurance-policy-admin,Socotra,2014,"Austin, Texas, US","$96M total ($50M Series C led by Insight Partners, Mar 2022)",greenfield,"ARR up more than 9.5x over three years. 17 new insurtech customers in 2021. Customers include AXA, Mutual of Omaha, Symetra, MS Amlin, IAG, Hippo and Bamboo.",https://www.insightpartners.com/ideas/socotra-raises-50-million-series-c-funding-round-led-by-insight-partners-to-fuel-growth-as-the-trusted-core-platform-for-insurtechs-and-innovative-carriers/
insurance-policy-admin,Pace,2024/2025 (sources differ),"New York, US","About $56M ($10M Series A led by Sequoia, Jan 2026; $46M Series B co-led by Thrive and Sequoia, Jun 2026)",overlay,"250,000+ insurance workflows completed autonomously. Clients include Prudential, Palomar, Convex and WTW. Resolves about 90% of Palomar policy-servicing tasks. Agents operate legacy and green-screen systems.",https://fintech.global/2026/06/01/pace-lands-46m-funding-round-to-automate-insurance-workflows/
insurance-policy-admin,Zinnia (Eldridge),Not stated on the opened page,US,Owned by Eldridge. No venture funding disclosed on the page.,migration,100+ life and annuity carriers. Over $190B AUM enabled. About 700K annuity e-applications a year. Zahara PAS. Offers PAS conversions and migrations without a big-bang cutover.,https://zinnia.com/
insurance-policy-admin,INSTANDA,Not stated on the opened page,"London, UK","Over $85M total (incl. $20M round led by CommerzVentures, Oct 2025)",greenfield,"Over 80 tier-1 and MGA clients. No-code policy admin and product build, expanding in North America and Europe.",https://instanda.com/news/instanda-secures-20-million-investment-round-led-by-commerzventures-to-accelerate-global-expansion
insurance-policy-admin,eBaoTech,2000,"Shanghai, China",Not stated in the opened source,overlay,"InsureMO middle-office API platform sits beside traditional cores to allow gradual core modernization. About 100 tenants and 1,000+ products at the 2018 global launch. Business in 40 countries.",https://www.prnewswire.com/in/news-releases/ebaotech-announces-global-launch-of-ebaocloud-insuremo-665854713.html
insurance-claims,EvolutionIQ (acquired by CCC Intelligent Solutions),2019,"New York, US",Acquired for $730M (closed January 2025),overlay,"AI guidance for disability and injury claims, adopted by several of the largest US insurers. Sits on top of existing claims systems.",https://www.carriermanagement.com/news/2024/12/23/269761.htm
insurance-claims,Five Sigma,2017,"Tel Aviv, Israel / New York, US","About $20M across three rounds (seed $6M 2019, Series A $12M 2021, $2M 2022)",greenfield,"Cloud-native, AI-native SaaS claims management system replacing core claims. Estimated revenue $10.1M in 2024, up from $2.9M in 2023 (third-party estimate).",https://getlatka.com/companies/five-sigma
insurance-claims,Snapsheet,Not stated in source,"Chicago, US","Over $100M total (Series E2 $30M, March 2021)",greenfield,"100+ clients, millions of claims processed, $7B+ in appraisals. Investors include Nationwide, Liberty Mutual, Intact Ventures.",https://www.snapsheetclaims.com/post/snapsheet-claims-management-platform-leader-secures-30mm-in-series-e2-financing
insurance-claims,Shift Technology,2014,"Paris, France / Boston, US",$220M Series D (2021) at $1B+ valuation,overlay,100+ customers in 25 countries. Nearly 2 billion claims analysed. AI fraud detection and claims automation on top of the core.,https://www.builtinboston.com/articles/shift-technology-raises-220m-1b-valuation
insurance-claims,Tractable,2014,"London, UK",$65M Series E led by SoftBank Vision Fund 2 (2023). Unicorn valuation since 2021.,overlay,"Processes $7B+ in annualised auto and home repairs. Customers include American Family and Aviva, with strong Japan presence.",https://coverager.com/tractable-raises-65-million-led-by-softbank/
insurance-claims,CLARA Analytics,2017,"Santa Clara, California, US","$60M total ($24M Series C, Sep 2023)",overlay,"AI for casualty and workers' comp claims. Customers include Berkshire Hathaway Homestate, AmTrust, Amerisure, QBE.",https://claraanalytics.com/news/clara-analytics-raises-24m-in-series-c-funding-accelerating-ai-adoption-for-insurance-claims/
insurance-claims,Sprout.ai,Not stated in source,"London, UK","GBP 5.4M round (Oct 2023, Amadeus Capital, Praetura)",ai-service,"AI claims automation for carriers and TPAs. Clients include MetLife, Generali, AdvanceCare. Claims up to 50% lower handling cost (vendor claim).",https://www.amadeuscapital.com/insurtech-sprout-ai-raises-5-4-million-from-global-investors-to-transform-claims-processing/
insurance-claims,Igloo,Not stated in source (Singapore full-stack insurtech),"Singapore (offices in ID, TH, PH, VN, MY)",$46M Series B (2022),greenfield,"End-to-end automated claims for embedded and parametric insurance. 55+ partners in 7 countries, 300M+ policies facilitated.",https://iglooinsure.com/press/regional-insurtech-igloo-extends-series-b-to-us46-million-will-build-on-core-capabilities-to-sustain-growth-and-strengthen-lead-across-key-markets-in-southeast-asia/
wealth-portfolio-accounting,Ridgeline,2017,US (HQ city not stated in cited source),"$250M Series E (Sept 2026) at $1.425B valuation, led by Dave Duffield",greenfield,"$750B assets committed to platform, projected $1T by early 2027; clients include Cabot Wealth, Tower Bridge Advisors (migrating from a legacy portfolio accounting and trading system), Smead",https://www.wealthmanagement.com/advisor-support-platforms/investment-management-platform-ridgeline-raises-250m-series-e
wealth-portfolio-accounting,Addepar,Not stated in cited source,New York (per FinSMEs),$230M Series G (May 2025) at about $3.25B valuation; EDBI (Singapore) participated,greenfield,"Over $7 trillion assets on platform, 50+ countries, offices incl. London, Edinburgh, Pune, Dubai",https://www.finsmes.com/2025/05/addepar-raises-230m-in-series-g-funding-at-3-25-billion-valuation.html
wealth-portfolio-accounting,Clearwater Analytics,Not stated in cited 10-K section (IPO Sept 2021),"Boise, Idaho",Public (NYSE: CWAN); acquired Enfusion for about $1.5B and Beacon for about $560M in 2025,acquire,"2,500+ clients in 50+ countries, $10T+ assets on platform (FY2025 10-K); positions against high-cost legacy technologies",https://www.sec.gov/Archives/edgar/data/1866368/000186636826000011/cwan-20251231.htm
wealth-portfolio-accounting,Masttro,Not stated in cited source,"New York (offices in Switzerland, Mexico, Chile)","$43M growth equity (Mar 2023), led by FTV Capital with Citi Ventures",overlay,Hundreds of family office and UHNW clients; business tripled over three years before the raise,https://www.finsmes.com/2023/03/masttro-secures-43m-in-growth-equity-funding.html
wealth-portfolio-accounting,Privé Technologies,Not stated on cited page,Not stated on cited page (Asia-focused),Not disclosed on cited page,overlay,"Client logos include Citibank, UOB, SMBC, BEA, HSBC INKA; serves institutions across Asia and Europe",https://www.privetechnologies.com/
trade-finance,Traydstream,"2016 (UK incorporation, per company site)","London, UK","US$11M interim round (Aug 2025, Pivot Investment Partners and e& capital). Earlier: Series A $8M (2021) and Series B $21M (2023). Search snippets put the total at about $66M; not confirmed on a page I opened.",overlay,"Active in 66 countries. Says transaction volume doubles each year. Partners and clients include Deutsche Bank, Citi, ABSA, SMBC and Stanbic. Integrates with Surecomp.",https://www.gtreview.com/news/digital-trade/traydstream-raises-us11mn-in-latest-funding-round/
trade-finance,Komgo,2018,"Geneva, Switzerland (implied by the CHF raise and Swiss shareholders)","US$28.9M (CHF26M) third round, June 2021, with SMBC as a new investor. Search snippets put the total at about $33M; not confirmed on a page I opened.",greenfield,"17 named shareholders, including ABN Amro, BNP Paribas, Citi, Shell and Total. Platform transactions rose by half year on year (2021). Acted as digital agent on Sucafina's US$500M facility.",https://www.gtreview.com/news/digital-trade/95078/
trade-finance,Conpend AI,2016,"Amsterdam, Netherlands",Undisclosed seed in 2019 (neosfer). Majority acquired by Cape Investment Partners in July 2025.,ai-service,TRADE AI for documentary trade checking. Danske Bank adopted it. 43 employees.,https://tracxn.com/d/companies/conpend-ai/__3Chuz544X_bgP87U9dJ6LDn8b9AApG950MUPRxPhWv0
trade-finance,TradeSun,Not found,"Del Mar, California, US",Sources conflict. Tracxn lists no funding rounds. A PitchBook search snippet (not opened) says $19.4M.,overlay,"AI document checking and compliance screening for banks. 28 employees (April 2026). A Wells Fargo agreement (April 2024) was announced, but the press release page returned 403.",https://tracxn.com/d/companies/tradesun/__9ixOhU0yhGuXFxeQBsp36bbpCKKIEwRnj8c5kjCSAi8
erp-manufacturing,Katana,2017,"Tallinn, Estonia","About $11M Series A (2021, Atomico), $35M Series B (2022, Northzone) and a €14M Series B extension (2025, Cogito). Roughly $60M+ in total.",greenfield,"More than 1,500 product-based businesses in 70 countries, at the time of the Series B extension",https://katanamrp.com/newsroom/
erp-manufacturing,Fulcrum (Fulcrum Pro),Not stated in source,"Minneapolis, MN, US","$18M Series A2 (May 2023, Bessemer); $39.9M total",greenfield,"SMB job-shop and fabrication manufacturers in North America, South America, Europe, Asia and Australia, making about $1.6B of parts a year",https://fulcrumpro.com/article/fulcrum-raises-18m-to-fuel-the-future-of-manufacturing
erp-manufacturing,Doss,2022,Not stated in source,"$55M Series B (Mar 2026, Madrona and Premji Invest); about $73M total per secondary sources",overlay,Mid-market physical-goods brands with $20-250M revenue (for example Verve Coffee Roasters). AI operations and inventory layer that plugs into existing ERPs and accounting systems.,https://techcrunch.com/2026/03/24/doss-raises-55m-for-ai-inventory-management-that-plugs-into-erp/
erp-manufacturing,Odoo,2002,Belgium,€500M secondary transaction at a €5B valuation (Nov 2024),greenfield,"Over 13 million users and 7,000 new clients a month, growing about 40% a year. Includes MRP/BOM apps widely used by SMB manufacturers, including in SEA.",https://www.odoo.com/blog/odoo-news-5/odoo-s-a-announces-a-500-million-transaction-increasing-the-belgian-unicorn-s-valuation-to-5-billion-1508
erp-manufacturing,Plex Systems (Rockwell Automation),Not stated in source,"Troy, Michigan, US",Acquired by Rockwell Automation for $2.22B in cash (2021),acquire,"Over 700 customers, more than 8 billion transactions a day. Cloud manufacturing ERP/MES.",https://www.rockwellautomation.com/en-fi/company/news/press-releases/rockwell-automation-to-expand-industrial-cloud-software-offering.html
erp-distribution,Proton.ai,Not confirmed in opened source,"Boston, US","$20M Series A (Jan 2022, Felicis; Battery, MSC Direct)",overlay,Customers average 17x gross-margin improvement and 5-10% top-line lift (company claim). MSC Industrial is a customer and investor.,https://www.mdm.com/news/operations/finance/proton-ai-closes-20m-in-funding/
erp-distribution,Conexiom,2005 (as ecMarket),"Vancouver, Canada","$130M growth (Warburg Pincus, Sept 2021) plus $40M (2020); Luminate majority",overlay,Serves 16 of the top 20 industrial distributors and processes 1B+ line items a year (2025 PR). 65% YoY growth in H1 2021.,https://betakit.com/conexiom-secures-130-million-in-growth-investment/
erp-distribution,Endeavor,2023,"San Francisco, US","$7M seed (Craft Ventures, Heartland, Contrary, BoxGroup)",ai-service,"AI order entry, quoting and AP for manufacturers and distributors. Deployed at ClarkDietrich Building Systems.",https://industrialmachinerydigest.com/software/endeavor-raises-7m-to-revitalize-american-manufacturing-with-ai/
erp-distribution,Doss,2022,"San Francisco, US (per press)","$55M Series B (Mar 2026, Madrona and Premji Invest); ~$73M total per press",overlay,"AI-native inventory and operations layer for $20-250M physical-goods companies, mainly consumer brands. Works with Rillet, Campfire and QuickBooks.",https://techcrunch.com/2026/03/24/doss-raises-55m-for-ai-inventory-management-that-plugs-into-erp/
erp-distribution,Acumatica,2008,"Bellevue, WA, US",Being acquired by Vista Equity Partners (announced May 2025; ~$2B reported); EQT-backed since 2019,migration,"Cloud-native ERP with a distribution edition and 10,000+ customers (reported). A common destination for GP and legacy distribution ERP users.",https://www.vistaequitypartners.com/news/acumatica-to-be-acquired-by-vista-equity-partners/
financial-close-gl,Rillet,Emerged from stealth 2024 (founding year not confirmed in sources opened),San Francisco (offices in New York and Barcelona),"$200M+ total: $25M Series A (Sequoia), $70M Series B (a16z, ICONIQ, Aug 2025), $100M Series C at $1B valuation (ICONIQ, Aug 2026)",greenfield,"600+ customers and ARR doubled in 3 months (Aug 2026), plus an EY alliance. Positions against NetSuite, Sage Intacct, Dynamics and Acumatica.",https://techcrunch.com/2026/08/19/rillet-raises-100m-series-c-at-1b-valuation-2-years-after-emerging-from-stealth/
financial-close-gl,Campfire,Not stated in source opened (third-party reports say 2023),San Francisco (per BuiltIn SF listing; not confirmed in source opened),"About $100M: $35M Series A (Accel) plus $65M Series B (Accel, Ribbit, Oct 2025)",greenfield,"10x revenue year to date in 2025. Customers include PostHog, Decagon, Replit and LimaOne (MFA). Reports migrations completed off SAP.",https://campfire.ai/blog/campfire-65-million-series-b-co-led-by-accel-and-ribbit
financial-close-gl,DualEntry,2024,"New York, NY","$100M+ total including $90M Series A (Lightspeed, Khosla, GV, Oct 2025)",migration,"$100B in AI-automated journal entries processed and thousands of users. Migrates customers from NetSuite, Sage Intacct, SAP, Dynamics, Great Plains, QuickBooks Desktop and PeopleSoft, with 24-hour 'NextDay Migration'.",https://www.dualentry.com/funding-announcement
financial-close-gl,Numeric,Not stated in source opened,San Francisco,"$89M total including $51M Series B (IVP, Nov 2025)",overlay,Close management on top of existing ERPs. Brex raised its cash match rate from 30% to over 90%. Customers include Public.com and Clipboard Health.,https://www.cpapracticeadvisor.com/2025/11/20/ai-accounting-platform-numeric-raises-51m-series-b/173638/
financial-close-gl,FloQast,2013,Los Angeles,"$100M Series E at $1.6B valuation (ICONIQ Growth, Apr 2024)",overlay,"2,600+ accounting teams and $100M ARR (Apr 2024). Customers include Twilio, Zoom and Snowflake.",https://www.globenewswire.com/news-release/2024/04/10/2860782/0/en/FloQast-Secures-100-Million-in-Series-E-Funding-Achieving-1-6-Billion-Valuation.html
financial-close-gl,BlackLine,2001,"Los Angeles area (public, NASDAQ: BL)",Public company (no venture funding figure applicable),overlay,"4,394 customers at 31 Dec 2025. Integrates with and partly displaces close work in SAP, Oracle and Dynamics. Launched Verity AI suite in Sep 2025.",https://www.sec.gov/Archives/edgar/data/1666134/000162828026011915/bl-20251231.htm
payroll-hr,Workday,2005,"Pleasanton, CA, US",Public (NASDAQ: WDAY),greenfield,"More than 11,500 customers, 65%+ of the Fortune 500, 75M+ users under contract (FY2026 10-K). The main enterprise replacement for PeopleSoft, SAP HCM and Lawson.",https://www.sec.gov/Archives/edgar/data/1327811/000132781126000014/wday-20260131.htm
payroll-hr,Rippling,2016,"San Francisco, US",$450M Series G at $16.8B valuation (May 2025); about $1.85B raised in total,greenfield,"20,000+ customers, about $570M ARR (early 2025)",https://techcrunch.com/2025/05/09/rippling-raises-450m-at-a-16-8b-valuation-reveals-yc-is-a-customer
payroll-hr,Deel,2019,"San Francisco, US",$300M Series E at $17.3B valuation (Oct 2025),greenfield,"$1B+ ARR, 35,000+ customers, 150+ countries, $22B payroll a year, 1.5M+ workers",https://www.deel.com/blog/new-investment-valuation/
payroll-hr,Gusto,2011,"San Francisco, US",$746M+ raised. $9.3B valuation in a June 2025 tender offer.,greenfield,Passed $1B annual revenue by early 2026. Replaces spreadsheet and bureau payroll at US SMBs.,"https://en.wikipedia.org/wiki/Gusto,_Inc."
payroll-hr,Darwinbox,2015,"Hyderabad, India","$140M round co-led by Partners Group and KKR (Mar 2025), valuation of $1B+",greenfield,"1,000+ enterprise customers, 3M+ employees, 130+ countries. Expanding in APAC, the Middle East, the UK and the US.",https://darwinbox.com/blog/partners-group-kkr-investment-140m
payroll-hr,Employment Hero,2014,"Sydney, Australia","A$263M Series F led by TCV (Oct 2023), valuation near A$2B, $650M+ raised in total",greenfield,"200,000+ Australian SMEs, manages $75B in salaries (2023). Also in UK, NZ, SG, MY.",https://www.capitalbrief.com/briefing/employment-hero-funding-round-pushes-valuation-towards-2b-f9fc280b-1f47-4952-b995-397a41ed9c72/
payroll-hr,Mekari (Talenta),2015 (Mekari group). Founding year not confirmed on the page read.,"Jakarta, Indonesia",Series C (amount not confirmed; the case study cites a $100M Series C),greenfield,"Talenta grew from 250 to 1,000 enterprise clients in 18 months (agency case study). Handles PPh 21 and BPJS payroll.",https://kaliber.asia/case-talenta
payroll-hr,Sprout Solutions,2015,"Manila, Philippines",$10.7M Series B (Apr 2023); $18.3M raised in total,greenfield,"1,000+ clients incl. AyalaLand, Canva, Lalamove, Dole",https://www.thesaasnews.com/news/sprout-solutions-raises-10-7-million-in-series-b/
payroll-hr,Omni HR,2021,Singapore,$7.4M Series A led by Picus Capital (Dec 2024); $9.8M raised in total,greenfield,"Hundreds of customers, users in 79 countries, payroll in 10+ APAC countries plus the US and UK",https://www.omnihr.co/blog/omni-hr-funding-2024
payroll-hr,Base.vn,2016,"Hanoi, Vietnam",Undisclosed seed from 500 Startups and VIISA (2018). FPT Software took a corporate majority stake later (not confirmed on the page read).,greenfield,"500+ SME and corporate customers in Vietnam in 2018 (ACB, VIB, MK Group)",https://e27.co/base-vn-raises-funding-500-startups-viisa-20180813/
procurement-ap,Ramp,2019,"New York, US",$1.9B equity raised; $500M Series E-2 at $22.5B valuation (Jul 2025),greenfield,"40,000+ companies; $80B+ annualised purchase volume (cards + bill pay); cash-flow positive in 2025",https://www.prnewswire.com/news-releases/ramp-raises-500-million-at-22-5-billion-valuation-to-accelerate-ai-and-build-the-future-of-finance-302516953.html
procurement-ap,Zip,2020,"San Francisco, US","$190M Series D at $2.2B valuation (Oct 2024, led by BOND)",overlay,"$107B spend processed; 3.9M suppliers; customers incl. Dollar Tree, Prudential, Snowflake, Northwestern Mutual",https://zip.com/blog/series-d
procurement-ap,Tipalti,Not stated in source read,"Not stated in source read (Israeli-founded, US-based per press)",$270M Series F at $8.3B valuation (Dec 2021); $550M+ total at the time,greenfield,"2,000+ customers; $30B+ annual payments volume, growing 120% YoY (Dec 2021)",https://pulse2.com/tipalti-270-million-series-f-funding-and-8-3-billion-valuation/
procurement-ap,Vic.ai,2017,"New York, US and Oslo, Norway",$52M Series C (Dec 2022); $115M total,overlay,"500M+ invoices processed; 10,000+ customers (accounting firms and enterprises)",https://www.vic.ai/news/vic-ai-secures-52m-in-series-c-funding-to-expand-suite-of-ai-enterprise-fintech-offerings
procurement-ap,Stampli,2015,Not stated in source read (US),"$61M Series D (Oct 2023, Blackstone-led); $148M+ total",overlay,"1,300 AP customers; 1M+ invoices worth $5B+ processed in Aug 2023",https://www.cpapracticeadvisor.com/2023/10/03/ap-automation-company-stampli-nets-61m-in-vc-funding/95365/
procurement-ap,Levelpath,2022,Not stated in source read (US),"$55M+ Series B (Jun 2025, Battery Ventures); $100M+ total",greenfield,"Enterprise customers incl. GATX; AI-native agents for sourcing, supplier onboarding and risk",https://www.levelpath.com/blog/levelpath-raises-additional-55m-to-bring-ai-native-procurement-to-the-enterprise
procurement-ap,Omnea,2022,"London, UK","$50M Series B (Sep 2025, Insight Partners and Khosla); $75M+ total",overlay,"Revenue up 5x in 12 months; customers incl. Spotify, Albertsons, Wise, Adecco, MongoDB, Monzo",https://www.omnea.co/resource/series-b-announcement
procurement-ap,Pivot,2023,"Paris, France","$40M Series B (May 2026, Forestay and Notion Capital); $70M total",greenfield,"25+ countries; enterprise customers DoorDash, Lemonade, Flix",https://www.startup.eu/investments/pivot-40-m-series-b-05-2026
procurement-ap,Aerchain,2019,"Bengaluru, India","$13M Series A (Mar 2026, Pavestone, IndiaMART); $3M pre-Series A earlier",overlay,50+ enterprise customers in 30+ countries; $45B spend managed,https://inc42.com/buzz/aerchain-bags-13-mn-to-scale-agentic-ai-platform-for-enterprise-procurement/
procurement-ap,Eezee,Not stated in source read,Singapore,"$5M pre-Series B (Feb 2026, Korea Investment Partners SEA)",ai-service,"Operating in SG, MY, ID, PH, TH; operationally profitable in ID and MY; AI RFQBot and ProcureFlow for tail spend",https://asiatechdaily.com/eezee-raises-us5m-to-scale-ai-procurement-across-southeast-asia-can-tail-end-spend-be-the-next-saas-frontier/
procurement-ap,Coupa (Thoma Bravo),Not stated in source read,"San Mateo, US",Taken private for about $8.0B enterprise value (completed Feb 2023),acquire,Cloud BSM incumbent that took share from on-prem P2P; customer count not disclosed in release,https://www.thomabravo.com/press-releases/thoma-bravo-completes-acquisition-of-coupa-software
ehr-hospital,Avelios Medical,2020 (per search results; not in the opened tech.eu article),"Munich, Germany","About $31M (EUR 30M, Feb 2025, led by Sequoia)",greenfield,"Contracts with several of Germany's largest public and private hospitals (named in search results as Sana Kliniken, LMU Munich and Hannover Medical School). Positioned as the SAP IS-H successor ahead of SAP's exit.",https://tech.eu/2025/02/06/avelios-raises-30m-series-b-led-by-sequoia-for-hospital-data-system-overhaul/
ehr-hospital,Abridge,About 2018,US (city not stated in the opened article),"$300M Series E (June 2025, a16z) at a $5.3B valuation, after a $250M Series D (Feb 2025). An extension in April 2026 was reported in search results.",overlay,"Used by 150+ of the largest US health systems, integrated with Epic. $117M contracted ARR in Q1 2025.",https://techcrunch.com/2025/06/24/in-just-4-months-ai-medical-scribe-abridge-doubles-valuation-to-5-3b/
ehr-hospital,Heidi Health,Not stated in the opened source,"Melbourne, Australia","$65M Series B (Oct 2025, Point72) at a $465M valuation; about $100M raised in total",overlay,"73M consults supported and 2M a week, across 116 countries and 110 languages. Says it has returned 18M+ clinician hours.",https://www.medicaleconomics.com/view/heidi-raises-65-million-to-expand-ai-care-partner-for-clinicians
ehr-hospital,Oracle Health (new AI EHR),"Launched Aug 13, 2025 (Oracle bought Cerner in 2022)","Austin, TX, US",Corporate (Oracle); Cerner acquisition about $28.2B,migration,"Cloud-native, voice-first EHR on OCI. Starting in US ambulatory care, with acute-care capability planned for 2026 as a replacement path for Millennium customers.",https://www.techtarget.com/searchhealthit/news/366629120/Oracle-Health-releases-AI-powered-ambulatory-EHR
ehr-hospital,KareXpert Technologies,2018,"Gurugram, India",About $4M (Rs 30 crore from Reliance/Jio). Search results cite about $7M in total.,greenfield,"Cloud SaaS HIS/EMR. Search results cite about 100 hospitals, including Reliance Foundation Hospitals; not confirmed in the opened page.",https://thebiostartups.com/news/10/28/saas-based-digital-health-platform-karexpert-technologies-pvt-ltd.html
medical-billing-rcm,AKASA,2018 (as Alpha Health),"South San Francisco, CA, US","$60M Series B (Mar 2021, BOND lead, verified on company press page). Aggregator multiples.vc lists $205M total incl. a $120M Series C (Jun 2024), not verified at a primary source",overlay,Customers include Methodist Health System. Models trained on 178M+ claims and remittances (2021 release). Integrates on top of Epic and other EHRs,https://akasa.com/press/akasa-raises-60-million-in-series-b-round
medical-billing-rcm,Smarter Technologies (Access Healthcare + SmarterDx + Thoughtful.ai),2025 (combination by New Mountain Capital),Not stated in source,Not disclosed; New Mountain Capital's largest platform investment to date,ai-service,"200+ clients incl. 60+ hospitals and health systems, $800M+ expected annual revenue (May 2025)",https://www.healthcaredive.com/news/new-mountain-capital-creates-ai-revenue-cycle-management-company-smarter-technologies/748748/
medical-billing-rcm,Candid Health,Not stated in source,Not stated in source (US),"$52.5M Series C (Feb 2025, Oak HC/FT lead); $99.5M total",greenfield,Revenue grew nearly 250% YoY in 2024. Targets 'touchless claim rate' and multi-site provider groups,https://hitconsultant.net/2025/02/12/candid-health-raises-52-5m-for-autonomous-revenue-cycle-automation-platform/
medical-billing-rcm,Adonis,2022,"New York City, US","$40M Series C (Mar 2026, Quadrille Capital lead); over $95M total",overlay,More than 4x revenue growth in 2025; net retention over 130%,https://fintech.global/2026/03/26/adonis-bags-40m-to-transform-ai-revenue-cycle-management/
medical-billing-rcm,IKS Health (acquirer of TruBridge),"Not stated in source (India-origin, US/IN operations)",Not stated in source,"Acquisition at $26.25 per TruBridge share (about $557M), closed Jul 2026",acquire,"Gains TruBridge's 1,500+ rural and community hospital clients, pairing an AI-led services model with a legacy system of record",https://www.sec.gov/Archives/edgar/data/0001169445/000119312526172139/d46312dex991.htm
lab-information,LigoLab,2006,"Glendale, CA, US",0 (bootstrapped; early customers prepaid),greenfield,"107 sites, 104 of them US independent labs (CAP TODAY 2020). A search-snippet estimate of ~$4M ARR (getlatka) is unverified.",https://www.ligolab.com/industry-insights/why-ligolabs-funding-choice-nearly-two-decades-ago-continues-to-benefit-the-company-and-its-customer
lab-information,CrelioHealth (formerly LiveHealth),2013 (per company profile timeline),"Pune/Delhi, India, with a US office",~1.5M total; 1.11M seed in 2018 from Nexus Venture Partners and others (search snippet citing Tracxn/Crunchbase; Crunchbase returned 403),greenfield,"Says it serves 2,500+ lab businesses worldwide (company brochure)",https://creliohealth.com/assets/all-brochures/Company-Profile-International-USA.pdf
lab-information,Scispot,Not stated in source,"Kitchener-Waterloo, Ontario, Canada","8M Series A (Aug 2026, led by Avenue Growth Partners)",overlay,100+ labs including molecular diagnostics and pathology; 250+ instrument types. Sells an AI-native operating layer that connects disconnected lab systems.,https://www.scispot.com/blog/scispot-series-a-funding
lab-information,Proscia,Not stated in source,"Philadelphia, US",130M total including a 50M round in Mar 2025 led by Insight Partners,overlay,"Concentriq platform used for 22,000+ patient diagnoses a day. 16 of top 20 pharma companies. FDA 510(k) and CE-IVDR. AI digital pathology on top of the anatomic-pathology LIS.",https://proscia.com/press-release/proscia-raises-50m-to-advance-ai-driven-pathology-and-deliver-the-future-of-precision-medicine
lab-information,Flabs,2023,"Noida, India","160K seed (100X.VC, Oct 2023), per search snippet; the 100X.VC page returned 404",greenfield,"Markets an AI-native cloud LIS for Indian diagnostic labs with WhatsApp report delivery. Claims to support 2,000+ NABL labs (company claim from snippet, unverified).",https://flabslis.com/blogs/top-10-pathology-labs-in-india
lab-information,Clinisys (consolidator),1988 (CliniSys); group formed 2022,"Tucson, AZ, US / Chertsey, UK","Corporate (Roper, then sold to private equity); not a VC-funded challenger",acquire,"Rolled up Sunquest, Horizon, ApolloLIMS, Atlas, Promium and Orchard. Claims 7,000+ labs in 42 countries and moves customers onto its cloud platform.",https://www.clinisys.com/us/en/history/
pharmacy-systems,Invatech Health (Titan PMR),c.2018 (company no. 12004003); Titan NHS-accredited 2019,"Bristol, UK","~£2.2M (~US$2.8M) mostly Innovate UK loans and grants, plus >£1M private investment in Titanverse per search snippet",greenfield,"Cloud PMR processing over 1.5M prescriptions per month, about 2% of the market (vendor). Reported at 1,000 pharmacies in England and Wales (trade press, not opened)",https://invatechhealth.com/resources/news/22m-innovation-funding-for-invatech-s-cutting-edge-titan-software/
pharmacy-systems,Foundation Health,2023,US (city not stated in source),"$26M total ($6M seed Mar 2024, $20M Series A Oct 2025 led by Define Ventures)",ai-service,PAIGE AI pharmacist assistant plus a digital pharmacy platform. Deployed at Intermountain Health and Hackensack Meridian Health; claims up to 75% admin workload reduction,https://theaiinsider.tech/2025/10/23/foundation-health-secures-20m-series-a-to-scale-ai-powered-infrastructure-for-pharmacy-operations-care-coordination-and-direct-to-patient-delivery/
pharmacy-systems,Asepha,2023,"Toronto, Canada (expanding to New York)","$4M seed (Jul 2025, Glasswing Ventures and Core Innovation Capital)",overlay,AI agents for prescription entry (96% accuracy claimed) and call handling (up to 70% of calls automated). Claims a 32% cut in manual labour cost in the first month; pharmacy count not disclosed,https://siliconangle.com/2025/07/14/agentic-ai-startup-asepha-bags-4m-seed-funding-automate-pharmacy-operations/
pharmacy-systems,Faks,2020,"Paris, France",~€6M (~US$6.5M) Series A Mar 2025 led by Speedinvest,overlay,"Connects 17,000+ pharmacies, 500 labs and 130 pharmacy groups; says 85% of French pharmacies use it. AI copilot for supplier, restocking and claims work around the LGO; expanding to Spain and Italy",https://siliconcanals.com/paris-based-faks-raises-e6m/
pharmacy-systems,RedSail Technologies (Axys cloud PMS),2020 (rebrand of Smith Technologies/QS/1 under Francisco Partners),"Spartanburg, SC, US","PE-backed (Francisco Partners, Leonard Green); amount undisclosed",acquire,"Rolled up QS/1, PioneerRx, BestRx and PrimeRx to ~16,000 US pharmacies (Feb 2026). Positions Axys as a cloud-native next-gen PMS for migration",https://www.rxradio.fm/business/redsail-technologies-acquires-primerx-16000-pharmacies
pharmacy-systems,Vmedis,Not stated (predecessor Medstore used from ~2013; Vmedis from ~2018-2019),Indonesia (city not stated),Undisclosed / none found,greenfield,Cloud pharmacy and clinic software for apotek with an AI agent (Vmedis Intelligence). Site claims users in 500+ cities across 38 provinces,https://vmedis.com/
pharmacy-systems,KiotViet,Not stated in source,Vietnam,Not stated in source,greenfield,"Cloud POS with a pharmacy module linked to Vietnam's national drug database and e-prescription system. Search snippets cite 300,000+ business users across all verticals",https://www.kiotviet.vn/quan-ly-nha-thuoc/
gov-tax,Fast Enterprises (FAST),1997,US (HQ city not stated in source read),Not disclosed (privately held; no venture funding found),greenfield,"GenTax used by over 60 tax and revenue agencies worldwide, including many US states, Canadian provinces, Denmark, Finland, Netherlands, Poland, NZ, Malaysia, Serbia. This is the modern COTS standard rather than AI-native.",https://www.fastenterprises.com/solutions/
gov-tax,SAP (S/4HANA Cloud via RISE),1972,"Walldorf, Germany",Public company; HMRC contract GBP 275m (about $370m) to 2035,migration,"Selected in 2026 to move HMRC ETMP (45+ tax regimes, GBP 800bn a year) from ECC 6.0 to S/4HANA on UK Sovereign Cloud with AI capabilities. This is an incumbent upgrade, not a new entrant.",https://news.sap.com/uk/2026/02/sap-selected-by-hmrc-to-lead-major-technology-transformation-of-the-uk-tax-system/
gov-tax,Mechanical Orchard,2022 (about 16 months before Feb 2024),Not stated in source read,"$24M Series A (Feb 2024, $95M valuation); later rounds reported in search results but not verified",migration,AI-assisted mainframe-to-cloud migration. Over $10M annual revenue by end of 2023 and profitable. The founder previously moved state and local government systems off mainframes. No named tax-agency customer found.,https://siliconangle.com/2024/02/07/mechanical-orchard-raises-22m-funding-help-companies-ditch-mainframes-cloud/
gov-tax,Staple AI,2019 (per search results; not in source opened),Singapore,"Undisclosed round led by Wavemaker Partners (DealStreetAsia, paywalled); total of about $4M in search results not verified",ai-service,"One of 6 finalists from 136 applicants in the World Bank GovTech Innovation Challenge (Dec 2025), building an e-commerce taxpayer identification and VAT compliance proof of concept for the Ghana Revenue Authority.",https://thedocs.worldbank.org/en/doc/44647b8e0496f7f015307ba9317b41ea-0350052025/original/GovTech-Innovation-Challenge-Awards-joint-communication-Final-Dec-2-2025.pdf
gov-tax,LG CNS (with Qualysoft),Not stated in source read,"Seoul, South Korea",Contract value Rp1.228 trillion (about $75M) for Coretax,greenfield,"Built Indonesia's Coretax to replace SIDJP. Development finished Dec 2024, DJP took over operations in April 2026, and LG CNS kept the maintenance contract.",https://nasional.kontan.co.id/news/mengenal-perusahaan-asing-di-balik-coretax-seharga-rp-13-triliun
gov-benefits,Nava PBC,2015,"Washington, DC","No VC funding disclosed. Revenue comes from government contracts, and Nava Labs (2024) is funded by philanthropy.",greenfield,"500+ staff by 2025. Prime contractor on 3 of 13 state paid-leave programs (Massachusetts PFML paid $2.6B to 475k+ applicants), UI modernisation in CA, NJ and IL, and CMS/HealthCare.gov and VA Caseflow work.",https://www.navapbc.com/nava-timeline
gov-benefits,Unite Us,2013,"New York, NY","$150M Series C (2021, ICONIQ Growth) at over $1.6B valuation. $35M Series B in 2019.",overlay,"Present in 42 states by end of 2020, with 16 new statewide networks that year. State partners include North Carolina and Virginia.",https://www.prnewswire.com/news-releases/unite-us-announces-it-has-raised-150m-to-scale-nationwide-social-care-infrastructure-301247923.html
gov-benefits,Propel,2014,"Brooklyn, NY","About $66.8M total (seed $4M 2017, Series A $12.8M 2018, Series B $50M 2022)",overlay,About a quarter of US SNAP households use the app,https://en.wikipedia.org/wiki/Propel_(company)
gov-benefits,Promise,Not stated in source,Not stated in source (US),"At least $40M ($15M Series A 2021, $25M Series B 2022 led by The General Partnership)",overlay,Agency customers and revenue grew 32-45x in 2021. Distributes government subsidies: in Louisville it paid out 10x what the city had disbursed.,https://techcrunch.com/2022/02/24/promise-government-installment-plans-raises-25m/
gov-benefits,Mechanical Orchard,"2022 (per search summary, not confirmed in source)",San Francisco (per search summary),"$50M Series B (2024, GV)",migration,Uses generative AI to rewrite mainframe COBOL into cloud apps (Imogen platform). Lists government among its sectors. No named benefits agency found.,https://www.gv.com/news/mechanical-orchard-ai
gov-benefits,Haqdarshak,2015,"Bengaluru, India",About $1.1M across early rounds plus an undisclosed pre-Series A1 (2023). Separately reported as INR 6.65 Cr pre-Series A.,overlay,"24 Indian states, 30,000+ trained field agents, 2.7M+ families served, INR 4,200 Cr of benefits accessed",https://inc42.com/buzz/haqdarshak-raises-funding-to-enable-easy-information-access-through-technology/
gov-licensing-permits,OpenGov,2012,"San Francisco, CA, US",About $128M venture funding (Wikipedia). Cox Enterprises took control in February 2024 at a $1.8B valuation. Earlier $51M Series D (2019).,acquire,"About 1,900 government entities (Feb 2024). Acquired ViewPoint, a cloud permitting and licensing platform with over 200 towns, cities, counties and state agencies (Sept 2019). Also acquired Cartegraph.",https://www.prnewswire.com/news-releases/opengov-acquires-permitting-and-licensing-cloud-leader-viewpoint-300911777.html
gov-licensing-permits,Clariti,2006,"Vancouver, Canada","About $26.6M across 4-5 rounds, latest a $10M debt round in July 2024 (Tracxn)",greenfield,"Cloud permitting, licensing and code enforcement for state and local government. Acquired CivCheck (AI plan review) and Camino. About 141 employees (Tracxn, 2026).",https://tracxn.com/d/companies/clariti/__uRg_ulp1qJBX17dM9KEigu9cIqcK3Ij79prtuj7lfek
gov-licensing-permits,Govstream.ai,2024 (began July 2024 per press),"Seattle, WA, US","$3.6M seed (Dec 2025), led by 47th Street Partners",ai-service,"Live with the City of Bellevue, WA, and deploying with more US cities. Products: PermitGuide, Application Assistant, First Review (AI pre-check and revision comparison).",https://www.finsmes.com/2025/12/govstream-ai-raises-3-6m-in-seed-funding.html
gov-licensing-permits,Symbium,2019,"San Francisco, CA, US",$4.1M seed (2019) plus an undisclosed 2023 round,overlay,"Computational-law instant permitting for solar, batteries, ADUs, EV chargers and heat pumps. 22 California cities as of Nov 2023.",https://www.canarymedia.com/articles/solar/ai-powered-permitting-is-speeding-up-solar-deployments-in-california
gov-licensing-permits,PermitFlow,2021,"New York, NY, US","About $90.5M total, including a $54M Series B (Dec 2025) led by Accel",other,"Sells to the applicant side (builders), not to agencies: over $20B of construction value, clients including Lennar and Amazon, and 7,000+ jurisdictions covered. Shows how fragmented legacy agency systems are, rather than replacing them directly.",https://www.alleywatch.com/2025/12/permitflow-permit-automation-software-construction-ai-platform-francis-thumpasery/
courts-justice,Learned Hand,Not found in opened sources,US (not specified in opened sources),"Not disclosed in opened sources. Search snippets cite about $5m raised before acquisition. Acquired by Clio on 30 Sep 2026, terms undisclosed",overlay,"AI workspace for judges and clerks that connects to court case management systems (bench memos, order drafting). Used by courts across the US, including Los Angeles County Superior Court, the largest US trial court",https://www.abajournal.com/news/article/clio-acquires-learned-hand-an-ai-company-for-courts-and-judges
courts-justice,Adalat AI,January 2024 (nonprofit),India,"Grant-funded (MIT Solve, Mulago, Echoing Green, Fast Forward, The/Nudge Institute). Operating budget about $239k-$358k a year. No VC equity",overlay,"AI real-time transcription and translation for courtrooms, free to courts. Live in 8 Indian states, expanded to Ghana (Nov 2024), pilots in Nigeria, Kenya and Bangladesh. Search snippets cite 4,000+ courts by March 2026",https://ssir.org/articles/entry/legal-tech-nonprofit-court-ai-injustices-india-court-system
courts-justice,eCourtDate,2018,"Miami, Florida, US",Bootstrapped (no funding disclosed),overlay,"Cloud-native court reminders, payments and workflow that read and write back to existing case management systems. Estimated revenue $1.1M (2024), up from $348K (2023). About 10 staff",https://getlatka.com/companies/ecourtdate
courts-justice,Journal Technologies (Daily Journal Corp),Not stated in opened source (subsidiary of Daily Journal Corp),"Los Angeles area, US (parent DJCO)",Public parent (NASDAQ: DJCO). Journal Technologies was about 80% of DJCO FY2025 revenue. Foreign revenue $11.9m in FY2025,greenfield,"Browser-based eCourt replacing mainframes. Won Court Services Victoria's A$89.2m replacement of the 30-year-old Courtlink mainframe. Present in about 37 US states, Australia and Canada",https://www.sec.gov/Archives/edgar/data/783412/000143774925038836/djco20250930_10k.htm
courts-justice,Tyler Technologies (Enterprise Justice SaaS),"Odyssey released 2003 (company is an older public incumbent, NYSE: TYL)","Plano, Texas, US",Public company,migration,Moves homegrown legacy court systems to cloud SaaS on AWS. Kentucky (2024) was the 22nd statewide Enterprise Justice implementation and the 3rd fully cloud statewide client,https://investors.tylertech.com/news/news-details/2024/Tyler-Technologies-to-Enhance-Court-Case-Accessibility-and-Efficiency-for-the-Commonwealth-of-Kentucky/default.aspx
courts-justice,CaseLines (Thomson Reuters),About 2013,UK,"Not disclosed. Acquired by Thomson Reuters Aug 2020, terms undisclosed",overlay,"Cloud court evidence and bundle platform used in UK criminal courts. Ontario Ministry of the Attorney General contract for civil, criminal and family courts. About 20 staff at acquisition",https://www.artificiallawyer.com/2020/08/13/thomson-reuters-buys-caselines/
land-registry,Landeed,2022,"Hyderabad, India","$5M round in Jan 2025 led by 10x Founders Fund. A prior $8.3M seed (Bayhouse, YC, Draper) was reported but not opened.",overlay,"1M+ monthly users across 24 states and 22 languages. The Terra AI product reached 50k users in its first month. Customers include HDFC Bank, Hero FinCorp and Amazon India (YC page).",https://www.ycombinator.com/companies/landeed
land-registry,Advara (Landgate spin-off),2015,"Perth, Australia",Adecco Holdings paid A$2M for 22% in Aug 2016 (reported). Majority owned by Landgate.,greenfield,"Cloud-native multi-tenant titling system replaced Landgate's Smart Register between 2015 and 2017. Lodgement processing fell from 30 minutes to 23 seconds, with A$52M savings over 5 years. Marketed to other Torrens registries.",https://www.governmentnews.com.au/digitally-disrupted-land-registry/
land-registry,Kofile (Kleio),2009,US,"PE-owned (Audax, 2020). Amount undisclosed.",ai-service,"Claims 3,000+ county governments. Kleio on Amazon Bedrock automates metadata extraction and indexing.",https://aws.amazon.com/blogs/publicsector/how-kofile-modernizes-county-records-with-ai-on-aws/
land-registry,Medici Land Governance,"2018 (as a Medici Ventures/Overstock portfolio firm, per search results)","Utah, US (inferred)",Undisclosed,greenfield,"Operates in 9 US states, with DuPage County Recorder as a partner. Has a 7-year Zambia contract for 4M titles.",https://www.mediciland.com/mediciland-about
land-registry,Propy,2017,US (not specified in source),$100M expansion financing (credit plus DeFi loans),acquire,$4B+ in blockchain-based transactions. Rolling up title and escrow firms with an AI escrow agent. Sits downstream of the registry rather than replacing it.,https://ventureburn.com/propy-100m-expansion-ai-blockchain/
land-registry,PEXA,2010,"Melbourne, Australia",ASX-listed,overlay,"13M+ property transactions worth about A$2tn in Australia. First UK digital remortgage in Sep 2022, lodged with HMLR.",https://www.pexa-group.com/content-hub/news/same-day-remortgaging-a-step-closer-as-pexa-completes-first-digitised-transaction-in-uk/
utility-billing-cis,Kraken Technologies,"Built inside Octopus Energy, spun out 2025/26. Founding year not stated in the source read.","London, UK","$1B round at $8.65B valuation (Dec 2025), led by D1 Capital with Fidelity International, Durable Capital and Ontario Teachers'",migration,"70M+ accounts licensed worldwide. Contracted annual revenue above $500M. Clients include EDF Energy, E.ON Next, Origin, Plenitude, Portsmouth Water, National Grid and Tokyo Gas.",https://www.kraken.tech/press-releases/octopus-energy-group-to-spin-out-kraken-at-valuation-of-usd8-65bn
utility-billing-cis,Current Software,Not stated in source,US (not specified in source),$2.75M seed led by Burnt Island Ventures and Bienville Capital (announced Apr 2026),greenfield,"Deployed at 80 utilities across 16 states. Average onboarding is 6-10 weeks, against 12+ months for typical implementations. Targets about 45,000 small US water utilities.",https://waterfm.com/billing-solutions-company-raises-2-75-million-seed-round/
utility-billing-cis,Itineris (UMAX),2013,Belgium,"€10.3M (2017, Gimv-led) and €16M (2022, Alychlo) per search results. Cobepa took a majority stake in June 2025 (amount undisclosed).",migration,"Customers include E.ON, Eneco, De Watergroep, Boston Water & Sewer Commission, City of Tallahassee and NYC DEP.",https://www.gimv.com/en/portfolio/itineris
utility-billing-cis,Smart Energy Water (SEW),2012,"Irvine, California, US","No VC confirmed. An $8.1M mezzanine deal (Golub, Lotus) appears in search results only.",overlay,Estimated revenue $81.8M in 2024 (Latka estimate). About 745 employees. Claims 575M end customers reached.,https://getlatka.com/companies/smart-energy-water
utility-billing-cis,Gentrack (g2 / g2.0),Not confirmed (35+ years operating),"Auckland, New Zealand",Public company (NZX/ASX: GTK); not venture-funded,migration,"60+ energy and water customers. Genesis Energy went live on g2.0 in Oct 2025, and ACEN (Philippines) is the first Asian full-stack g2.0 customer. FY25 revenue was NZ$230.2M (search result).",https://gentrack.com/fy25-annual-results-investor-briefing/
utility-billing-cis,Bynry (SMART360),Not stated in source,"Dover, Delaware, US, with operations in Pune, India","Small undisclosed amounts from Isle Utilities (strategic), Upekkha and Callapina Capital (pre-seed). About $100K per Crunchbase snippet.",greenfield,"AI-enabled cloud CIS for utilities with 3,000-100,000 connections. Stated goal is 1,000 small and mid-sized utilities by 2030. No customer count disclosed.",https://www.bynry.com/about-bynry
telecom-bss,Totogi,2021,"Austin, Texas, USA","100,000,000 (TelcoDR / Danielle Royston, May 2021)",overlay,"Charging-as-a-Service on AWS. Its Telco Ontology and 'BSS Magic' AI layer sit over Amdocs, Ericsson and Huawei stacks. Zain Sudan went live on charging in 18 days (company claim).",https://cloudcitynews.com/news/totogi-charges-into-the-cloud-future/
telecom-bss,"MATRIXX Software (acquired by Amdocs, Dec 2025)",2009,"Silicon Valley (Foster City), California, USA","About 100,000,000 by 2018 (Series C of $40M led by Sutter Hill), plus $50M from Francisco Partners in Oct 2021",greenfield,"Cloud-native real-time charging. Customers include Telstra, Vodafone NZ, Swisscom, 3 UK, Dish and Telefonica O2 Germany. Customer count grew 50% in the 18 months to 2021. Amdocs acquired it in Dec 2025.",https://www.sdxcentral.com/news/telco-billing-company-matrixx-raises-40-million-in-series-c/
telecom-bss,LotusFlare,2014,"USA (Santa Clara, CA)","About 10,000,000 disclosed ($4M seed and $6M Series A led by Social Capital). Ericsson took a minority stake in Dec 2025 (undisclosed).",greenfield,"DNO Cloud cloud-native BSS. Named customers: Deutsche Telekom, Globe Telecom (PH), A1 Telekom Austria, MTN.",https://en.wikipedia.org/wiki/LotusFlare
telecom-bss,Circles (Circles X),2016,Singapore,"Undisclosed rounds from Sequoia SEA, EDBI, Founders Fund and Warburg Pincus. A 2022 report valued it at about $2.5B.",greenfield,Provides the telco operating system for KDDI's povo2.0 in Japan (launched Sep 2021) and ran Live.On on XL Axiata in Indonesia. Its own MVNO operates in Singapore.,https://en.wikipedia.org/wiki/Circles.Life
telecom-bss,Qvantel (merged with Optiva),1995,"Helsinki, Finland","Not disclosed. Took over Optiva in a deal that cancelled US$108.6M of Optiva notes for cash, new Qvantel notes and equity (completed Dec 31, 2025).",acquire,"Combined company serves 70+ operators in 40+ countries with 1,000+ staff. Signed 4 new contracts within 3 months of closing, including an APAC deployment.",https://blog.qvantel.com/blog/qvantel-completes-acquisition-of-optiva-to-drive-the-next-evolution-of-ai-powered-bss
telecom-bss,Tecnotree,Listed Finnish company (founding date not verified in sources read),"Espoo, Finland","Public company (Nasdaq Helsinki). FY2025 net sales EUR 72.4M, order book EUR 107.5M",migration,BSS Suite 5.0 on microservices aligned with TM Forum ODA. ARR is 45.7% of sales and the operating margin 35.3%. Named a Gartner 2025 Visionary for AI in CSP operations.,https://www.tecnotree.com/investors_eng/releases/tecnotree-corporation-full-year-financial-report-1st-jan-31st-december-2025-unaudited/
freight-forwarding-customs,Raft (formerly Vector.ai),2017,"London, UK (offices in UK, India, US)","$30M Series B (Jul 2023, led by Eight Roads)",overlay,"AI shipment-execution layer for forwarders and customs brokers. Customers include 40% of A&A's Top 25 Global Freight Forwarders, EMO Trans, OIA Global and NNR Global Logistics.",https://aircargoweek.com/raft-raises-30m-to-transform-global-supply-chain-execution-with-ai/
freight-forwarding-customs,Expedock,"Not stated in the release opened (Filipino-founded, seed round in 2021)","San Francisco, US","$17.5M total ($13.5M Series A led by Insight Partners, 2022)",overlay,"12x growth in 2021. Processes tens of thousands of containers per week, turning paper documents into data inside forwarders' existing systems. Clients include Wayfair, ClearFreight and JUSDA.",https://www.prnewswire.com/news-releases/expedock-raises-13-5m-series-a-led-by-insight-partners-to-solve-and-accelerate-the-global-supply-chain-301601828.html
freight-forwarding-customs,KlearNow.AI,2018,"San Jose, US","$50M Series B (Dec 2021, led by Kayne Partners); about $66M total incl. $16M Series A (2020)",greenfield,"Customer base grew 10x and monthly revenue run rate grew 50x+ between Series A and Series B. Operates in US, Canada, UK and EU.",https://klearnow.ai/news/supply-chain-tech-firm-klearnow-raises-50-million-to-alleviate-global-supply-chain-constraints/
freight-forwarding-customs,Gaia Dynamics,2024,"Palo Alto, US","$7M seed (Sep 2026, led by Corazon Capital; backed by Andrew Ng's AI Fund)",overlay,"ARR up 8x in 12 months. Added about 800 accounts, including customs brokerages and Fortune 500 importers. Claims its AI passed three consecutive US Customs Broker License Exams.",https://www.gaiadynamics.ai/seed-round
freight-forwarding-customs,GoFreight,Not stated in the release opened,"Los Angeles, US","$23M Series A (Nov 2022, co-led by Flex Capital and Headline)",greenfield,Cloud forwarding management system replacing 20-plus-year-old ERPs at small and mid forwarders. Sales more than doubled in the year before the round.,https://www.prnewswire.com/news-releases/gofreight-raises-23m-to-automate-freight-forwarding-workflows-and-expand-its-team-301684587.html
freight-forwarding-customs,Freightify,2016,"Singapore (development centre in Chennai, India)","$12M Series A (Feb 2023, led by Sequoia India and Sequoia SEA); about $14.5M total",overlay,200+ freight forwarding companies in 45 countries using AI rate management and quoting.,https://aircargoweek.com/freightify-secures-12-million-as-it-democratises-access-to-best-prices-for-freight-forwarders/
freight-forwarding-customs,iCustoms.AI,Not stated in the post opened,"London, UK","$2.2M seed (Mar 2024, led by Fuel Ventures)",greenfield,"AI customs declarations for UK, Ireland and EU. Claims about 50% time and cost savings. Advised by ex-HMRC CIO Mark Denney.",https://www.icustoms.ai/blogs/raises-2-2-mil-to-revolutionise-trade-compliance/
warehouse-management,Deposco,Not stated in source,"Alpharetta, GA, US","$35M growth round led by NewSpring, March 2021",greenfield,"Over 120M package orders processed, 35M consumers served, about $10B GMV through the platform (2021)",https://deposco.com/blog/deposco-secures-35-million-in-new-growth-funding-led-by-newspring/
warehouse-management,Logiwa,Not stated in source,"Chicago, IL, US",$16.4M Series B led by NewRoad Capital Partners (June 2022). The Series B was later extended past $26.4M with Prologis Ventures and BAM Elevate.,greenfield,"Cloud/AI-native WMS for high-volume DTC and 3PL. Named customers include Badger Fulfillment, Flexport and eShipper+.",https://www.logiwa.com/press-release/logiwa-raises-16-4m-in-series-b-funding-as-company-aims-to-modernize-the-wms-market
warehouse-management,Unicommerce (Uniware),Incorporated 2012 (CIN L74140DL2012PLC230932),India (listed),"Public company. FY25 revenue INR 1,347.9M (about $16M), PAT INR 176.2M.",greenfield,"12,330+ client facilities (warehouses and stores), 953 enterprise clients, 982M+ annual transaction run-rate (Q4 FY25)",https://unicommerce.com/Unicommerce-Investor-Presentation-Q4FY25.pdf
warehouse-management,Anchanto,Not stated in source,Singapore,"S$16.6M (about $12.1M) Series C, Aug 2020. Investors include Asendia and MDI Ventures (Telkom Indonesia).",greenfield,"12,000+ businesses and sellers across 300+ enterprises. Customers include Nestle, Pos Malaysia, DKSH and DHL eCommerce. About $2.71B GMV processed.",https://www.finsmes.com/2020/10/anchanto-raises-s16-6m-in-series-c-funding.html
warehouse-management,Shipper,2017,Indonesia,$63M Series B led by DST Global partners and Sequoia Capital India (Apr 2021). Over $88M total.,other,"Tech-run fulfillment network with about 50 fulfillment centers, targeting 200 by end-2021, and 25,000 online sellers. Sells warehousing as a service rather than WMS software.",https://kr-asia.com/indonesian-logistics-company-shipper-bags-usd-63-million-in-series-b-funding
warehouse-management,BackOps,Not stated in source,Not stated in source,"$26M Series A led by Theory Ventures, with Gradient, Construct Capital and 10VC (Mar 2026)",overlay,"AI-native operating layer that automates manual logistics workflows across carriers, warehouses and systems. Sits beside, not in place of, the WMS. No customer counts disclosed.",https://retailtechinnovationhub.com/home/2026/3/12/backops-bags-26-million-series-a-to-build-ai-powered-operating-system-for-supply-chains
transport-tms,Alvys,2020,"Solana Beach, CA, US","$77M total, including a $40M Series B led by RTP Global (October 2025)",greenfield,"3,000+ companies on the platform (vendor about page). Customers report 25-35% fewer touches per thousand loads.",https://alvys.com/resources/about-us
transport-tms,Mastery Logistics Systems (MasterMind TMS),2019,"Chicago, IL, US",Undisclosed. Strategic equity from Schneider (2020) and Werner (2020).,migration,Replacing Werner's on-prem systems with Werner's first cloud TMS. About two-thirds of Werner's one-way truckload volume had moved by 2025.,https://www.prnewswire.com/news-releases/mastery-logistics-systems-announces-deployment-of-cloud-based-mastermind-tms-with-werner-enterprises-inc-301537698.html
transport-tms,Rose Rocket,2015,"Toronto, Canada (HQ not stated in the source opened)","$69M total, including a $38M Series B led by Scale Venture Partners (June 2023)",greenfield,Network grew 47x after the 2021 round. Product-led self-onboarding. Expanding to enterprise fleets.,https://www.freightwaves.com/news/rose-rocket-closes-38m-series-b-to-expand-into-enterprise-fleet-solutions
transport-tms,Pallet (CoPallet),Not stated in the source opened,Not stated in the source opened (US),$27M Series B led by General Catalyst (May 2025). About $50M total per secondary reports.,overlay,"An AI workforce for order entry, quoting and portal updates that sits on top of existing TMS. One mid-sized carrier moved 25 order-entry staff to other work.",https://www.pymnts.com/news/artificial-intelligence/2025/ai-startups-logistics-pallet-raises-27-million-dollars-scale-automation/
transport-tms,HappyRobot,Not stated in the source opened,Not stated in the source opened (US),"$62M total, including a $44M Series B led by Base10 (September 2025). Valued at nearly $500M per press.",ai-service,"70+ enterprise customers, including DHL, Ryder, Schneider and Werner. AI voice and browser agents run against existing TMS, ERP and CRM.",https://www.happyrobot.ai/blog/series-b-announcement
transport-tms,Kargo Technologies (KargoNexus TMS),2018,"Jakarta, Indonesia",About $39M through the $31M Series A led by Tenaya Capital (April 2020). Later rounds were not verified.,greenfield,"6,000 shippers and a 50,000-truck network (2020). The site now claims 40,000+ trucks and 1,500+ enterprise clients.",https://technode.global/2020/04/13/kargo-trucking-startup-new-funding/
transport-tms,Locus,2015,"Bengaluru, India","$78.8M total after a $50M Series C led by GIC (June 2021), at a $300M valuation",greenfield,"Dispatch and route optimization across e-commerce, FMCG, 3PL and B2B distribution. Claims $150M+ in logistics cost savings for clients.",https://inc42.com/buzz/locus-raises-usd-fifty-mn-in-series-c-funding-led-by-gic/
airline-pss,FLYR,2013,"San Francisco, US","Over $500m raised to date per FLYR, including $225m Series D plus $70m credit in Aug 2024 (WestCap lead, BlackRock, ADIA). Tracxn reports $392m across 7 rounds",greenfield,"Launched an AI Offer & Order Management System in Sep 2024 positioned to displace the legacy PSS. ARR grew 290% in the 12 months to Aug 2024. Customers include Avianca, JetBlue, Air New Zealand and Virgin Atlantic. Acquired Pace Revenue and Newshore (2022)",https://flyr.com/resource-hub/flyr-raises-295m-to-rebuild-the-foundation-of-travel-technology/
airline-pss,IBS Software (iFly Res),1997,"Thiruvananthapuram, India (global offices)",Blackstone $170m for 35% (2015); Apax $450m minority stake (May 2023),greenfield,"iFly Res is a cloud-native PSS/DCS with native offer/order and NDC and One Order certification. Customers include SunExpress, T'way Air and Fly Gangwon; a secondary source cites 20+ PSS airlines",https://www.ibsplc.com/product/airline-passenger-solutions
airline-pss,Hitit Computer Services (Crane PSS),1994,"Istanbul, Turkey",Listed on Borsa Istanbul; no venture funding disclosed in source,migration,"73 airline and travel-industry customers in 51 countries at 30 Sep 2025, with 1 new contract signed in Q3 2025. Building an OOMS and AI revenue-management modules",https://hitit.com/themes/hitit/documents/Hitit-30.09.2025-interim-activity-report.pdf
airline-pss,Fetcherr,2019,"Tel Aviv, Israel (HQ not stated in source opened)","$132m total including $90m Series B and $42m Series C (Sep 2025, Salesforce Ventures lead)",overlay,"Generative-AI 'Large Market Model' pricing and inventory engine that sits on top of the PSS. Delta prices some domestic inventory with it; other users reported include Virgin Atlantic, Viva Aerobus, WestJet and Azul",https://www.altexsoft.com/travel-industry-news/fetcherr-raises-42m-targets-new-sectors-with-ai-pricing/
airline-pss,Amadeus Nevio (incumbent's own replacement),Amadeus founded 1987; Nevio launched 2020s,"Madrid, Spain",Public company (Amadeus IT Group); not venture funded,migration,"Cloud-native offer and order platform. Finnair delivered the first airline native orders (2025). Selected by AF-KLM, BA, Saudia and nine Lufthansa Group airlines",https://amadeus.com/en/newsroom/press-releases/new-era-connected-travel-amadeus-finnair-worlds-first-airline-native-orders
hotel-pms,Mews,2012 (not stated in press release read; widely reported),Amsterdam / Prague (not stated in press release read),"$300M Series D (Jan 2026) at $2.5B valuation, led by EQT Growth with Atomico, HarbourVest, Kinnevik, Battery, Tiger Global",greenfield,"15,000 customers in 85 countries, 132,000+ monthly active hoteliers, $19.7B platform transaction volume, 42.3M checked-in reservations (2025); funds aimed at agentic AI",https://www.mews.com/en/press/mews-secures-300-million-investment
hotel-pms,HotelKey,Not stated in sources read,Not stated in sources read,Not disclosed in sources read,greenfield,"Co-developed Hilton's cloud Property Engagement Platform replacing OnQ, live at 1,000+ Hilton hotels in April 2023 with rollout to 7,000+ over three years; also serves Red Roof and Extended Stay America",https://www.hoteldive.com/news/hilton-hotelkey-co-develop-cloud-based-property-management-system/648928/
hotel-pms,Cloudbeds,2012,"San Diego, US",$253M total venture funding through $150M Series D (Nov 2021) led by SoftBank Vision Fund 2,greenfield,"Properties in 150+ countries, independent hotels, hostels and vacation rentals (22,000+ properties per Series D coverage)",https://www.cloudbeds.com/articles/cloudbeds-raises-150m-in-funding-to-support-rapid-company-growth/
hotel-pms,Apaleo,2017,"Munich, Germany",EUR 20M Series B (Nov 2024) led by PSG Equity,greenfield,"1,700+ properties, 85,000+ units, 30+ countries; customers include citizenM, easyHotel, Falkensteiner, NUMA, limehome",https://servicedapartmentnews.com/news/technology/apaleo-series-b-funding-round/
hotel-pms,Stayntouch,2012,"New York, US",$48M growth equity (Dec 2023) led by Sixth Street Growth; over $200M invested since inception,greenfield,"Cloud PMS for independents, management companies and chains: Sage Hospitality, HEI Hotels & Resorts, TWA Hotel, Zoku Amsterdam",https://sixthstreet.com/investment_announce/stayntouch-raises-48-million-in-strategic-growth-equity-investment-led-by-sixth-street-growth/
hotel-pms,Hotelogix,Not stated in source read,India,"Not stated in source read (search snippets cite a $5M round led by Vertex Ventures in 2018; unverified, as the Business Standard page returned 403)",greenfield,"400,000+ rooms powered in India, 15,000+ keys in the Philippines, 35% YoY enterprise revenue growth and EBITDA profitable (2025); adding AI pricing and forecasting",https://blog.hotelogix.com/hotelogixs-achievements/
hotel-pms,Oracle OPERA Cloud (incumbent migration path),OPERA late 1990s; Cloud on OCI,"Austin, US (Oracle)",n/a (public company),migration,"Nearly 5,000 Cloud properties in March 2023 with a ~10,000 pipeline, Oracle targeting the 40,000+ base; Hyatt moving 1,000+ properties from V5",https://skift.com/2023/03/28/oracle-hospitality-wants-to-bring-more-hotels-into-the-cloud/
retail-pos-merch,Shopify (Shopify POS),2006,"Ottawa, Canada",Public (NYSE/TSX: SHOP),greenfield,"Offline revenue (Payments for offline, POS Pro/Retail subscriptions, hardware) grew 33% in 2024 (Q4 2024 8-K). Implementation partner CQL markets Xstore-to-Shopify POS migrations (Vuori, Stussy, Fashionphile).",https://www.sec.gov/Archives/edgar/data/1594805/000159480525000011/exhibit991pressreleaseq420.htm
retail-pos-merch,Flooid (ex-PCMS),Not stated in source (rebranded Jan 2020),"Cincinnati, US / Coventry, UK",Not disclosed in source,migration,"150+ retail brands, 300,000 selling points, 60 countries; customers include Walgreens, Shoppers Drug Mart, Waitrose, M&S, David Jones (2020). The NCR Voyix 10-K names it as a competitor.",https://www.prnewswire.com/news-releases/pcms-announces-rebrand-to-flooid-300982302.html
retail-pos-merch,Toolio,2019,"New York, US","$10.3M Series A (Oct 2021, led by Jump Capital)",greenfield,"Cloud merchandise and inventory planning that replaces spreadsheets; customers Chubbies, Mack Weldon, Rothy's",https://www.finsmes.com/2021/10/toolio-raises-10-3m-in-series-a-funding.html
retail-pos-merch,Increff,Not stated in source,"Bengaluru, India","$12M Series B (Feb 2022: TVS Capital, Premji Invest, 021 Capital)",overlay,"AI inventory and merchandising SaaS; 83-116% YoY growth for 4 years; customers Puma, adidas, Bata, Levi's, Gap, Tommy Hilfiger, Mango, Sephora",https://www.prnewswire.com/news-releases/increff-raises-12-million-in-series-b-led-by-tvs-capital-funds-along-with-premji-invest--binny-bansals-021-capital-eyes-expansion-in-global-markets-301489343.html
retail-pos-merch,Nextail,2014,"Madrid, Spain","$10M Series A (June 2018, KEEN Venture Partners, Sonae IM, Nauta)",overlay,"AI and prescriptive analytics for allocation and replenishment on top of legacy merch systems; customers Pepe Jeans, Stefanel, Melon Fashion Group",https://nextail.co/press-release/nextail-raises-10-million-to-accelerate-product-development
retail-pos-merch,KiotViet (Citigo),Citigo 2010 (per search snippet; not confirmed on page),"Hanoi, Vietnam","$45M Series B (Sept 2021, KKR, Kasikornbank)",greenfield,"Cloud POS and retail management for Vietnamese SMEs; 110,000 to 150,000+ shops at the 2021 raise",https://www.kiotviet.vn/phan-mem-quan-ly-ban-hang-kiotviet-goi-von-thanh-cong-45-trieu-usd/
retail-pos-merch,StoreHub,2013,"Kuala Lumpur, Malaysia",RM36.9M round before Mar 2020 (about $9M). Later totals not verified.,greenfield,"Cloud POS for retail and F&B in MY, TH, PH; 14,000+ businesses (2020), with the site footer saying 20,000+",https://www.storehub.com/blog/storehub-stadium-new-regional-headquarters
retail-pos-merch,LS Retail (LS Central),Retail focus since 1988 (40+ years),"Reykjavik, Iceland",Not disclosed (private),migration,"About 110,000 stores and restaurants in 157 countries; moving the LS Nav base to cloud LS Central; acquired K3 retail units in June 2026",https://www.lsretail.com/about-us
construction-project-accounting,Adaptive,Launched February 2023 (company founding year not stated),"Boston and New York, US","$57M total, including a $30M Series B led by Tidemark (Sep 2026) and a $19M Series A led by Emergence",greenfield,"750+ construction operators with $5M to $1B revenue across GCs, specialty trades and developers",https://fundraiseinsider.com/blog/tidemark-leads-30m-series-b-for-construction-accounting-startup-adaptive/
construction-project-accounting,Briq,2018,US (not stated on opened page),$43M total after a $30M Series B led by Tiger Global; later extension reportedly brings it to about $51M (unverified),overlay,Manages about $30B of construction volume; AI automation of construction financial workflows,https://constructiondigital.com/technology-and-ai/briq-raises-usdollar30mn-funding-led-tiger-global
construction-project-accounting,Siteline,Not stated on opened page,"San Francisco, US","About $18M seed plus Series A (Menlo Ventures, First Round, Brick & Mortar)",overlay,"Pay-app, lien waiver and A/R platform for trade contractors that replaces spreadsheet billing; customer quotes cite days of work cut to hours",https://www.siteline.com/blog/siteline-announces-series-a-funding
construction-project-accounting,Field Materials,Not found,US (not stated),Not found,overlay,"AI PO, packing slip and invoice matching that posts to Viewpoint Vista; claims 90% less PO and invoice processing time",https://www.fieldmaterials.com/integrations/viewpoint-vista
construction-project-accounting,Archdesk,2015,"Leicester, UK","Seed-stage (Credo Ventures, Manta Ray, Beringea); amounts not on vendor page, third parties cite $1.1M to $6.2M",greenfield,"Cloud construction ERP; customers include VINCI Construction, Mitie, Daikin",https://archdesk.com/about/investors
construction-project-accounting,Powerplay,2019,"Bengaluru, India",$5.2M round led by Accel and Sequoia Surge; about $13M total reported (unverified),greenfield,"35,000+ contractors and 5,000+ projects across 800+ Indian cities at time of raise",https://inc42.com/buzz/powerplay-raises-5-2-mn-led-by-accel-partners-and-surge/
construction-project-accounting,Novade,2014 (per search result),Singapore,Series B (2020) led by SIG and Vulcan Capital; amount not disclosed on opened page,greenfield,"Field management for GCs, developers and trades in 20+ countries. A field and ops layer, not a GL replacement.",https://www.novade.net/news/construction-tech-startup-novade-completes-series-b-funding/
property-management,EliseAI,2017 (not stated in opened article),"New York, US","$350M at $4B valuation (Sept 2026, a16z and Bessemer); prior $250M Series E at $2.2B (Aug 2025)",overlay,ARR above $200M (June 2026); powers ~1 in 6 US apartments; ~5M calls/month across housing and healthcare,https://fortune.com/2026/09/29/elise-ai-4-billion-valuation-funding-round-housing-unicorn-andreessen-bessemer/
property-management,AppFolio,2006,"Santa Barbara, California, US",Public (NASDAQ: APPF),greenfield,"22,096 property management customers at Dec 31 2025; 9.4M units under management (per 10-K search summary)",https://www.sec.gov/Archives/edgar/data/1433195/000143319526000011/appf-20251231.htm
property-management,Entrata,2003,"Lehi, Utah, US","$507M (July 2021, Silver Lake-led); $200M from Blackstone at $4.3B valuation (May 2025, per search summary)",greenfield,"20,000+ apartment communities; $20B+ rent processed annually (2021)",https://www.prnewswire.com/news-releases/entrata-raises-507m-led-by-silver-lake-ryan-smith-and-todd-pedersen-301327087.html
property-management,PropertyMe,2013,"Sydney, Australia","Undisclosed; EQT (BPEA Mid-Market Growth) became majority investor, Dec 2025",migration,"6,000+ agencies, ~1.9M rental properties, ~A$40B transacted/year; EQT cites agencies migrating from legacy systems to cloud",https://eqtgroup.com/news/eqt-to-invest-in-propertyme-a-leading-australian-cloud-based-proptech-company-2025-12-04
property-management,Re-Leased,Not stated in opened source,"Napier/Auckland, New Zealand (offices in Dallas, London, Melbourne)","$12.5M (Sept 2024, Movac-led); earlier ~$15M (JLL Spark-led, 2022)",greenfield,"1,400 customers, 350,000 tenants, US$7.5B rent roll; Credia AI automation",https://www.re-leased.com/blog/re-leased-raises-us12.5m-to-expand-the-use-of-its-ai-powered-commercial-real-estate-software
property-management,SPEEDHOME,2015 (as Speedrent),"Petaling Jaya, Malaysia","RM7M (~US$1.7M) Series A, July 2021 (Allianz Malaysia, Gobi Partners)",other,"575,000+ app downloads, 128,000+ listings; Bangkok expansion planned",https://vulcanpost.com/752910/speedhome-series-a-funding-proptech-malaysia/
legal-practice-management,Clio,2007,"Burnaby, British Columbia, Canada",$500M Series G (Nov 2025) at $5B valuation plus $350M debt; more than $1.2B raised before that round,greenfield,"$400M ARR at the Series G; 400,000+ legal professionals; bought vLex for $1B",https://betakit.com/clio-secures-500-million-usd-series-g-as-it-completes-vlex-acquisition/
legal-practice-management,Filevine,2014,"Utah, US",$400M equity (2025) at about $3B valuation,greenfield,"Close to 6,000 customers and 100,000 legal professionals; on pace for $200M+ ARR (2025)",https://www.upstartsmedia.com/p/filevine-utah-silicon-slopes-startups
legal-practice-management,Litify,2016,US (not stated in source),"$57.5M disclosed ($5M 2017, $2.5M 2018, $50M Series A 2019) plus undisclosed Bessemer majority stake (2023)",greenfield,"45,000+ legal professionals; profitable as of 2023; built on Salesforce",https://www.lawnext.com/2023/02/bessemer-venture-partners-acquires-majority-stake-in-legal-practice-management-company-litify.html
legal-practice-management,Smokeball,Not stated in source opened,Australia / US (not stated in source opened),$40M private round (2021); earlier $30M,greenfield,"200+ staff; serves small and mid-size firms in Australia, US and UK; claims automatic time capture",https://www.smokeball.com.au/blog/smokeball-raises-40-million-in-private-funding-round
legal-practice-management,LEAP Legal Software,1992,"Sydney, Australia",Privately held; no external funding disclosed,migration,"Cloud PMS in AU, NZ, UK, IE, US, Canada; about $50M revenue (2019); runs the PCLaw | Time Matters JV to move desktop users to LEAP cloud",https://en.wikipedia.org/wiki/LEAP_Legal_Software
accounting-practice,Basis,2023,Not stated in source read (US),$138M total; $100M round led by Accel at $1.15B valuation (Feb 2026),ai-service,About 30% of the top 25 and 20% of the top 150 US accounting firms,https://techfundingnews.com/basis-ai-accounting-100m-1-15b-unicorn/
accounting-practice,Black Ore (Tax Autopilot),2022,"Austin, TX","$60M (a16z, Oak HC/FT lead; Nov 2023)",overlay,"1040 return preparation by AI; limited availability at launch, GA planned for early 2024; no customer count disclosed",https://www.cpapracticeadvisor.com/2023/11/07/black-ore-launches-with-60-million-in-funding-to-bring-ai-to-financial-services/97324/
accounting-practice,Filed,2024,Stockholm and New York,"$17.2M (Northzone lead, May 2025)",overlay,"Reads documents and enters data into existing tax systems (CCH Axcess, UltraTax); claims firms process 3x more returns",https://techcrunch.com/2025/05/21/filed-raises-17m-to-automate-the-drudgery-of-tax-prep/
accounting-practice,Juno,2023,"Rancho Santa Fe, CA (per search summary; not stated in source read)","$12M seed (Bonfire Ventures lead, Apr 2026)",overlay,Extracts data from 90+ document types into existing tax software; customers report about 50% less time per return,https://www.cpapracticeadvisor.com/2026/04/13/juno-raises-12m-seed-to-scale-ai-tax-preparation-platform-that-automates-90-of-busy-work/181502/
accounting-practice,Accordance,Not stated in source read,Not stated in source read (San Francisco per other coverage),"$13M ($10M seed led by Khosla, $3M pre-seed led by General Catalyst; Sep 2025)",overlay,Usage grew 10x in six months; serves boutique and national firms,https://www.cpapracticeadvisor.com/2025/09/22/accordance-raises-13m-for-ai-platform-for-tax-accounting-practices/169424/
accounting-practice,SurePrep (acquired by Thomson Reuters),Not stated in source read,US,Acquired for $500M cash (closed Jan 2023),acquire,"23,000+ tax professionals; about $60M 2022 revenue; incumbent bought the automation layer",https://www.thomsonreuters.com/en/press-releases/2023/january/thomson-reuters-completes-acquisition-of-sureprep-llc
accounting-practice,Karbon,2015 (per Karbon),Not stated in source read (San Francisco per CB Insights),$66M Series B (Tidemark lead); about $101.5M total per search summary,greenfield,"Cloud practice management; global, expanding into French- and Spanish-speaking markets",https://karbonhq.com/resources/66million-to-give-accounting-firms-the-practice-management-solution-they-deserve/
accounting-practice,Silverfin (acquired by Visma),2013,"Ghent, Belgium",Acquired by Visma Sep 2023 (total deal value not in source read; Hg Capital Trust stake about GBP 18.8M),greenfield,"About 850 direct customers, 320,000 end clients, 28 of Belgium's top 30 firms, 15 countries",https://www.hgcapitaltrust.com/news-insights/news/2023/25-09-2023
accounting-practice,Osome,Not stated in source read,Singapore,$17M Series B (May 2024); about $75M total per search summary,ai-service,"13,000+ SMB customers in SG, HK, UK, NL, PH, MY; replaces the small accounting firm with an AI-assisted service",https://osome.com/sg/blog/exciting-news-we-just-raised-us-17m-in-series-b-funding/
accounting-practice,Suvit (acquired by Vyapar),2022,India (city not stated in source),Not disclosed; acquired by Vyapar Nov 2025,overlay,"10,000+ practising firms and 30,000 accountants in India; AI pre-accounting and GST reconciliation for CA firms",https://inc42.com/buzz/vyapar-acquires-suvit-to-boost-ai-led-accounting-automation-for-msmes/
accounting-practice,IRIS Elements (incumbent cloud rebuild),Launched May 2021,UK,"n/a (IRIS Software Group, private)",migration,"Phased migration of Keytime, PTP and Accountancy Suite customers; hybrid desktop-cloud bridging",https://www.iris.co.uk/products/iris-elements/existing-customers/
student-information,Workday (Workday Student),2005 (Workday Student launched 2018),"Pleasanton, California, US",Public company (NASDAQ: WDAY). Venture funding not applicable or not checked.,greenfield,"85 institutions live on Workday Student, 140+ customers covering 190+ institutions signed, 3M+ student records. 20+ go-lives in 2025 (WashU, LSU, Dallas College). 650+ higher-ed institutions across 19 countries use some Workday product (Oct 2025).",https://newsroom.workday.com/2025-10-15-Workdays-Higher-Education-Momentum-Accelerates-as-Over-650-Institutions-Worldwide-Turn-to-AI-to-Navigate-Uncertainty-and-Transform-the-Student-Experience
student-information,Arbor Education (The Key Group),Not confirmed in an opened source (Arbor had 99 schools in 2015),"London, UK",Acquired by The Key Group in Dec 2020. Amounts undisclosed in the opened source.,migration,"Took the #1 spot from SIMS in 2025. 9,677 English state schools (44%) in the Oct 2025 census. The Key Group is folding Integris and ScholarPack schools into Arbor.",https://www.whichmis.com/mis-stats-from-the-october-census/
student-information,Bromcom,1986 (cloud MIS since 2011),"Bromley, UK","Not disclosed in the opened source. Revenue £38.2M in 2025 (+21%), EBITDA £5.1M.",migration,"5,600+ schools in England, NI and Wales, including 390+ MATs. Pupil-based share of English state schools 20% (Dec 2025). Northern Ireland Education Authority rollout.",https://www.whichmis.com/bromcom-reports-21-increase-in-revenue/
student-information,TechnologyOne (OneEducation),1987,"Brisbane, Australia",Public company (ASX: TNE). Revenue A$515.4M in 2024.,migration,Moved its own StudentOne install base to SaaS OneEducation. Joined ASX 50 in Sep 2025. Bought Scientia (2021) and CourseLoop (2024).,https://en.wikipedia.org/wiki/TechnologyOne
student-information,SEVIMA (PT Sentra Vidya Utama),2003 (SaaS siAkadCloud since 2017),"Surabaya, Indonesia",Not disclosed in opened sources,greenfield,"Claims 1,300+ campuses and about 3M users. A 2023 profile said 800+ campuses. Offers free GoFeeder for PDDikti reporting, plus SEVIMA AI.",https://sevima.com/apa-itu-sevima-profil-dan-sejarah-edtech-yang-sudah-2-dekade-merevolusi-pendidikan-tinggi-indonesia/
student-information,Teachmint,2020,"Bengaluru, India",$118M total. $78M Series B in Oct 2021 at about $500M valuation.,greenfield,"FY25 revenue ₹99.4 crore, about 654 employees. Has since shifted emphasis toward classroom hardware; it says 10,000+ schools and institutes (search snippet).",https://inc42.com/company/teachmint/funding/
student-information,Risely AI,2025 (YC S25),"San Francisco, US",YC-backed. Third-party profiles report about $500K pre-seed (unverified).,overlay,"AI agents that sit on top of the existing SIS, LMS and CRM (AI Advisor). $8K MRR six weeks after launch, growing 55% week-over-week, per YC profile.",https://www.ycombinator.com/companies/risely-ai
field-service-maintenance,MaintainX,2018,"San Francisco, US",$254M total; $150M Series D (Jul 2025) at $2.5B valuation,greenfield,"11,000+ companies, 11M+ assets managed; valuation more than doubled from $1B (Series C, Dec 2023)",https://news.crunchbase.com/venture/asset-management-ai-maintainx-raise-bessemer/
field-service-maintenance,Tractian,2019 (founding year not stated on source page),"Atlanta, US (offices in Sao Paulo, Mexico City)",$120M Series C (Dec 2024) led by Sapphire Ventures; $720M valuation per secondary reports,overlay,Sensors plus CMMS. Forbes AI 50; SAP Silver Partner and Oracle Cloud partner (it overlays SAP/Oracle EAM); FedRAMP High,https://tractian.com/en/blog/tractian-raises-series-c-to-eliminate-industrial-downtime-worldwide
field-service-maintenance,Limble,2015,"Lehi, Utah, US","$58M Series B (Jun 2023) at $450M valuation, led by Goldman Sachs Asset Management",greenfield,"130% growth in 12 months to mid-2023; customers include McDonald's, Nike, Pepsi, DHL Global Forwarding",https://www.prnewswire.com/news-releases/limble-announces-58m-series-b-funding-round-led-by-goldman-sachs-asset-management-bringing-total-valuation-to-450m-301857646.html
field-service-maintenance,Fiix (Rockwell Automation),2008,"Toronto, Canada",Acquired by Rockwell Automation (closed Dec 2020); terms undisclosed,acquire,"2,600+ maintenance teams, 2M+ assets, 6M+ work orders/year, 70% revenue growth in 2019",https://www.rockwellautomation.com/en-us/company/news/press-releases/Rockwell-Automation-Acquires-Fiix-Inc--Cloud-Software-Company-for-Leading-Edge-Maintenance-Solutions.html
field-service-maintenance,UpKeep,Not stated on source (circa 2014-2016),"Los Angeles, US (not stated on source page)","$48.8M total including $36M Series B (May 2020, Insight Partners)",greenfield,"400,000 users (~80% free tier); revenue +206% in 2019; customers include Unilever, Siemens, DHL",https://techcrunch.com/2020/05/12/upkeep-raises-36-million-series-b-to-help-facilities-and-maintenance-teams-go-mobile
field-service-maintenance,Fracttal,Not stated on source page,"Madrid, Spain",$35M round (Jan 2026) led by Riverwood Capital,greenfield,"1,500+ customers, 20M+ assets, 60+ countries; own IoT line (Fracttal Sense); also acquired Spanish CMMS pioneer TCMAN",https://www.finsmes.com/2026/01/fracttal-raises-35m-in-funding.html
field-service-maintenance,Facilio,~2017-2018 (Chennai),"New York, US (offices in Chennai, Singapore, Dubai, Sydney)","$35M Series B (Feb 2022) led by Dragoneer, with Brookfield Growth, Accel India, Tiger Global",greenfield,"AI-driven connected CMMS for commercial real estate portfolios; has an APAC presence (Singapore, Sydney)",https://www.finsmes.com/2022/02/facilio-raises-35m-in-series-b-funding.html
agriculture-commodity,Bushel,2011,"Fargo, North Dakota, US","$47M Series C (article). About $102M total per secondary aggregator, not verified on the opened page.",overlay,"60,000 active users, 2,000 grain buying locations in the US and Canada, reaches 40% of US grain origination. Integrates with existing grain accounting systems instead of replacing them.",https://agfundernews.com/bushel-bags-47m-series-c-as-it-scales-up-and-eyes-new-fintech-offering
agriculture-commodity,Covantis,"2020 (incorporated in Geneva 2021). Founded by ADM, Bunge, Cargill, COFCO, LDC and Viterra; Marubeni joined 2022.","Geneva, Switzerland",Not disclosed (industry consortium funded by shareholders),greenfield,"719M+ tonnes of transactional volume by end-2023 (+39% YoY). Replaces email/paper post-trade execution, targeting a 90% cut in rekeyed entries.",https://covantis.io/about-us/
agriculture-commodity,AgriDigital,2015-2016,"Sydney, Australia","A$25M (about US$17.7M) equity plus debt in 2022. Earlier backers: Square Peg, 1st Course Capital.",greenfield,About 15% of Australian grain managed on the platform. 920M bushels (US$4.25bn) transacted and US$105M financing disbursed in 2021.,https://agfundernews.com/agridigital-banks-18m-to-help-grain-players-collateralize-their-crop
agriculture-commodity,"Eka Software Solutions (now Quoreka, merged with Quor Group)",Not stated on the opened page (seed-funded by GP Group),"Not stated on the opened page (offices in the Americas, Asia, Australia, EMEA)","$10M from Nexus Venture Partners (press release). Later rounds, e.g. Silver Lake, reported by secondary sources only.",migration,Cloud CTRM; clients named include AWB and Louis Dreyfus. Merged with Quor Group into Quoreka (May 2025).,https://quoreka.com/news/eka-secures-us-10-million-in-funding-from-nexus-venture-partners
agriculture-commodity,Arya.ag,Not stated on the opened page,"Noida, India","About $110M total, including $29.2M pre-Series D (Jul 2024)",greenfield,"FY24 net revenue Rs 360 crore and net profit Rs 17 crore. Grain commerce, warehousing and commodity-finance platform.",https://entrackr.com/2024/07/agritech-startup-arya-ag-raises-29-mn-at-valuation-of-325-mn/
mainframe-cobol-general,Mechanical Orchard,2022 (October),"San Francisco, CA, US",$50M Series B led by GV (6 Aug 2024); total not disclosed in source,migration,Launched the Imogen end-to-end mainframe modernization platform with a Thoughtworks partnership (2025). No customers named in the funding release.,https://www.mechanical-orchard.com/insights/mechanical-orchard-secures-50-million-to-safely-transition-large-organizations-off-risky-legacy-software
mainframe-cobol-general,Hypercubic,c.2025,"Not stated in source (YC company, US)","$5.3M seed led by CIV, with Y Combinator and others (18 Aug 2026)",ai-service,"AI agents that document and rewrite COBOL (HyperDocs, HyperTwin, Hopper). Customer pilots mentioned but not named.",https://www.hypercubic.ai/insights/hypercubic-raises-usd5-3m-to-build-the-future-of-mainframe-modernization
mainframe-cobol-general,Zengines,2020 (per Tracxn search result; not in source read),"Boston, MA, US","$9M seed preferred led by Hyde Park Venture Partners (Nov 2024), after $5M in 2023",overlay,COBOL/RPG mainframe data lineage and data-migration platform. Customers are unnamed 'leading enterprises'.,https://www.zengines.ai/resource-collection/zengines-announces-major-new-software-release-after-closing-9m-round-of-financing
mainframe-cobol-general,AWS Transform for mainframe (Amazon),GA 15 May 2025,"Seattle, WA, US",n/a (Amazon product),migration,Agentic AI refactors COBOL/CICS/DB2/VSAM to Java/PostgreSQL. Grupo Tress Internacional cut effort 70%; Nomura Research Institute cut analysis time from about 1 month to 1 week.,https://aws.amazon.com/blogs/migration-and-modernization/aws-transform-generally-available/
mainframe-cobol-general,Anthropic (Claude Code),2021,"San Francisco, CA, US",n/a for this product line,ai-service,"On 23 Feb 2026 Anthropic published guidance on COBOL modernization with Claude Code, claiming 'quarters instead of years'. Press reported IBM shares fell about 13% that day (not opened).",https://claude.com/blog/how-ai-helps-break-cost-barrier-cobol-modernization
mainframe-cobol-general,IBM watsonx Code Assistant for Z,GA 26 Oct 2023,"Armonk, NY, US",n/a (incumbent product),other,Incumbent's gen-AI COBOL-to-Java tool. TCS reported several clients requesting proofs of concept at launch.,"https://newsroom.ibm.com/2023-10-26-IBM-Launches-watsonx-Code-Assistant,-Delivers-Generative-AI-powered-Code-Generation-Capabilities-Built-for-Enterprise-Application-Modernization"
mainframe-cobol-general,Rocket Software,1990 (not in source read),"Waltham, MA, US","Bought OpenText AMC (Micro Focus COBOL) for $2.275B, closed 1 May 2024",acquire,"Consolidator of mainframe COBOL and connectivity tooling, offering both modernize-in-place and move-to-cloud.",https://en.wikipedia.org/wiki/Micro_Focus
e-invoicing-tax-compliance,Fonoa,End of 2020,Ireland (Dublin),"Seed (Index), $20.5M Series A, $60M Series B led by Coatue, then $110M Series C (May 2026) with acquisition of PwC's Indirect Tax Edge. Roughly $190M+ disclosed in total.",acquire,"Customers include Uber, Zoom, Booking.com and Teachable. Revenue grew 7x in 2021. API covers tax ID validation, determination, e-invoicing, real-time reporting and returns.",https://www.indexventures.com/perspectives/fonoa-raises-60m-to-grow-its-hassle-free-global-tax-compliance-platform/
e-invoicing-tax-compliance,Clear (ClearTax),About 2011,"Bengaluru, India","$75M Series C (Oct 2021, led by Kora, with Stripe); $140M+ total; valuation $700M+",overlay,"30,000+ enterprises and 1M+ SMBs (2021). Processes more than 10% of India's business invoices. Now sells e-invoicing in 50+ countries (MY, SG, PH, Saudi Arabia, UAE, France, Poland) with 5,000+ businesses and 2,000+ ERP integrations.",https://techcrunch.com/?p=2222977
e-invoicing-tax-compliance,OnlinePajak,2015 (third-party profile; not confirmed on opened page),"Jakarta, Indonesia","$25M+ Series B (2018, led by Warburg Pincus affiliate; Alpha JWC, Sequoia India)",overlay,"Licensed PJAP integrated with Coretax. Vendor site claims 150,000+ companies and US$120B+ invoice value processed.",https://www.online-pajak.com/
e-invoicing-tax-compliance,Complyance,Not disclosed on opened page,UAE (accredited service provider listing); India-linked team,Not disclosed on opened page. A third-party snippet mentions a pre-seed round and the Upekkha accelerator.,ai-service,"1,000+ businesses going live. Single e-invoicing API for 100+ countries, focused on Malaysia LHDN, ZATCA and UAE. Claims 4-week go-lives. Named clients include Speedcast, Zenoti, LC Waikiki, redBus and L'Occitane.",https://complyance.io/my
e-invoicing-tax-compliance,Storecove,2014 (search result; vendor page says 10+ years),Netherlands,Not found,overlay,"API e-invoicing network across 31 countries. First access point certified in EU, AU, NZ and SG Peppol; also covers MY, IN, IT, PL and RO clearance. Embedded in Xero.",https://www.storecove.com/us/en/
pension-provident-fund-admin,Smart (Smart Pension / Keystone),2014,"London, UK","$95m Series E (May 2023, led by Aquiline); at least $230m total",greenfield,"Over 1m savers, 70,000 employers and GBP 5.5bn AUM in 2023. Keystone is licensed as a cloud-native PaaS to other providers (Hargreaves Lansdown partnership)",https://techcrunch.com/2023/05/15/uk-pension-platform-smart-nabs-95m/
pension-provident-fund-admin,Vestwell,Not stated in source read,US (New York area; not confirmed in source),"$385m Series E (Feb 2026, Blue Owl and Sixth Street); $660m total",acquire,"2m+ active savers, $50bn+ assets under administration, powers 40+ state and government programs; bought Accrue 401k (about 30,000 plans)",https://www.alleywatch.com/2026/02/vestwell-retirement-infrastructure-workplace-savings-platform-ira-employment-aaron-schumm/
pension-provident-fund-admin,GROW Inc (GROW Technology Services),2017 (as a super fund; became an admin tech provider in 2020),"Sydney, Australia",$64m raised per Dealroom (currency not specified),migration,"Took over HESTA (1m+ members) from Link in June 2025 and won NGS Super. Auditors raised going-concern doubts, and HESTA (equity) and NGS (a $30m debt facility) supported it. MUFG Pension & Market Services signed a binding deal to acquire it in August 2026",https://dealroom.co/news/147540-mufg-moves-to-acquire-australian-super-tech-firm-grow-inc/
pension-provident-fund-admin,Sagitec Solutions,Not stated in source read,US (Minnesota; not confirmed in source),Not disclosed (private),migration,"Replaces 30 to 38 year old public pension systems: Washington DRS (910k members, $7.1bn annual payments, 2023), Massachusetts SRB, Virginia RS, Illinois TRS. Modern but not AI-native",https://www.sagitec.com/pension-software-company/press-releases/washington-state-department-of-retirement-systems-awards-pension-modernization-project-to-sagitec-solutions
pension-provident-fund-admin,Vitech Systems Group (V3locity),1986 per search results (not in the opened source),"New York, US",Not disclosed in source read,migration,"Cloud-native PAS on AWS; 1,400+ staff; clients include IUPAT Industry Pension Fund (140k members). An established modern vendor, not a startup",https://www.prnewswire.com/news-releases/vitech-systems-group-and-international-union-of-painters-and-allied-trades-industry-pension-fund-elevate-partnership-with-v3locity-a-pioneering-advance-in-cloud-native-pension-administration-302020217.html
cooperative-rural-microfinance-banking,Mambu,2011,"Amsterdam, Netherlands",About $266M Series E (EUR 235M) in Dec 2021 at EUR 4.9B valuation; total about $446M per secondary trackers (not verified),greenfield,200+ customers globally (Dec 2021). Started as a cloud lending engine for microfinance (secondary claim).,https://tech.eu/2021/12/09/mambu-mambos-on-over-to-e235-million-in-new-raise-at-e4-9-billion-valuation/
cooperative-rural-microfinance-banking,Oradian (Instafin),Not stated in source (seed round 2015),"Zagreb, Croatia (offices in Lagos and Manila)",Undisclosed seed (2015). Tracxn snippet says $1.7M total (unverified).,greenfield,"SaaS core for MFIs, co-ops and credit unions in Nigeria and the Philippines. Listed in the RBAP core banking provider directory.",https://techcrunch.com/2015/05/20/oradian/
cooperative-rural-microfinance-banking,Nymbus,Not stated in source,"Jacksonville, Florida, US","$70M Series D (May 2023, led by Insight Partners). A further strategic investment from Gesa Credit Union came in Aug 2024 (amount unverified).",migration,Banks and credit unions. Client-investors include ConnectOne Bank and PeoplesBank.,https://www.thesaasnews.com/news/nymbus-raises-70-million-in-series-d
cooperative-rural-microfinance-banking,incuto,2016,"Ilkley, UK",GBP 1.75M (Nov 2020),overlay,"Over 40 UK credit unions and over 500,000 registered users",https://www.incuto.com/newsandviews/incuto-investment
cooperative-rural-microfinance-banking,PearlPay,Not stated in source,Singapore / Philippines,Not disclosed in sources opened,greenfield,"Cloud CBS, agent banking and e-wallet for rural banks. Pilot with BHF Rural Bank; access for 16 APRUB member banks (Jan 2020).",https://www.manilatimes.net/2020/01/10/public-square/pearlpay-partners-with-rural-banks-in-pangasinan/673175/
cooperative-rural-microfinance-banking,Komunal,2019 (per search snippet),Indonesia,"$5.5M Series A+ (Jan 2024, led by Sumitomo Corporation Equity Asia). About $16.1M total per tracker snippet (unverified).",overlay,BaaS and DepositoBPR deposit channel connected to 376 rural banks,https://technode.global/2024/01/09/indonesias-komunal-raises-5-5m-in-series-a-funding-round-led-by-sumitomo-corporation-equity-asia/
cooperative-rural-microfinance-banking,M2P Fintech,2014,"Chennai, India","Rs 850 crore (about $100M) Series D led by Helios at Rs 6,550 crore valuation (2024)",acquire,"200+ banks, 300+ lenders. Offers a Turing core banking product. Acquired Finflux (lending) and BSG ITSOFT (core) in 2022, per search snippet.",https://m2pfintech.com/pressrelease/M2P-Fintech-raises-850-Crores-in-Series-D-led-by-Helios-valuation-surpasses-6550-Crores/
aml-kyc-financial-crime,Quantexa,"c.2016 (TechCrunch, Mar 2025: '9 years ago')","London, UK",$175M Series F (Mar 2025) at a $2.6B valuation. Just under $550M raised in total,overlay,"License revenue up 40% year on year. Customers include HSBC, ABN AMRO, Prudential, Vodafone and Accenture. About 800 employees in 16 offices",https://techcrunch.com/2025/03/04/quantexa-nabs-175m-at-a-2-6b-valuation-to-double-down-on-data-analytics-for-ai/
aml-kyc-financial-crime,Hawk (Hawk AI),2018 (per secondary sources),"Munich, Germany","$56M Series C (8 Apr 2025), led by One Peak with Macquarie and Rabobank",greenfield,More than 80 customers worldwide. Expanding into the US. Reports almost 90% alert accuracy in some cases,https://hawk.ai/news-press/hawk-raises-56m-tier-1-banks-adopt-its-ai-combat-financial-crime
aml-kyc-financial-crime,Silent Eight,2015,Singapore,$40M Series B (Mar 2022). $55M raised in total. Investors include HSBC Ventures and SC Ventures,ai-service,"AI alert adjudication for name and transaction screening. Customers: Standard Chartered (2018), HSBC (2021, multi-year), Emirates NBD, Mashreq, FAB, ADIB. Deployed in 150+ markets. Revenue up 6x from Oct 2020 to 2022",https://finovate.com/financial-crime-compliance-firm-silent-eight-closes-40-million-series-b-funding-round/
aml-kyc-financial-crime,Tookitaki,2014,Singapore,Undisclosed strategic investment from True Global Ventures (Oct 2024). Secondary sources put the total at about $20M,greenfield,"Over 10B transactions monitored across 100M consumers. Expanding in SG, MY, PH, ID, VN and TH",https://en.prnasia.com/releases/apac/tookitaki-ai-compliance-solution-drives-expansion-across-key-asian-markets-with-funding-from-true-global-ventures-465092.shtml
aml-kyc-financial-crime,Lucinity,Not stated in the source I opened (c.2018),"Reykjavik, Iceland","$17M Series B (Jul 2022), led by Keen Venture Partners with Experian",ai-service,"AI case management with the 'Luci' investigation copilot, which drafts narratives over existing monitoring systems. Customers include Pleo and Visa's Currencycloud",https://lucinity.com/blog/lucinity-series-b-funding-2022
aml-kyc-financial-crime,Feedzai,Not stated in the source I opened (2011 per public records),"Coimbra, Portugal / San Mateo, US",$75M (Oct 2025) at a valuation above $2B,greenfield,Framework agreement with the ECB to run the central fraud detection mechanism for the digital euro. Fraud and AML platform for banks and processors,https://www.feedzai.com/inthenews/feedzai-raises-75m-at-2b-valuation-secures-key-role-in-digital-euro-fraud-prevention/
aml-kyc-financial-crime,ThetaRay,Not stated in the source I opened,Israel / New York,Not in the source I opened. Secondary sources report a $57M growth round in Sept 2023 led by Portage,overlay,"Turnkey AI overlay on legacy rules engines with Matrix USA. Customers include Santander, ClearBank, Mashreq, Payoneer, Onafriq and Travelex",https://www.matrix-ifs.com/blog/thetaray-matrix-usa-ai-aml-overlay-legacy-transaction-monitoring/
aml-kyc-financial-crime,Nasdaq Verafin,Not stated in the source I opened,"St. John's, Canada (Nasdaq-owned)",Acquired by Nasdaq for $2.75B in cash (closed 11 Feb 2021),acquire,"Over 2,000 banks and credit unions on a cloud platform. Nasdaq is targeting tier-1 and tier-2 banks",https://www.sec.gov/Archives/edgar/data/1120193/000119312521038410/d129206dex991.htm
capital-markets-trading-clearing,Clear Street,2018-2019 (described as just over three years old in May 2022),"New York, US","$165M Series B at $1.7B (May 2022). Search snippets report later rounds at a $2B valuation and a pre-IPO round at a $12B valuation. A Nasdaq IPO (CLRS) was filed and then withdrawn on 19 Feb 2026, per stockanalysis.com",greenfield,"Over $3B processed per day and 300+ staff as of May 2022. Search snippets report net profit of $157M in 9M 2025, unverified. Its pitch is clearing, custody and prime brokerage built without legacy mainframes",https://www.clearstreet.io/news/blog/this-is-only-the-beginning
capital-markets-trading-clearing,Alpaca,Not stated on the page I opened,US (Japanese founders),"Over $320M total, including a $150M Series D at a $1.15B valuation (Jan 2026) and a $40M credit line",greenfield,"Over 9 million brokerage accounts and 300+ partner organisations in 40+ countries. Partners include Kraken, SBI Securities and Dime!",https://alpaca.markets/blog/alpaca-raises-150-million-at-a-1-15b-valuation-to-build-the-global-standard-for-brokerage-infrastructure/
capital-markets-trading-clearing,DriveWealth,Not stated on the page I opened,"Chatham, New Jersey, US","$450M Series D at a $2.85B valuation (Aug 2021). Search snippets say about $542M total, unverified",greenfield,"More than 100 partners worldwide at the time of the round, Revolut among them. It provides cloud-based real-time fractional brokerage infrastructure",https://www.prnewswire.com/news-releases/drivewealth-raises-450m-series-d-valuing-the-company-at-2-85b-301359564.html
capital-markets-trading-clearing,Apex Fintech Solutions (AscendOS),Not stated on the page I opened,US (Apex Clearing Corporation is a FINRA/SEC broker-dealer),Not verified from an opened source. Search snippets mention a $450M PIPE in 2021 and a minority investment from State Street Global Advisors in Sept 2025,migration,"Markets AscendOS as cloud-native custody and clearing that no longer relies on overnight batch processing, for fintechs, broker-dealers and wealth firms. No account count on the page",https://apexfintechsolutions.com/products/wealth-management/apex-direct-brokerage-as-a-service-with-cloud-native-tech/
capital-markets-trading-clearing,Tata Consultancy Services (TCS BaNCS / Commodity Derivatives Platform),"1968 (TCS). The product line is older; this is a large-vendor replacement, not a startup","Mumbai, India",Public company (not venture funded),migration,"Selected by MCX in Feb 2021 and went live in Oct 2023 as MCX's trading, risk, collateral and settlement platform, replacing 63 moons. MCX expects maintenance of about Rs 8-10 cr a year from year two, versus Rs 60-125 cr a quarter in 63 moons extension fees",https://www.businesstoday.in/markets/stocks/story/mcx-to-shift-to-new-trading-platform-on-october-3-shares-hit-52-week-high-400006-2023-09-28
port-terminal-operating-system,Portchain,2017,"Copenhagen, Denmark","$5M growth round (Feb 2024, Angular Ventures). Total funding was not confirmed in an opened source; snippets say over $10M.",overlay,"100 terminals signed up to Portchain Connect within two years, about 20% of world container terminal capacity. Hapag-Lloyd signed a five-year global agreement (seen in snippets).",https://smartmaritimenetwork.com/2024/02/20/portchain-raises-5m/
port-terminal-operating-system,Avlino,2013,"Holmdel, New Jersey, US","$8.6M (Series A, July 2022, Elevate Innovation Partners)",overlay,AiCON YardSight AI is live for RTG yard operations at ICTSI's Manila International Container Terminal (PH). Claims 1.3 to 1.5x asset productivity for a 1M TEU terminal. 58 employees.,https://tracxn.com/d/companies/avlino/__0NcWT9m47aCD4jJSjLLkQhZTK7_Dl3n0sNNRgtZNLls
port-terminal-operating-system,Loadmaster.ai,2023 (per Tracxn snippet). JV of Frontier Group and IT Partner Group.,"Rotterdam, Netherlands",No disclosed funding,overlay,"AI planning plug-ins (stowAI, stackAI, jobAI) on top of existing TOS. Launch customer Rotterdam Shortsea Terminals has been live since mid-2024.",https://loadmaster.ai/about-us/
port-terminal-operating-system,"ILCS (PT Integrasi Logistik Cipta Solusi), TOS Nusantara",TOS Nusantara developed in 2022 (ILCS is a Pelindo subsidiary),"Jakarta, Indonesia",State-owned (Pelindo group). No external funding.,migration,Rolled out to 14 Pelindo container terminal locations by July 2025 (Sorong was the 14th). It is standardising terminals across Pelindo's container subholding.,https://mimbarmaritim.com/2025/07/22/perkuat-digitalisasi-nasional-ilcs-dukung-implementasi-tos-nusantara-di-pelabuhan-sorong/
port-terminal-operating-system,"Octopi (Cetus Labs), acquired by Navis/Cargotec in March 2019",2015 (product launch),"Miami, US",Undisclosed. Acquired by Navis (Cargotec) in 2019.,greenfield,Cloud-native TOS for small container and mixed-cargo terminals. Live at 10 sites in 7 countries at acquisition.,https://www.kalmarglobal.com/news--insights/press_releases/2019/cargotecs-navis-acquires-octopi-a-terminal-operating-system-for-small-container-and-mixed-cargo-terminals
civil-registration-identity,"MOSIP (Modular Open Source Identity Platform, hosted at IIIT Bangalore)",Not stated in opened sources (Ethiopia engaged from 2019),"Bengaluru, India","Grant-funded nonprofit: US$16M Gates Foundation grant to IIIT-B (Oct 2021). Tata Trusts, Omidyar and NORAD also named in search results (not verified on opened pages)",greenfield,About 110M digital IDs registered across adopters by Mar 2024. The Philippines (PhilSys) had over 80M of those. Ethiopia and Morocco are also rolling out,https://www.biometricupdate.com/202403/ethiopia-morocco-philippines-explain-mosip-journeys-as-platform-registers-110m-digital-ids
civil-registration-identity,OpenCRVS,Not stated on opened page,Not stated on opened page,"Grant-funded digital public good. Funders listed: NORAD, Gates Foundation, Co-Develop. Amounts not disclosed",greenfield,Vetted digital public good that the project says deploys in weeks. Country deployments not listed on the homepage,https://www.opencrvs.org/
civil-registration-identity,TECH5,Not stated on opened page,Not stated on opened page,Undisclosed multi-million-euro growth round from Salica Investments (Jan 2026). Search results cite US$20.5M total raised (not verified on an opened page),greenfield,"T5-OmniTrust DPI platform deployed in Honduras, Papua New Guinea and Ethiopia in 2025",https://tech5.ai/tech5-receives-multi-million-euro-growth-funding-from-salica-investments/
civil-registration-identity,"LexisNexis Risk Solutions / VitalChek (VitalIQ, formerly DAVE)",DAVE product since 2005,US (RELX subsidiary),Corporate subsidiary; not venture-funded,migration,"16 US states (May 2024). Wisconsin is replacing Netsmart SVRIS with it (WAVE, US$4.5M, cloud-hosted, completion pushed to Dec 2026)",https://risk.lexisnexis.com/about-us/press-room/press-release/20240520-vitaliq
regulatory-prudential-reporting,Suade Labs,2014,London (offices in New York and Singapore),"Series A (2021), led by Glenn Hutchins with former Citi and Thomson Reuters CEOs. The amount is not given in the article opened; secondary profiles say about GBP 4.25m (~USD 5.7m).",greenfield,BoE BEEDS-accredited software house. Listed on the Federal Reserve's March 2025 report-preparation vendor list. Uses the open FIRE data standard. No customer count disclosed.,https://fintech.global/2021/11/17/ai-powered-regtech-suade-labs-collects-series-a/
regulatory-prudential-reporting,Datox AI,2024,UK,"Pre-seed, strategic investment, amount undisclosed (Feb 2025)",ai-service,Early stage. AI-driven SaaS that automates regulatory reporting for financial services firms. No customers disclosed.,https://fintech.global/2025/02/11/datox-ai-lands-strategic-funding-to-accelerate-ai-driven-regulatory-reporting/
regulatory-prudential-reporting,RegCentric (Reg360),2017,Australia,No disclosed external funding found,migration,"Sells Reg360 for D2A-to-APRA Connect migration (XML submissions, validation, sign-off workflow). Cites ADI, insurance and super clients; secondary snippet says 30+ direct customers.",https://www.regcentric.com/apra-connect-migration
regulatory-prudential-reporting,Regnology,2021 brand (Abacus lineage from 1993-94; owned by Nordic Capital),"Frankfurt, Germany (APAC HQ Singapore)","Private equity owned. Acquisitions include VERMEG AGILE (2024), Wolters Kluwer FRR (EV about EUR 450m, closed Dec 2025) and Moody's RegReporting & ALM (closed May 2026).",acquire,"2,500+ staff and clients in 100+ countries. Consolidating legacy engines onto a SaaS Reporting Hub and pitching 'straight-through reporting'.",https://www.regnology.net/en/resources/news/regnology-acquires-moodys-regulatory-and-alm-solutions/
regulatory-prudential-reporting,Workiva,2008 (first product 2010),"Ames, Iowa, US",Public (NYSE: WK),overlay,"6,600+ organizations overall. Markets cloud regulatory, statutory and Basel/insurance reporting to banks and insurers. No sector customer count disclosed.",https://www.sec.gov/Archives/edgar/data/1445305/000144530526000016/wk-20251231.htm
